#0 building with "default" instance using docker driver

#1 [internal] load build definition from Dockerfile
#1 transferring dockerfile: 6.74kB done
#1 DONE 0.0s

#2 [internal] load metadata for docker.io/library/ubuntu:18.04
#2 DONE 0.0s

#3 [internal] load .dockerignore
#3 transferring context: 2B done
#3 DONE 0.0s

#4 [ 1/16] FROM docker.io/library/ubuntu:18.04
#4 DONE 0.0s

#5 [internal] load build context
#5 transferring context: 8.34kB done
#5 DONE 0.0s

#6 [ 2/16] RUN apt-get update -qq && apt-get install -y --no-install-recommends         ca-certificates curl wget gnupg dirmngr lsb-release apt-transport-https         build-essential gfortran pkg-config make cmake         git subversion         python2.7 python2.7-dev libpython2.7-dev         exuberant-ctags sloccount graphviz doxygen astyle xsltproc         libgraphviz-dev libxml2-dev libxslt1-dev libcurl4-openssl-dev         libssl-dev libssh2-1-dev libyaml-dev libcairo2-dev libxt-dev         libhunspell-dev libpoppler-dev libpoppler-glib-dev libarchive13         libfontconfig1-dev libfreetype6-dev libpng-dev libjpeg-dev libtiff5-dev         zlib1g-dev libbz2-dev liblzma-dev libpcre3-dev         vim less procps net-tools iproute2 sudo unzip     && rm -rf /var/lib/apt/lists/*
#6 7.772 Reading package lists...
#6 9.117 Building dependency tree...
#6 9.306 Reading state information...
#6 9.517 procps is already the newest version (2:3.3.12-3ubuntu1.2).
#6 9.517 The following additional packages will be installed:
#6 9.517   adwaita-icon-theme binutils binutils-common binutils-x86-64-linux-gnu
#6 9.517   cmake-data cpp cpp-7 distro-info-data dpkg-dev fontconfig fontconfig-config
#6 9.517   fonts-dejavu-core g++ g++-7 gcc gcc-7 gcc-7-base gfortran-7
#6 9.517   gir1.2-freedesktop gir1.2-glib-2.0 gir1.2-harfbuzz-0.0 gir1.2-poppler-0.18
#6 9.517   git-man gnupg-l10n gnupg-utils gpg gpg-agent gpg-wks-client gpg-wks-server
#6 9.517   gpgconf gpgsm gtk-update-icon-cache hicolor-icon-theme humanity-icon-theme
#6 9.517   icu-devtools libann0 libapr1 libaprutil1 libasan4 libasn1-8-heimdal
#6 9.517   libassuan0 libatk1.0-0 libatk1.0-data libatomic1 libavahi-client3
#6 9.517   libavahi-common-data libavahi-common3 libbinutils libbsd0 libc-dev-bin
#6 9.517   libc6-dev libcairo-gobject2 libcairo-script-interpreter2 libcairo2 libcc1-0
#6 9.517   libcdt5 libcgraph6 libcilkrts5 libclang1-6.0 libcroco3 libcups2
#6 9.517   libcurl3-gnutls libcurl4 libdatrie1 libdbus-1-3 libdpkg-perl libedit2
#6 9.517   libelf1 liberror-perl libexpat1 libexpat1-dev libfontconfig1 libfreetype6
#6 9.517   libgcc-7-dev libgcrypt20-dev libgd3 libgdbm-compat4 libgdbm5
#6 9.517   libgdk-pixbuf2.0-0 libgdk-pixbuf2.0-common libgfortran-7-dev libgfortran4
#6 9.517   libgirepository-1.0-1 libglib2.0-0 libglib2.0-bin libglib2.0-data
#6 9.517   libglib2.0-dev libglib2.0-dev-bin libgomp1 libgpg-error-dev libgpm2
#6 9.517   libgraphite2-3 libgraphite2-dev libgssapi-krb5-2 libgssapi3-heimdal
#6 9.517   libgtk2.0-0 libgtk2.0-common libgts-0.7-5 libgvc6 libgvc6-plugins-gtk
#6 9.517   libgvpr2 libharfbuzz-dev libharfbuzz-gobject0 libharfbuzz-icu0 libharfbuzz0b
#6 9.517   libhcrypto4-heimdal libheimbase1-heimdal libheimntlm0-heimdal
#6 9.517   libhunspell-1.6-0 libhx509-5-heimdal libice-dev libice6 libicu-dev
#6 9.517   libicu-le-hb-dev libicu-le-hb0 libicu60 libiculx60 libisl19 libitm1
#6 9.517   libjbig-dev libjbig0 libjpeg-turbo8 libjpeg-turbo8-dev libjpeg8 libjpeg8-dev
#6 9.517   libjsoncpp1 libk5crypto3 libkeyutils1 libkrb5-26-heimdal libkrb5-3
#6 9.517   libkrb5support0 libksba8 liblab-gamut1 liblcms2-2 libldap-2.4-2
#6 9.517   libldap-common libllvm6.0 liblsan0 libltdl7 liblzo2-2 libmnl0 libmpc3
#6 9.517   libmpdec2 libmpfr6 libmpx2 libnghttp2-14 libnpth0 libnspr4 libnss3
#6 9.517   libpango-1.0-0 libpangocairo-1.0-0 libpangoft2-1.0-0 libpathplan4
#6 9.517   libpcre16-3 libpcre32-3 libpcrecpp0v5 libperl5.26 libpixman-1-0
#6 9.517   libpixman-1-dev libpng16-16 libpoppler-glib8 libpoppler73 libpsl5
#6 9.517   libpthread-stubs0-dev libpython2.7 libpython2.7-minimal libpython2.7-stdlib
#6 9.517   libpython3-stdlib libpython3.6 libpython3.6-minimal libpython3.6-stdlib
#6 9.517   libquadmath0 libreadline7 librhash0 libroken18-heimdal librsvg2-2
#6 9.517   librsvg2-common librtmp1 libsasl2-2 libsasl2-modules-db libserf-1-1
#6 9.517   libsm-dev libsm6 libsqlite3-0 libssh2-1 libssl1.1 libstdc++-7-dev libsvn1
#6 9.517   libthai-data libthai0 libtiff5 libtiffxx5 libtsan0 libubsan0 libuv1 libwebp6
#6 9.517   libwind0-heimdal libx11-6 libx11-data libx11-dev libxapian30 libxau-dev
#6 9.517   libxau6 libxaw7 libxcb-render0 libxcb-render0-dev libxcb-shm0
#6 9.517   libxcb-shm0-dev libxcb1 libxcb1-dev libxcomposite1 libxcursor1 libxdamage1
#6 9.517   libxdmcp-dev libxdmcp6 libxdot4 libxext-dev libxext6 libxfixes3 libxi6
#6 9.517   libxinerama1 libxml2 libxmu6 libxpm4 libxrandr2 libxrender-dev libxrender1
#6 9.518   libxslt1.1 libxt6 libyaml-0-2 linux-libc-dev mime-support multiarch-support
#6 9.518   openssl patch perl perl-modules-5.26 pinentry-curses python2.7-minimal
#6 9.518   python3 python3-distutils python3-lib2to3 python3-minimal python3.6
#6 9.518   python3.6-minimal readline-common shared-mime-info ubuntu-mono ucf
#6 9.518   vim-common vim-runtime x11-common x11proto-core-dev x11proto-dev
#6 9.518   x11proto-xext-dev xorg-sgml-doctools xtrans-dev xxd xz-utils
#6 9.520 Suggested packages:
#6 9.520   xdg-utils binutils-doc cmake-doc ninja-build cpp-doc gcc-7-locales
#6 9.520   dbus-user-session libpam-systemd pinentry-gnome3 tor doxygen-latex
#6 9.520   doxygen-doc doxygen-gui debian-keyring g++-multilib g++-7-multilib gcc-7-doc
#6 9.520   libstdc++6-7-dbg gcc-multilib manpages-dev autoconf automake libtool flex
#6 9.520   bison gdb gcc-doc gcc-7-multilib libgcc1-dbg libgomp1-dbg libitm1-dbg
#6 9.520   libatomic1-dbg libasan4-dbg liblsan0-dbg libtsan0-dbg libubsan0-dbg
#6 9.520   libcilkrts5-dbg libmpx2-dbg libquadmath0-dbg gfortran-multilib gfortran-doc
#6 9.520   gfortran-7-multilib gfortran-7-doc libgfortran4-dbg libcoarrays-dev
#6 9.520   gettext-base git-daemon-run | git-daemon-sysvinit git-doc git-el git-email
#6 9.520   git-gui gitk gitweb git-cvs git-mediawiki git-svn parcimonie xloadimage
#6 9.520   scdaemon gsfonts graphviz-doc iproute2-doc lrzip glibc-doc libcairo2-doc
#6 9.520   cups-common libcurl4-doc libidn11-dev libkrb5-dev libldap2-dev librtmp-dev
#6 9.520   bzr libgcrypt20-doc libgd-tools gdbm-l10n libglib2.0-doc gpm
#6 9.520   libgraphite2-utils krb5-doc krb5-user gvfs libice-doc icu-doc liblcms2-utils
#6 9.520   liblzma-doc libpoppler-glib-doc librsvg2-bin libsm-doc libssl-doc
#6 9.520   libstdc++-7-doc xapian-tools libxcb-doc libxext-doc libxt-doc libyaml-doc
#6 9.520   lsb make-doc ed diffutils-doc perl-doc libterm-readline-gnu-perl
#6 9.520   | libterm-readline-perl-perl pinentry-doc python2.7-doc binfmt-support
#6 9.520   python3-doc python3-tk python3-venv python3.6-venv python3.6-doc
#6 9.520   readline-doc doc-base db5.3-util libapache2-mod-svn subversion-tools zip
#6 9.520   vim-doc vim-scripts
#6 9.520 Recommended packages:
#6 9.520   fakeroot libalgorithm-merge-perl ssh-client fonts-liberation libatm1
#6 9.520   libxtables12 bzip2-doc manpages manpages-dev dbus libfile-fcntllock-perl
#6 9.520   liblocale-gettext-perl libgdk-pixbuf2.0-bin xdg-user-dirs libgail-common
#6 9.520   libgtk2.0-bin libgts-bin hunspell-en-us | hunspell-dictionary
#6 9.520   | myspell-dictionary krb5-locales libpng-tools poppler-data publicsuffix
#6 9.520   libsasl2-modules libx11-doc file netbase
#6 10.34 The following NEW packages will be installed:
#6 10.34   adwaita-icon-theme apt-transport-https astyle binutils binutils-common
#6 10.34   binutils-x86-64-linux-gnu build-essential ca-certificates cmake cmake-data
#6 10.34   cpp cpp-7 curl dirmngr distro-info-data doxygen dpkg-dev exuberant-ctags
#6 10.34   fontconfig fontconfig-config fonts-dejavu-core g++ g++-7 gcc gcc-7
#6 10.34   gcc-7-base gfortran gfortran-7 gir1.2-freedesktop gir1.2-glib-2.0
#6 10.34   gir1.2-harfbuzz-0.0 gir1.2-poppler-0.18 git git-man gnupg gnupg-l10n
#6 10.34   gnupg-utils gpg gpg-agent gpg-wks-client gpg-wks-server gpgconf gpgsm
#6 10.34   graphviz gtk-update-icon-cache hicolor-icon-theme humanity-icon-theme
#6 10.34   icu-devtools iproute2 less libann0 libapr1 libaprutil1 libarchive13 libasan4
#6 10.34   libasn1-8-heimdal libassuan0 libatk1.0-0 libatk1.0-data libatomic1
#6 10.34   libavahi-client3 libavahi-common-data libavahi-common3 libbinutils libbsd0
#6 10.34   libbz2-dev libc-dev-bin libc6-dev libcairo-gobject2
#6 10.34   libcairo-script-interpreter2 libcairo2 libcairo2-dev libcc1-0 libcdt5
#6 10.34   libcgraph6 libcilkrts5 libclang1-6.0 libcroco3 libcups2 libcurl3-gnutls
#6 10.34   libcurl4 libcurl4-openssl-dev libdatrie1 libdbus-1-3 libdpkg-perl libedit2
#6 10.34   libelf1 liberror-perl libexpat1 libexpat1-dev libfontconfig1
#6 10.34   libfontconfig1-dev libfreetype6 libfreetype6-dev libgcc-7-dev
#6 10.34   libgcrypt20-dev libgd3 libgdbm-compat4 libgdbm5 libgdk-pixbuf2.0-0
#6 10.34   libgdk-pixbuf2.0-common libgfortran-7-dev libgfortran4 libgirepository-1.0-1
#6 10.34   libglib2.0-0 libglib2.0-bin libglib2.0-data libglib2.0-dev
#6 10.34   libglib2.0-dev-bin libgomp1 libgpg-error-dev libgpm2 libgraphite2-3
#6 10.34   libgraphite2-dev libgraphviz-dev libgssapi-krb5-2 libgssapi3-heimdal
#6 10.34   libgtk2.0-0 libgtk2.0-common libgts-0.7-5 libgvc6 libgvc6-plugins-gtk
#6 10.34   libgvpr2 libharfbuzz-dev libharfbuzz-gobject0 libharfbuzz-icu0 libharfbuzz0b
#6 10.34   libhcrypto4-heimdal libheimbase1-heimdal libheimntlm0-heimdal
#6 10.34   libhunspell-1.6-0 libhunspell-dev libhx509-5-heimdal libice-dev libice6
#6 10.34   libicu-dev libicu-le-hb-dev libicu-le-hb0 libicu60 libiculx60 libisl19
#6 10.34   libitm1 libjbig-dev libjbig0 libjpeg-dev libjpeg-turbo8 libjpeg-turbo8-dev
#6 10.34   libjpeg8 libjpeg8-dev libjsoncpp1 libk5crypto3 libkeyutils1
#6 10.34   libkrb5-26-heimdal libkrb5-3 libkrb5support0 libksba8 liblab-gamut1
#6 10.34   liblcms2-2 libldap-2.4-2 libldap-common libllvm6.0 liblsan0 libltdl7
#6 10.34   liblzma-dev liblzo2-2 libmnl0 libmpc3 libmpdec2 libmpfr6 libmpx2
#6 10.34   libnghttp2-14 libnpth0 libnspr4 libnss3 libpango-1.0-0 libpangocairo-1.0-0
#6 10.34   libpangoft2-1.0-0 libpathplan4 libpcre16-3 libpcre3-dev libpcre32-3
#6 10.34   libpcrecpp0v5 libperl5.26 libpixman-1-0 libpixman-1-dev libpng-dev
#6 10.34   libpng16-16 libpoppler-dev libpoppler-glib-dev libpoppler-glib8 libpoppler73
#6 10.34   libpsl5 libpthread-stubs0-dev libpython2.7 libpython2.7-dev
#6 10.34   libpython2.7-minimal libpython2.7-stdlib libpython3-stdlib libpython3.6
#6 10.34   libpython3.6-minimal libpython3.6-stdlib libquadmath0 libreadline7 librhash0
#6 10.34   libroken18-heimdal librsvg2-2 librsvg2-common librtmp1 libsasl2-2
#6 10.34   libsasl2-modules-db libserf-1-1 libsm-dev libsm6 libsqlite3-0 libssh2-1
#6 10.34   libssh2-1-dev libssl-dev libssl1.1 libstdc++-7-dev libsvn1 libthai-data
#6 10.34   libthai0 libtiff5 libtiff5-dev libtiffxx5 libtsan0 libubsan0 libuv1 libwebp6
#6 10.34   libwind0-heimdal libx11-6 libx11-data libx11-dev libxapian30 libxau-dev
#6 10.34   libxau6 libxaw7 libxcb-render0 libxcb-render0-dev libxcb-shm0
#6 10.34   libxcb-shm0-dev libxcb1 libxcb1-dev libxcomposite1 libxcursor1 libxdamage1
#6 10.34   libxdmcp-dev libxdmcp6 libxdot4 libxext-dev libxext6 libxfixes3 libxi6
#6 10.34   libxinerama1 libxml2 libxml2-dev libxmu6 libxpm4 libxrandr2 libxrender-dev
#6 10.34   libxrender1 libxslt1-dev libxslt1.1 libxt-dev libxt6 libyaml-0-2 libyaml-dev
#6 10.34   linux-libc-dev lsb-release make mime-support multiarch-support net-tools
#6 10.34   openssl patch perl perl-modules-5.26 pinentry-curses pkg-config python2.7
#6 10.34   python2.7-dev python2.7-minimal python3 python3-distutils python3-lib2to3
#6 10.34   python3-minimal python3.6 python3.6-minimal readline-common shared-mime-info
#6 10.34   sloccount subversion sudo ubuntu-mono ucf unzip vim vim-common vim-runtime
#6 10.34   wget x11-common x11proto-core-dev x11proto-dev x11proto-xext-dev
#6 10.34   xorg-sgml-doctools xsltproc xtrans-dev xxd xz-utils zlib1g-dev
#6 11.02 0 upgraded, 310 newly installed, 0 to remove and 1 not upgraded.
#6 11.02 Need to get 203 MB of archives.
#6 11.02 After this operation, 792 MB of additional disk space will be used.
#6 11.02 Get:1 http://archive.ubuntu.com/ubuntu bionic-updates/main amd64 libssl1.1 amd64 1.1.1-1ubuntu2.1~18.04.23 [1303 kB]
#6 13.10 Get:2 http://archive.ubuntu.com/ubuntu bionic-updates/main amd64 libpython3.6-minimal amd64 3.6.9-1~18.04ubuntu1.12 [533 kB]
#6 13.17 Get:3 http://archive.ubuntu.com/ubuntu bionic-updates/main amd64 libexpat1 amd64 2.2.5-3ubuntu0.9 [82.8 kB]
#6 13.19 Get:4 http://archive.ubuntu.com/ubuntu bionic-updates/main amd64 python3.6-minimal amd64 3.6.9-1~18.04ubuntu1.12 [1609 kB]
#6 13.57 Get:5 http://archive.ubuntu.com/ubuntu bionic-updates/main amd64 python3-minimal amd64 3.6.7-1~18.04 [23.7 kB]
#6 13.57 Get:6 http://archive.ubuntu.com/ubuntu bionic/main amd64 mime-support all 3.60ubuntu1 [30.1 kB]
#6 13.57 Get:7 http://archive.ubuntu.com/ubuntu bionic/main amd64 libmpdec2 amd64 2.4.2-1ubuntu1 [84.1 kB]
#6 13.57 Get:8 http://archive.ubuntu.com/ubuntu bionic/main amd64 readline-common all 7.0-3 [52.9 kB]
#6 13.58 Get:9 http://archive.ubuntu.com/ubuntu bionic/main amd64 libreadline7 amd64 7.0-3 [124 kB]
#6 13.58 Get:10 http://archive.ubuntu.com/ubuntu bionic-updates/main amd64 libsqlite3-0 amd64 3.22.0-1ubuntu0.7 [499 kB]
#6 13.59 Get:11 http://archive.ubuntu.com/ubuntu bionic-updates/main amd64 libpython3.6-stdlib amd64 3.6.9-1~18.04ubuntu1.12 [1713 kB]
#6 13.88 Get:12 http://archive.ubuntu.com/ubuntu bionic-updates/main amd64 python3.6 amd64 3.6.9-1~18.04ubuntu1.12 [203 kB]
#6 13.89 Get:13 http://archive.ubuntu.com/ubuntu bionic-updates/main amd64 libpython3-stdlib amd64 3.6.7-1~18.04 [7240 B]
#6 13.89 Get:14 http://archive.ubuntu.com/ubuntu bionic-updates/main amd64 python3 amd64 3.6.7-1~18.04 [47.2 kB]
#6 13.89 Get:15 http://archive.ubuntu.com/ubuntu bionic-updates/main amd64 multiarch-support amd64 2.27-3ubuntu1.6 [6960 B]
#6 13.89 Get:16 http://archive.ubuntu.com/ubuntu bionic-updates/main amd64 libxau6 amd64 1:1.0.8-1ubuntu1 [7556 B]
#6 13.89 Get:17 http://archive.ubuntu.com/ubuntu bionic-updates/main amd64 libbsd0 amd64 0.8.7-1ubuntu0.1 [41.6 kB]
#6 13.89 Get:18 http://archive.ubuntu.com/ubuntu bionic/main amd64 libxdmcp6 amd64 1:1.1.2-3 [10.7 kB]
#6 13.89 Get:19 http://archive.ubuntu.com/ubuntu bionic-updates/main amd64 libxcb1 amd64 1.13-2~ubuntu18.04 [45.5 kB]
#6 14.09 Get:20 http://archive.ubuntu.com/ubuntu bionic-updates/main amd64 libx11-data all 2:1.6.4-3ubuntu0.4 [114 kB]
#6 14.32 Get:21 http://archive.ubuntu.com/ubuntu bionic-updates/main amd64 libx11-6 amd64 2:1.6.4-3ubuntu0.4 [572 kB]
#6 14.35 Get:22 http://archive.ubuntu.com/ubuntu bionic/main amd64 libxext6 amd64 2:1.3.3-1 [29.4 kB]
#6 14.35 Get:23 http://archive.ubuntu.com/ubuntu bionic-updates/main amd64 libpng16-16 amd64 1.6.34-1ubuntu0.18.04.2 [176 kB]
#6 14.35 Get:24 http://archive.ubuntu.com/ubuntu bionic-updates/main amd64 libfreetype6 amd64 2.8.1-2ubuntu2.2 [335 kB]
#6 14.37 Get:25 http://archive.ubuntu.com/ubuntu bionic/main amd64 ucf all 3.0038 [50.5 kB]
#6 14.37 Get:26 http://archive.ubuntu.com/ubuntu bionic/main amd64 fonts-dejavu-core all 2.37-1 [1041 kB]
#6 14.41 Get:27 http://archive.ubuntu.com/ubuntu bionic/main amd64 fontconfig-config all 2.12.6-0ubuntu2 [55.8 kB]
#6 14.41 Get:28 http://archive.ubuntu.com/ubuntu bionic/main amd64 libfontconfig1 amd64 2.12.6-0ubuntu2 [137 kB]
#6 14.43 Get:29 http://archive.ubuntu.com/ubuntu bionic/main amd64 fontconfig amd64 2.12.6-0ubuntu2 [169 kB]
#6 14.56 Get:30 http://archive.ubuntu.com/ubuntu bionic-updates/main amd64 libjpeg-turbo8 amd64 1.5.2-0ubuntu5.18.04.6 [111 kB]
#6 14.79 Get:31 http://archive.ubuntu.com/ubuntu bionic/main amd64 liblzo2-2 amd64 2.08-1.2 [48.7 kB]
#6 14.80 Get:32 http://archive.ubuntu.com/ubuntu bionic-updates/main amd64 x11-common all 1:7.7+19ubuntu7.1 [22.5 kB]
#6 14.80 Get:33 http://archive.ubuntu.com/ubuntu bionic-updates/main amd64 libice6 amd64 2:1.0.9-2ubuntu0.18.04.1 [40.7 kB]
#6 14.80 Get:34 http://archive.ubuntu.com/ubuntu bionic/main amd64 libsm6 amd64 2:1.2.2-1 [15.8 kB]
#6 14.80 Get:35 http://archive.ubuntu.com/ubuntu bionic/main amd64 libxinerama1 amd64 2:1.1.3-1 [7908 B]
#6 14.80 Get:36 http://archive.ubuntu.com/ubuntu bionic-updates/main amd64 perl-modules-5.26 all 5.26.1-6ubuntu0.7 [2764 kB]
#6 14.90 Get:37 http://archive.ubuntu.com/ubuntu bionic/main amd64 libgdbm5 amd64 1.14.1-6 [26.0 kB]
#6 14.90 Get:38 http://archive.ubuntu.com/ubuntu bionic/main amd64 libgdbm-compat4 amd64 1.14.1-6 [6084 B]
#6 14.90 Get:39 http://archive.ubuntu.com/ubuntu bionic-updates/main amd64 libperl5.26 amd64 5.26.1-6ubuntu0.7 [3532 kB]
#6 15.03 Get:40 http://archive.ubuntu.com/ubuntu bionic-updates/main amd64 perl amd64 5.26.1-6ubuntu0.7 [201 kB]
#6 15.27 Get:41 http://archive.ubuntu.com/ubuntu bionic-updates/main amd64 libpython2.7-minimal amd64 2.7.17-1~18.04ubuntu1.11 [335 kB]
#6 15.29 Get:42 http://archive.ubuntu.com/ubuntu bionic-updates/main amd64 python2.7-minimal amd64 2.7.17-1~18.04ubuntu1.11 [1294 kB]
#6 15.37 Get:43 http://archive.ubuntu.com/ubuntu bionic-updates/main amd64 openssl amd64 1.1.1-1ubuntu2.1~18.04.23 [614 kB]
#6 15.39 Get:44 http://archive.ubuntu.com/ubuntu bionic-updates/main amd64 ca-certificates all 20230311ubuntu0.18.04.1 [151 kB]
#6 15.39 Get:45 http://archive.ubuntu.com/ubuntu bionic-updates/main amd64 distro-info-data all 0.37ubuntu0.21 [5204 B]
#6 15.39 Get:46 http://archive.ubuntu.com/ubuntu bionic-updates/main amd64 libglib2.0-0 amd64 2.56.4-0ubuntu0.18.04.9 [1169 kB]
#6 15.44 Get:47 http://archive.ubuntu.com/ubuntu bionic/main amd64 libgirepository-1.0-1 amd64 1.56.1-1 [82.0 kB]
#6 15.45 Get:48 http://archive.ubuntu.com/ubuntu bionic/main amd64 gir1.2-glib-2.0 amd64 1.56.1-1 [131 kB]
#6 15.51 Get:49 http://archive.ubuntu.com/ubuntu bionic-updates/main amd64 libelf1 amd64 0.170-0.4ubuntu0.1 [44.8 kB]
#6 15.52 Get:50 http://archive.ubuntu.com/ubuntu bionic/main amd64 libmnl0 amd64 1.0.4-2 [12.3 kB]
#6 15.79 Get:51 http://archive.ubuntu.com/ubuntu bionic-updates/main amd64 iproute2 amd64 4.15.0-2ubuntu1.3 [721 kB]
#6 15.87 Get:52 http://archive.ubuntu.com/ubuntu bionic/main amd64 less amd64 487-0.1 [112 kB]
#6 15.87 Get:53 http://archive.ubuntu.com/ubuntu bionic-updates/main amd64 libdbus-1-3 amd64 1.12.2-1ubuntu1.4 [175 kB]
#6 15.88 Get:54 http://archive.ubuntu.com/ubuntu bionic-updates/main amd64 libglib2.0-data all 2.56.4-0ubuntu0.18.04.9 [4728 B]
#6 15.88 Get:55 http://archive.ubuntu.com/ubuntu bionic-updates/main amd64 libicu60 amd64 60.2-3ubuntu3.2 [8050 kB]
#6 16.19 Get:56 http://archive.ubuntu.com/ubuntu bionic-updates/main amd64 libxml2 amd64 2.9.4+dfsg1-6.1ubuntu1.9 [663 kB]
#6 16.20 Get:57 http://archive.ubuntu.com/ubuntu bionic/main amd64 libyaml-0-2 amd64 0.1.7-2ubuntu3 [47.2 kB]
#6 16.20 Get:58 http://archive.ubuntu.com/ubuntu bionic/main amd64 lsb-release all 9.20170808ubuntu1 [11.0 kB]
#6 16.20 Get:59 http://archive.ubuntu.com/ubuntu bionic/main amd64 shared-mime-info amd64 1.9-2 [426 kB]
#6 16.21 Get:60 http://archive.ubuntu.com/ubuntu bionic-updates/main amd64 sudo amd64 1.8.21p2-3ubuntu1.6 [430 kB]
#6 16.43 Get:61 http://archive.ubuntu.com/ubuntu bionic-updates/main amd64 xxd amd64 2:8.0.1453-1ubuntu1.13 [51.9 kB]
#6 16.43 Get:62 http://archive.ubuntu.com/ubuntu bionic-updates/main amd64 vim-common all 2:8.0.1453-1ubuntu1.13 [73.1 kB]
#6 16.43 Get:63 http://archive.ubuntu.com/ubuntu bionic-updates/main amd64 xz-utils amd64 5.2.2-1.3ubuntu0.1 [83.8 kB]
#6 16.43 Get:64 http://archive.ubuntu.com/ubuntu bionic/main amd64 libedit2 amd64 3.1-20170329-1 [76.9 kB]
#6 16.70 Get:65 http://archive.ubuntu.com/ubuntu bionic-updates/main amd64 libkrb5support0 amd64 1.16-2ubuntu0.4 [30.9 kB]
#6 16.70 Get:66 http://archive.ubuntu.com/ubuntu bionic-updates/main amd64 libk5crypto3 amd64 1.16-2ubuntu0.4 [85.3 kB]
#6 16.70 Get:67 http://archive.ubuntu.com/ubuntu bionic-updates/main amd64 libkeyutils1 amd64 1.5.9-9.2ubuntu2.1 [8764 B]
#6 16.70 Get:68 http://archive.ubuntu.com/ubuntu bionic-updates/main amd64 libkrb5-3 amd64 1.16-2ubuntu0.4 [278 kB]
#6 16.71 Get:69 http://archive.ubuntu.com/ubuntu bionic-updates/main amd64 libgssapi-krb5-2 amd64 1.16-2ubuntu0.4 [122 kB]
#6 16.71 Get:70 http://archive.ubuntu.com/ubuntu bionic/main amd64 libpsl5 amd64 0.19.1-5build1 [41.8 kB]
#6 16.94 Get:71 http://archive.ubuntu.com/ubuntu bionic-updates/main amd64 wget amd64 1.19.4-1ubuntu2.2 [316 kB]
#6 16.96 Get:72 http://archive.ubuntu.com/ubuntu bionic/main amd64 hicolor-icon-theme all 0.17-2 [9976 B]
#6 16.96 Get:73 http://archive.ubuntu.com/ubuntu bionic/main amd64 libjpeg8 amd64 8c-2ubuntu8 [2194 B]
#6 16.96 Get:74 http://archive.ubuntu.com/ubuntu bionic-updates/main amd64 libjbig0 amd64 2.1-3.1ubuntu0.18.04.1 [27.0 kB]
#6 17.21 Get:75 http://archive.ubuntu.com/ubuntu bionic-updates/main amd64 libtiff5 amd64 4.0.9-5ubuntu0.10 [154 kB]
#6 17.22 Get:76 http://archive.ubuntu.com/ubuntu bionic/main amd64 libgdk-pixbuf2.0-common all 2.36.11-2 [4536 B]
#6 17.22 Get:77 http://archive.ubuntu.com/ubuntu bionic/main amd64 libgdk-pixbuf2.0-0 amd64 2.36.11-2 [165 kB]
#6 17.23 Get:78 http://archive.ubuntu.com/ubuntu bionic-updates/main amd64 gtk-update-icon-cache amd64 3.22.30-1ubuntu4 [28.3 kB]
#6 17.23 Get:79 http://archive.ubuntu.com/ubuntu bionic-updates/main amd64 libpixman-1-0 amd64 0.34.0-2ubuntu0.1 [229 kB]
#6 17.25 Get:80 http://archive.ubuntu.com/ubuntu bionic-updates/main amd64 libxcb-render0 amd64 1.13-2~ubuntu18.04 [14.7 kB]
#6 17.49 Get:81 http://archive.ubuntu.com/ubuntu bionic-updates/main amd64 libxcb-shm0 amd64 1.13-2~ubuntu18.04 [5600 B]
#6 17.49 Get:82 http://archive.ubuntu.com/ubuntu bionic/main amd64 libxrender1 amd64 1:0.9.10-1 [18.7 kB]
#6 17.49 Get:83 http://archive.ubuntu.com/ubuntu bionic-updates/main amd64 libcairo2 amd64 1.15.10-2ubuntu0.1 [580 kB]
#6 17.54 Get:84 http://archive.ubuntu.com/ubuntu bionic/main amd64 libcroco3 amd64 0.6.12-2 [81.3 kB]
#6 17.77 Get:85 http://archive.ubuntu.com/ubuntu bionic/main amd64 libthai-data all 0.1.27-2 [133 kB]
#6 17.78 Get:86 http://archive.ubuntu.com/ubuntu bionic/main amd64 libdatrie1 amd64 0.2.10-7 [17.8 kB]
#6 17.78 Get:87 http://archive.ubuntu.com/ubuntu bionic/main amd64 libthai0 amd64 0.1.27-2 [18.0 kB]
#6 17.78 Get:88 http://archive.ubuntu.com/ubuntu bionic-updates/main amd64 libpango-1.0-0 amd64 1.40.14-1ubuntu0.1 [153 kB]
#6 17.78 Get:89 http://archive.ubuntu.com/ubuntu bionic/main amd64 libgraphite2-3 amd64 1.3.11-2 [78.7 kB]
#6 17.78 Get:90 http://archive.ubuntu.com/ubuntu bionic/main amd64 libharfbuzz0b amd64 1.7.2-1ubuntu1 [232 kB]
#6 18.03 Get:91 http://archive.ubuntu.com/ubuntu bionic-updates/main amd64 libpangoft2-1.0-0 amd64 1.40.14-1ubuntu0.1 [33.2 kB]
#6 18.05 Get:92 http://archive.ubuntu.com/ubuntu bionic-updates/main amd64 libpangocairo-1.0-0 amd64 1.40.14-1ubuntu0.1 [20.8 kB]
#6 18.05 Get:93 http://archive.ubuntu.com/ubuntu bionic-updates/main amd64 librsvg2-2 amd64 2.40.20-2ubuntu0.2 [98.6 kB]
#6 18.05 Get:94 http://archive.ubuntu.com/ubuntu bionic-updates/main amd64 librsvg2-common amd64 2.40.20-2ubuntu0.2 [5064 B]
#6 18.28 Get:95 http://archive.ubuntu.com/ubuntu bionic/main amd64 humanity-icon-theme all 0.6.15 [1250 kB]
#6 18.60 Get:96 http://archive.ubuntu.com/ubuntu bionic-updates/main amd64 ubuntu-mono all 16.10+18.04.20181005-0ubuntu1 [149 kB]
#6 18.60 Get:97 http://archive.ubuntu.com/ubuntu bionic/main amd64 adwaita-icon-theme all 3.28.0-1ubuntu1 [3306 kB]
#6 18.65 Get:98 http://archive.ubuntu.com/ubuntu bionic-updates/universe amd64 apt-transport-https all 1.6.17 [1692 B]
#6 18.65 Get:99 http://archive.ubuntu.com/ubuntu bionic/universe amd64 astyle amd64 3.1-1ubuntu2 [199 kB]
#6 18.66 Get:100 http://archive.ubuntu.com/ubuntu bionic-updates/main amd64 binutils-common amd64 2.30-21ubuntu1~18.04.9 [197 kB]
#6 18.66 Get:101 http://archive.ubuntu.com/ubuntu bionic-updates/main amd64 libbinutils amd64 2.30-21ubuntu1~18.04.9 [489 kB]
#6 19.06 Get:102 http://archive.ubuntu.com/ubuntu bionic-updates/main amd64 binutils-x86-64-linux-gnu amd64 2.30-21ubuntu1~18.04.9 [1839 kB]
#6 21.00 Get:103 http://archive.ubuntu.com/ubuntu bionic-updates/main amd64 binutils amd64 2.30-21ubuntu1~18.04.9 [3392 B]
#6 21.00 Get:104 http://archive.ubuntu.com/ubuntu bionic-updates/main amd64 libc-dev-bin amd64 2.27-3ubuntu1.6 [71.9 kB]
#6 21.00 Get:105 http://archive.ubuntu.com/ubuntu bionic-updates/main amd64 linux-libc-dev amd64 4.15.0-213.224 [983 kB]
#6 21.04 Get:106 http://archive.ubuntu.com/ubuntu bionic-updates/main amd64 libc6-dev amd64 2.27-3ubuntu1.6 [2587 kB]
#6 21.52 Get:107 http://archive.ubuntu.com/ubuntu bionic-updates/main amd64 gcc-7-base amd64 7.5.0-3ubuntu1~18.04 [18.3 kB]
#6 21.52 Get:108 http://archive.ubuntu.com/ubuntu bionic/main amd64 libisl19 amd64 0.19-1 [551 kB]
#6 21.54 Get:109 http://archive.ubuntu.com/ubuntu bionic/main amd64 libmpfr6 amd64 4.0.1-1 [243 kB]
#6 21.55 Get:110 http://archive.ubuntu.com/ubuntu bionic/main amd64 libmpc3 amd64 1.1.0-1 [40.8 kB]
#6 21.62 Get:111 http://archive.ubuntu.com/ubuntu bionic-updates/main amd64 cpp-7 amd64 7.5.0-3ubuntu1~18.04 [8591 kB]
#6 22.18 Get:112 http://archive.ubuntu.com/ubuntu bionic-updates/main amd64 cpp amd64 4:7.4.0-1ubuntu2.3 [27.7 kB]
#6 22.19 Get:113 http://archive.ubuntu.com/ubuntu bionic-updates/main amd64 libcc1-0 amd64 8.4.0-1ubuntu1~18.04 [39.4 kB]
#6 22.19 Get:114 http://archive.ubuntu.com/ubuntu bionic-updates/main amd64 libgomp1 amd64 8.4.0-1ubuntu1~18.04 [76.5 kB]
#6 22.19 Get:115 http://archive.ubuntu.com/ubuntu bionic-updates/main amd64 libitm1 amd64 8.4.0-1ubuntu1~18.04 [27.9 kB]
#6 22.19 Get:116 http://archive.ubuntu.com/ubuntu bionic-updates/main amd64 libatomic1 amd64 8.4.0-1ubuntu1~18.04 [9192 B]
#6 22.19 Get:117 http://archive.ubuntu.com/ubuntu bionic-updates/main amd64 libasan4 amd64 7.5.0-3ubuntu1~18.04 [358 kB]
#6 22.20 Get:118 http://archive.ubuntu.com/ubuntu bionic-updates/main amd64 liblsan0 amd64 8.4.0-1ubuntu1~18.04 [133 kB]
#6 22.20 Get:119 http://archive.ubuntu.com/ubuntu bionic-updates/main amd64 libtsan0 amd64 8.4.0-1ubuntu1~18.04 [288 kB]
#6 22.21 Get:120 http://archive.ubuntu.com/ubuntu bionic-updates/main amd64 libubsan0 amd64 7.5.0-3ubuntu1~18.04 [126 kB]
#6 22.39 Get:121 http://archive.ubuntu.com/ubuntu bionic-updates/main amd64 libcilkrts5 amd64 7.5.0-3ubuntu1~18.04 [42.5 kB]
#6 22.64 Get:122 http://archive.ubuntu.com/ubuntu bionic-updates/main amd64 libmpx2 amd64 8.4.0-1ubuntu1~18.04 [11.6 kB]
#6 22.64 Get:123 http://archive.ubuntu.com/ubuntu bionic-updates/main amd64 libquadmath0 amd64 8.4.0-1ubuntu1~18.04 [134 kB]
#6 22.64 Get:124 http://archive.ubuntu.com/ubuntu bionic-updates/main amd64 libgcc-7-dev amd64 7.5.0-3ubuntu1~18.04 [2378 kB]
#6 22.71 Get:125 http://archive.ubuntu.com/ubuntu bionic-updates/main amd64 gcc-7 amd64 7.5.0-3ubuntu1~18.04 [9381 kB]
#6 23.01 Get:126 http://archive.ubuntu.com/ubuntu bionic-updates/main amd64 gcc amd64 4:7.4.0-1ubuntu2.3 [5184 B]
#6 23.01 Get:127 http://archive.ubuntu.com/ubuntu bionic-updates/main amd64 libstdc++-7-dev amd64 7.5.0-3ubuntu1~18.04 [1471 kB]
#6 23.08 Get:128 http://archive.ubuntu.com/ubuntu bionic-updates/main amd64 g++-7 amd64 7.5.0-3ubuntu1~18.04 [9697 kB]
#6 23.65 Get:129 http://archive.ubuntu.com/ubuntu bionic-updates/main amd64 g++ amd64 4:7.4.0-1ubuntu2.3 [1568 B]
#6 23.65 Get:130 http://archive.ubuntu.com/ubuntu bionic/main amd64 make amd64 4.1-9.1ubuntu1 [154 kB]
#6 23.66 Get:131 http://archive.ubuntu.com/ubuntu bionic-updates/main amd64 libdpkg-perl all 1.19.0.5ubuntu2.4 [212 kB]
#6 23.81 Get:132 http://archive.ubuntu.com/ubuntu bionic-updates/main amd64 patch amd64 2.7.6-2ubuntu1.1 [102 kB]
#6 23.82 Get:133 http://archive.ubuntu.com/ubuntu bionic-updates/main amd64 dpkg-dev all 1.19.0.5ubuntu2.4 [607 kB]
#6 23.84 Get:134 http://archive.ubuntu.com/ubuntu bionic/main amd64 build-essential amd64 12.4ubuntu1 [4758 B]
#6 23.84 Get:135 http://archive.ubuntu.com/ubuntu bionic-updates/main amd64 cmake-data all 3.10.2-1ubuntu2.18.04.2 [1332 kB]
#6 23.88 Get:136 http://archive.ubuntu.com/ubuntu bionic-updates/main amd64 libarchive13 amd64 3.2.2-3.1ubuntu0.7 [288 kB]
#6 23.89 Get:137 http://archive.ubuntu.com/ubuntu bionic-updates/main amd64 libroken18-heimdal amd64 7.5.0+dfsg-1ubuntu0.4 [42.3 kB]
#6 24.08 Get:138 http://archive.ubuntu.com/ubuntu bionic-updates/main amd64 libasn1-8-heimdal amd64 7.5.0+dfsg-1ubuntu0.4 [175 kB]
#6 24.11 Get:139 http://archive.ubuntu.com/ubuntu bionic-updates/main amd64 libheimbase1-heimdal amd64 7.5.0+dfsg-1ubuntu0.4 [30.3 kB]
#6 24.11 Get:140 http://archive.ubuntu.com/ubuntu bionic-updates/main amd64 libhcrypto4-heimdal amd64 7.5.0+dfsg-1ubuntu0.4 [85.9 kB]
#6 24.11 Get:141 http://archive.ubuntu.com/ubuntu bionic-updates/main amd64 libwind0-heimdal amd64 7.5.0+dfsg-1ubuntu0.4 [48.0 kB]
#6 24.11 Get:142 http://archive.ubuntu.com/ubuntu bionic-updates/main amd64 libhx509-5-heimdal amd64 7.5.0+dfsg-1ubuntu0.4 [107 kB]
#6 24.38 Get:143 http://archive.ubuntu.com/ubuntu bionic-updates/main amd64 libkrb5-26-heimdal amd64 7.5.0+dfsg-1ubuntu0.4 [207 kB]
#6 24.39 Get:144 http://archive.ubuntu.com/ubuntu bionic-updates/main amd64 libheimntlm0-heimdal amd64 7.5.0+dfsg-1ubuntu0.4 [14.8 kB]
#6 24.39 Get:145 http://archive.ubuntu.com/ubuntu bionic-updates/main amd64 libgssapi3-heimdal amd64 7.5.0+dfsg-1ubuntu0.4 [96.7 kB]
#6 24.39 Get:146 http://archive.ubuntu.com/ubuntu bionic-updates/main amd64 libsasl2-modules-db amd64 2.1.27~101-g0780600+dfsg-3ubuntu2.4 [15.0 kB]
#6 24.39 Get:147 http://archive.ubuntu.com/ubuntu bionic-updates/main amd64 libsasl2-2 amd64 2.1.27~101-g0780600+dfsg-3ubuntu2.4 [49.2 kB]
#6 24.59 Get:148 http://archive.ubuntu.com/ubuntu bionic-updates/main amd64 libldap-common all 2.4.45+dfsg-1ubuntu1.11 [15.8 kB]
#6 24.60 Get:149 http://archive.ubuntu.com/ubuntu bionic-updates/main amd64 libldap-2.4-2 amd64 2.4.45+dfsg-1ubuntu1.11 [154 kB]
#6 24.61 Get:150 http://archive.ubuntu.com/ubuntu bionic/main amd64 libnghttp2-14 amd64 1.30.0-1ubuntu1 [77.8 kB]
#6 24.61 Get:151 http://archive.ubuntu.com/ubuntu bionic/main amd64 librtmp1 amd64 2.4+20151223.gitfa8646d.1-1 [54.2 kB]
#6 24.61 Get:152 http://archive.ubuntu.com/ubuntu bionic-updates/main amd64 libcurl4 amd64 7.58.0-2ubuntu3.24 [221 kB]
#6 24.82 Get:153 http://archive.ubuntu.com/ubuntu bionic/main amd64 libjsoncpp1 amd64 1.7.4-3 [73.6 kB]
#6 24.82 Get:154 http://archive.ubuntu.com/ubuntu bionic/main amd64 librhash0 amd64 1.3.6-2 [78.1 kB]
#6 24.87 Get:155 http://archive.ubuntu.com/ubuntu bionic/main amd64 libuv1 amd64 1.18.0-3 [64.4 kB]
#6 24.87 Get:156 http://archive.ubuntu.com/ubuntu bionic-updates/main amd64 cmake amd64 3.10.2-1ubuntu2.18.04.2 [3152 kB]
#6 25.13 Get:157 http://archive.ubuntu.com/ubuntu bionic-updates/main amd64 curl amd64 7.58.0-2ubuntu3.24 [159 kB]
#6 25.14 Get:158 http://archive.ubuntu.com/ubuntu bionic/main amd64 libassuan0 amd64 2.5.1-2 [35.0 kB]
#6 25.14 Get:159 http://archive.ubuntu.com/ubuntu bionic-updates/main amd64 gpgconf amd64 2.2.4-1ubuntu1.6 [124 kB]
#6 25.16 Get:160 http://archive.ubuntu.com/ubuntu bionic-updates/main amd64 libksba8 amd64 1.3.5-2ubuntu0.18.04.2 [94.6 kB]
#6 25.16 Get:161 http://archive.ubuntu.com/ubuntu bionic/main amd64 libnpth0 amd64 1.5-3 [7668 B]
#6 25.16 Get:162 http://archive.ubuntu.com/ubuntu bionic-updates/main amd64 dirmngr amd64 2.2.4-1ubuntu1.6 [317 kB]
#6 25.44 Get:163 http://archive.ubuntu.com/ubuntu bionic/main amd64 libllvm6.0 amd64 1:6.0-1ubuntu2 [14.5 MB]
#6 26.64 Get:164 http://archive.ubuntu.com/ubuntu bionic/main amd64 libclang1-6.0 amd64 1:6.0-1ubuntu2 [7067 kB]
#6 26.97 Get:165 http://archive.ubuntu.com/ubuntu bionic-updates/main amd64 libxapian30 amd64 1.4.5-1ubuntu0.1 [631 kB]
#6 27.07 Get:166 http://archive.ubuntu.com/ubuntu bionic/main amd64 doxygen amd64 1.8.13-10 [3880 kB]
#6 27.21 Get:167 http://archive.ubuntu.com/ubuntu bionic-updates/main amd64 exuberant-ctags amd64 1:5.9~svn20110310-11ubuntu0.1 [129 kB]
#6 27.21 Get:168 http://archive.ubuntu.com/ubuntu bionic-updates/main amd64 libgfortran4 amd64 7.5.0-3ubuntu1~18.04 [492 kB]
#6 27.26 Get:169 http://archive.ubuntu.com/ubuntu bionic-updates/main amd64 libgfortran-7-dev amd64 7.5.0-3ubuntu1~18.04 [530 kB]
#6 27.28 Get:170 http://archive.ubuntu.com/ubuntu bionic-updates/main amd64 gfortran-7 amd64 7.5.0-3ubuntu1~18.04 [9014 kB]
#6 27.59 Get:171 http://archive.ubuntu.com/ubuntu bionic-updates/main amd64 gfortran amd64 4:7.4.0-1ubuntu2.3 [1356 B]
#6 27.59 Get:172 http://archive.ubuntu.com/ubuntu bionic/main amd64 gir1.2-freedesktop amd64 1.56.1-1 [9080 B]
#6 27.59 Get:173 http://archive.ubuntu.com/ubuntu bionic/main amd64 gir1.2-harfbuzz-0.0 amd64 1.7.2-1ubuntu1 [18.6 kB]
#6 27.59 Get:174 http://archive.ubuntu.com/ubuntu bionic-updates/main amd64 liblcms2-2 amd64 2.9-1ubuntu0.1 [139 kB]
#6 27.63 Get:175 http://archive.ubuntu.com/ubuntu bionic/main amd64 libnspr4 amd64 2:4.18-1ubuntu1 [112 kB]
#6 27.64 Get:176 http://archive.ubuntu.com/ubuntu bionic-updates/main amd64 libnss3 amd64 2:3.35-2ubuntu2.16 [1220 kB]
#6 27.76 Get:177 http://archive.ubuntu.com/ubuntu bionic-updates/main amd64 libpoppler73 amd64 0.62.0-2ubuntu2.14 [800 kB]
#6 27.79 Get:178 http://archive.ubuntu.com/ubuntu bionic-updates/main amd64 libpoppler-glib8 amd64 0.62.0-2ubuntu2.14 [108 kB]
#6 27.79 Get:179 http://archive.ubuntu.com/ubuntu bionic-updates/main amd64 gir1.2-poppler-0.18 amd64 0.62.0-2ubuntu2.14 [18.5 kB]
#6 27.83 Get:180 http://archive.ubuntu.com/ubuntu bionic-updates/main amd64 libcurl3-gnutls amd64 7.58.0-2ubuntu3.24 [219 kB]
#6 27.85 Get:181 http://archive.ubuntu.com/ubuntu bionic/main amd64 liberror-perl all 0.17025-1 [22.8 kB]
#6 27.85 Get:182 http://archive.ubuntu.com/ubuntu bionic-updates/main amd64 git-man all 1:2.17.1-1ubuntu0.18 [804 kB]
#6 27.90 Get:183 http://archive.ubuntu.com/ubuntu bionic-updates/main amd64 git amd64 1:2.17.1-1ubuntu0.18 [3990 kB]
#6 28.08 Get:184 http://archive.ubuntu.com/ubuntu bionic-updates/main amd64 gnupg-l10n all 2.2.4-1ubuntu1.6 [50.1 kB]
#6 28.08 Get:185 http://archive.ubuntu.com/ubuntu bionic-updates/main amd64 gnupg-utils amd64 2.2.4-1ubuntu1.6 [128 kB]
#6 28.09 Get:186 http://archive.ubuntu.com/ubuntu bionic-updates/main amd64 gpg amd64 2.2.4-1ubuntu1.6 [468 kB]
#6 28.10 Get:187 http://archive.ubuntu.com/ubuntu bionic/main amd64 pinentry-curses amd64 1.1.0-1 [35.8 kB]
#6 28.10 Get:188 http://archive.ubuntu.com/ubuntu bionic-updates/main amd64 gpg-agent amd64 2.2.4-1ubuntu1.6 [227 kB]
#6 28.10 Get:189 http://archive.ubuntu.com/ubuntu bionic-updates/main amd64 gpg-wks-client amd64 2.2.4-1ubuntu1.6 [91.8 kB]
#6 28.28 Get:190 http://archive.ubuntu.com/ubuntu bionic-updates/main amd64 gpg-wks-server amd64 2.2.4-1ubuntu1.6 [85.0 kB]
#6 28.28 Get:191 http://archive.ubuntu.com/ubuntu bionic-updates/main amd64 gpgsm amd64 2.2.4-1ubuntu1.6 [215 kB]
#6 28.29 Get:192 http://archive.ubuntu.com/ubuntu bionic-updates/main amd64 gnupg amd64 2.2.4-1ubuntu1.6 [249 kB]
#6 28.58 Get:193 http://archive.ubuntu.com/ubuntu bionic/universe amd64 libann0 amd64 1.1.2+doc-6 [24.8 kB]
#6 28.58 Get:194 http://archive.ubuntu.com/ubuntu bionic/universe amd64 libcdt5 amd64 2.40.1-2 [19.6 kB]
#6 28.58 Get:195 http://archive.ubuntu.com/ubuntu bionic/universe amd64 libcgraph6 amd64 2.40.1-2 [40.8 kB]
#6 28.58 Get:196 http://archive.ubuntu.com/ubuntu bionic-updates/main amd64 libwebp6 amd64 0.6.1-2ubuntu0.18.04.2 [186 kB]
#6 28.58 Get:197 http://archive.ubuntu.com/ubuntu bionic-updates/main amd64 libxpm4 amd64 1:3.5.12-1ubuntu0.18.04.2 [34.8 kB]
#6 28.58 Get:198 http://archive.ubuntu.com/ubuntu bionic-updates/main amd64 libgd3 amd64 2.2.5-4ubuntu0.5 [119 kB]
#6 28.59 Get:199 http://archive.ubuntu.com/ubuntu bionic/universe amd64 libgts-0.7-5 amd64 0.7.6+darcs121130-4 [150 kB]
#6 28.81 Get:200 http://archive.ubuntu.com/ubuntu bionic/main amd64 libltdl7 amd64 2.4.6-2 [38.8 kB]
#6 28.81 Get:201 http://archive.ubuntu.com/ubuntu bionic/universe amd64 libpathplan4 amd64 2.40.1-2 [22.6 kB]
#6 28.81 Get:202 http://archive.ubuntu.com/ubuntu bionic/universe amd64 libgvc6 amd64 2.40.1-2 [601 kB]
#6 29.32 Get:203 http://archive.ubuntu.com/ubuntu bionic/universe amd64 libgvpr2 amd64 2.40.1-2 [169 kB]
#6 30.62 Get:204 http://archive.ubuntu.com/ubuntu bionic/universe amd64 liblab-gamut1 amd64 2.40.1-2 [178 kB]
#6 30.86 Get:205 http://archive.ubuntu.com/ubuntu bionic/main amd64 libxt6 amd64 1:1.1.5-1 [160 kB]
#6 31.06 Get:206 http://archive.ubuntu.com/ubuntu bionic/main amd64 libxmu6 amd64 2:1.1.2-2 [46.0 kB]
#6 31.11 Get:207 http://archive.ubuntu.com/ubuntu bionic/main amd64 libxaw7 amd64 2:1.0.13-1 [173 kB]
#6 31.20 Get:208 http://archive.ubuntu.com/ubuntu bionic/universe amd64 graphviz amd64 2.40.1-2 [601 kB]
#6 31.44 Get:209 http://archive.ubuntu.com/ubuntu bionic-updates/main amd64 icu-devtools amd64 60.2-3ubuntu3.2 [179 kB]
#6 31.52 Get:210 http://archive.ubuntu.com/ubuntu bionic/main amd64 libapr1 amd64 1.6.3-2 [90.9 kB]
#6 31.52 Get:211 http://archive.ubuntu.com/ubuntu bionic-updates/main amd64 libaprutil1 amd64 1.6.1-2ubuntu0.1 [84.6 kB]
#6 31.53 Get:212 http://archive.ubuntu.com/ubuntu bionic/main amd64 libatk1.0-data all 2.28.1-1 [2992 B]
#6 31.53 Get:213 http://archive.ubuntu.com/ubuntu bionic/main amd64 libatk1.0-0 amd64 2.28.1-1 [43.9 kB]
#6 31.54 Get:214 http://archive.ubuntu.com/ubuntu bionic-updates/main amd64 libavahi-common-data amd64 0.7-3.1ubuntu1.3 [22.2 kB]
#6 31.55 Get:215 http://archive.ubuntu.com/ubuntu bionic-updates/main amd64 libavahi-common3 amd64 0.7-3.1ubuntu1.3 [21.6 kB]
#6 31.62 Get:216 http://archive.ubuntu.com/ubuntu bionic-updates/main amd64 libavahi-client3 amd64 0.7-3.1ubuntu1.3 [25.2 kB]
#6 31.63 Get:217 http://archive.ubuntu.com/ubuntu bionic-updates/main amd64 libbz2-dev amd64 1.0.6-8.1ubuntu0.2 [30.0 kB]
#6 31.86 Get:218 http://archive.ubuntu.com/ubuntu bionic-updates/main amd64 libcairo-gobject2 amd64 1.15.10-2ubuntu0.1 [17.1 kB]
#6 31.86 Get:219 http://archive.ubuntu.com/ubuntu bionic-updates/main amd64 libcairo-script-interpreter2 amd64 1.15.10-2ubuntu0.1 [53.5 kB]
#6 31.87 Get:220 http://archive.ubuntu.com/ubuntu bionic-updates/main amd64 libexpat1-dev amd64 2.2.5-3ubuntu0.9 [124 kB]
#6 31.88 Get:221 http://archive.ubuntu.com/ubuntu bionic-updates/main amd64 zlib1g-dev amd64 1:1.2.11.dfsg-0ubuntu2.2 [176 kB]
#6 31.90 Get:222 http://archive.ubuntu.com/ubuntu bionic-updates/main amd64 libpng-dev amd64 1.6.34-1ubuntu0.18.04.2 [177 kB]
#6 31.91 Get:223 http://archive.ubuntu.com/ubuntu bionic-updates/main amd64 libfreetype6-dev amd64 2.8.1-2ubuntu2.2 [2539 kB]
#6 32.23 Get:224 http://archive.ubuntu.com/ubuntu bionic/main amd64 pkg-config amd64 0.29.1-0ubuntu2 [45.0 kB]
#6 32.24 Get:225 http://archive.ubuntu.com/ubuntu bionic/main amd64 libfontconfig1-dev amd64 2.12.6-0ubuntu2 [689 kB]
#6 32.30 Get:226 http://archive.ubuntu.com/ubuntu bionic/main amd64 xorg-sgml-doctools all 1:1.11-1 [12.9 kB]
#6 32.30 Get:227 http://archive.ubuntu.com/ubuntu bionic/main amd64 x11proto-dev all 2018.4-4 [251 kB]
#6 32.34 Get:228 http://archive.ubuntu.com/ubuntu bionic/main amd64 x11proto-core-dev all 2018.4-4 [2620 B]
#6 32.34 Get:229 http://archive.ubuntu.com/ubuntu bionic-updates/main amd64 libxau-dev amd64 1:1.0.8-1ubuntu1 [9476 B]
#6 32.34 Get:230 http://archive.ubuntu.com/ubuntu bionic/main amd64 libxdmcp-dev amd64 1:1.1.2-3 [25.1 kB]
#6 32.34 Get:231 http://archive.ubuntu.com/ubuntu bionic/main amd64 xtrans-dev all 1.3.5-1 [70.5 kB]
#6 32.34 Get:232 http://archive.ubuntu.com/ubuntu bionic/main amd64 libpthread-stubs0-dev amd64 0.3-4 [4068 B]
#6 32.68 Get:233 http://archive.ubuntu.com/ubuntu bionic-updates/main amd64 libxcb1-dev amd64 1.13-2~ubuntu18.04 [80.0 kB]
#6 32.69 Get:234 http://archive.ubuntu.com/ubuntu bionic-updates/main amd64 libx11-dev amd64 2:1.6.4-3ubuntu0.4 [641 kB]
#6 32.72 Get:235 http://archive.ubuntu.com/ubuntu bionic/main amd64 libxrender-dev amd64 1:0.9.10-1 [24.9 kB]
#6 32.72 Get:236 http://archive.ubuntu.com/ubuntu bionic/main amd64 x11proto-xext-dev all 2018.4-4 [2620 B]
#6 32.72 Get:237 http://archive.ubuntu.com/ubuntu bionic/main amd64 libxext-dev amd64 2:1.3.3-1 [82.1 kB]
#6 32.93 Get:238 http://archive.ubuntu.com/ubuntu bionic-updates/main amd64 libice-dev amd64 2:1.0.9-2ubuntu0.18.04.1 [47.2 kB]
#6 32.94 Get:239 http://archive.ubuntu.com/ubuntu bionic/main amd64 libsm-dev amd64 2:1.2.2-1 [16.2 kB]
#6 32.94 Get:240 http://archive.ubuntu.com/ubuntu bionic-updates/main amd64 libpixman-1-dev amd64 0.34.0-2ubuntu0.1 [244 kB]
#6 32.95 Get:241 http://archive.ubuntu.com/ubuntu bionic-updates/main amd64 libxcb-render0-dev amd64 1.13-2~ubuntu18.04 [18.4 kB]
#6 32.95 Get:242 http://archive.ubuntu.com/ubuntu bionic-updates/main amd64 libxcb-shm0-dev amd64 1.13-2~ubuntu18.04 [6684 B]
#6 33.17 Get:243 http://archive.ubuntu.com/ubuntu bionic-updates/main amd64 libglib2.0-bin amd64 2.56.4-0ubuntu0.18.04.9 [68.9 kB]
#6 33.17 Get:244 http://archive.ubuntu.com/ubuntu bionic-updates/main amd64 python3-lib2to3 all 3.6.9-1~18.04 [77.4 kB]
#6 33.17 Get:245 http://archive.ubuntu.com/ubuntu bionic-updates/main amd64 python3-distutils all 3.6.9-1~18.04 [144 kB]
#6 33.19 Get:246 http://archive.ubuntu.com/ubuntu bionic-updates/main amd64 libglib2.0-dev-bin amd64 2.56.4-0ubuntu0.18.04.9 [102 kB]
#6 33.20 Get:247 http://archive.ubuntu.com/ubuntu bionic-updates/main amd64 libpcre16-3 amd64 2:8.39-9ubuntu0.1 [147 kB]
#6 33.65 Get:248 http://archive.ubuntu.com/ubuntu bionic-updates/main amd64 libpcre32-3 amd64 2:8.39-9ubuntu0.1 [138 kB]
#6 33.66 Get:249 http://archive.ubuntu.com/ubuntu bionic-updates/main amd64 libpcrecpp0v5 amd64 2:8.39-9ubuntu0.1 [15.3 kB]
#6 33.66 Get:250 http://archive.ubuntu.com/ubuntu bionic-updates/main amd64 libpcre3-dev amd64 2:8.39-9ubuntu0.1 [536 kB]
#6 33.75 Get:251 http://archive.ubuntu.com/ubuntu bionic-updates/main amd64 libglib2.0-dev amd64 2.56.4-0ubuntu0.18.04.9 [1385 kB]
#6 33.83 Get:252 http://archive.ubuntu.com/ubuntu bionic-updates/main amd64 libcairo2-dev amd64 1.15.10-2ubuntu0.1 [626 kB]
#6 33.90 Get:253 http://archive.ubuntu.com/ubuntu bionic-updates/main amd64 libcups2 amd64 2.2.7-1ubuntu2.10 [211 kB]
#6 33.91 Get:254 http://archive.ubuntu.com/ubuntu bionic-updates/main amd64 libcurl4-openssl-dev amd64 7.58.0-2ubuntu3.24 [303 kB]
#6 33.94 Get:255 http://archive.ubuntu.com/ubuntu bionic/main amd64 libgpg-error-dev amd64 1.27-6 [94.8 kB]
#6 33.95 Get:256 http://archive.ubuntu.com/ubuntu bionic-updates/main amd64 libgcrypt20-dev amd64 1.8.1-4ubuntu1.3 [468 kB]
#6 34.04 Get:257 http://archive.ubuntu.com/ubuntu bionic/main amd64 libgpm2 amd64 1.20.7-5 [15.1 kB]
#6 34.14 Get:258 http://archive.ubuntu.com/ubuntu bionic/main amd64 libgraphite2-dev amd64 1.3.11-2 [14.5 kB]
#6 34.15 Get:259 http://archive.ubuntu.com/ubuntu bionic/universe amd64 libxdot4 amd64 2.40.1-2 [15.7 kB]
#6 34.15 Get:260 http://archive.ubuntu.com/ubuntu bionic/main amd64 libgtk2.0-common all 2.24.32-1ubuntu1 [125 kB]
#6 34.15 Get:261 http://archive.ubuntu.com/ubuntu bionic/main amd64 libxcomposite1 amd64 1:0.4.4-2 [6988 B]
#6 34.15 Get:262 http://archive.ubuntu.com/ubuntu bionic/main amd64 libxfixes3 amd64 1:5.0.3-1 [10.8 kB]
#6 34.38 Get:263 http://archive.ubuntu.com/ubuntu bionic/main amd64 libxcursor1 amd64 1:1.1.15-1 [19.8 kB]
#6 34.39 Get:264 http://archive.ubuntu.com/ubuntu bionic/main amd64 libxdamage1 amd64 1:1.1.4-3 [6934 B]
#6 34.39 Get:265 http://archive.ubuntu.com/ubuntu bionic/main amd64 libxi6 amd64 2:1.7.9-1 [29.2 kB]
#6 34.39 Get:266 http://archive.ubuntu.com/ubuntu bionic/main amd64 libxrandr2 amd64 2:1.5.1-1 [18.1 kB]
#6 34.39 Get:267 http://archive.ubuntu.com/ubuntu bionic/main amd64 libgtk2.0-0 amd64 2.24.32-1ubuntu1 [1769 kB]
#6 34.72 Get:268 http://archive.ubuntu.com/ubuntu bionic/universe amd64 libgvc6-plugins-gtk amd64 2.40.1-2 [18.2 kB]
#6 34.72 Get:269 http://archive.ubuntu.com/ubuntu bionic/universe amd64 libgraphviz-dev amd64 2.40.1-2 [57.3 kB]
#6 34.73 Get:270 http://archive.ubuntu.com/ubuntu bionic/main amd64 libharfbuzz-icu0 amd64 1.7.2-1ubuntu1 [5604 B]
#6 34.73 Get:271 http://archive.ubuntu.com/ubuntu bionic/main amd64 libharfbuzz-gobject0 amd64 1.7.2-1ubuntu1 [13.4 kB]
#6 34.73 Get:272 http://archive.ubuntu.com/ubuntu bionic/main amd64 libicu-le-hb0 amd64 1.0.3+git161113-4 [14.3 kB]
#6 34.97 Get:273 http://archive.ubuntu.com/ubuntu bionic-updates/main amd64 libiculx60 amd64 60.2-3ubuntu3.2 [19.0 kB]
#6 34.98 Get:274 http://archive.ubuntu.com/ubuntu bionic/main amd64 libicu-le-hb-dev amd64 1.0.3+git161113-4 [29.5 kB]
#6 34.98 Get:275 http://archive.ubuntu.com/ubuntu bionic-updates/main amd64 libicu-dev amd64 60.2-3ubuntu3.2 [8894 kB]
#6 35.56 Get:276 http://archive.ubuntu.com/ubuntu bionic/main amd64 libharfbuzz-dev amd64 1.7.2-1ubuntu1 [302 kB]
#6 35.58 Get:277 http://archive.ubuntu.com/ubuntu bionic/main amd64 libhunspell-1.6-0 amd64 1.6.2-1 [154 kB]
#6 35.59 Get:278 http://archive.ubuntu.com/ubuntu bionic/main amd64 libhunspell-dev amd64 1.6.2-1 [198 kB]
#6 35.61 Get:279 http://archive.ubuntu.com/ubuntu bionic-updates/main amd64 libjpeg-turbo8-dev amd64 1.5.2-0ubuntu5.18.04.6 [225 kB]
#6 35.61 Get:280 http://archive.ubuntu.com/ubuntu bionic/main amd64 libjpeg8-dev amd64 8c-2ubuntu8 [1552 B]
#6 35.61 Get:281 http://archive.ubuntu.com/ubuntu bionic/main amd64 libjpeg-dev amd64 8c-2ubuntu8 [1546 B]
#6 35.61 Get:282 http://archive.ubuntu.com/ubuntu bionic-updates/main amd64 libpoppler-dev amd64 0.62.0-2ubuntu2.14 [4616 B]
#6 35.69 Get:283 http://archive.ubuntu.com/ubuntu bionic-updates/main amd64 libpoppler-glib-dev amd64 0.62.0-2ubuntu2.14 [47.7 kB]
#6 35.70 Get:284 http://archive.ubuntu.com/ubuntu bionic-updates/main amd64 libpython2.7-stdlib amd64 2.7.17-1~18.04ubuntu1.11 [1919 kB]
#6 35.93 Get:285 http://archive.ubuntu.com/ubuntu bionic-updates/main amd64 libpython2.7 amd64 2.7.17-1~18.04ubuntu1.11 [1054 kB]
#6 36.07 Get:286 http://archive.ubuntu.com/ubuntu bionic-updates/main amd64 libpython2.7-dev amd64 2.7.17-1~18.04ubuntu1.11 [28.3 MB]
#6 37.98 Get:287 http://archive.ubuntu.com/ubuntu bionic-updates/main amd64 libpython3.6 amd64 3.6.9-1~18.04ubuntu1.12 [1414 kB]
#6 38.04 Get:288 http://archive.ubuntu.com/ubuntu bionic/universe amd64 libserf-1-1 amd64 1.3.9-6 [44.4 kB]
#6 38.04 Get:289 http://archive.ubuntu.com/ubuntu bionic-updates/universe amd64 libssh2-1 amd64 1.8.0-1ubuntu0.1 [73.1 kB]
#6 38.04 Get:290 http://archive.ubuntu.com/ubuntu bionic-updates/universe amd64 libssh2-1-dev amd64 1.8.0-1ubuntu0.1 [242 kB]
#6 38.05 Get:291 http://archive.ubuntu.com/ubuntu bionic-updates/main amd64 libssl-dev amd64 1.1.1-1ubuntu2.1~18.04.23 [1568 kB]
#6 38.11 Get:292 http://archive.ubuntu.com/ubuntu bionic-updates/universe amd64 libsvn1 amd64 1.9.7-4ubuntu1.1 [1181 kB]
#6 38.41 Get:293 http://archive.ubuntu.com/ubuntu bionic-updates/main amd64 libjbig-dev amd64 2.1-3.1ubuntu0.18.04.1 [25.3 kB]
#6 38.41 Get:294 http://archive.ubuntu.com/ubuntu bionic-updates/main amd64 liblzma-dev amd64 5.2.2-1.3ubuntu0.1 [145 kB]
#6 38.41 Get:295 http://archive.ubuntu.com/ubuntu bionic-updates/main amd64 libtiffxx5 amd64 4.0.9-5ubuntu0.10 [5804 B]
#6 38.41 Get:296 http://archive.ubuntu.com/ubuntu bionic-updates/main amd64 libtiff5-dev amd64 4.0.9-5ubuntu0.10 [275 kB]
#6 38.47 Get:297 http://archive.ubuntu.com/ubuntu bionic-updates/main amd64 libxml2-dev amd64 2.9.4+dfsg1-6.1ubuntu1.9 [757 kB]
#6 38.50 Get:298 http://archive.ubuntu.com/ubuntu bionic-updates/main amd64 libxslt1.1 amd64 1.1.29-5ubuntu0.3 [150 kB]
#6 38.50 Get:299 http://archive.ubuntu.com/ubuntu bionic-updates/main amd64 libxslt1-dev amd64 1.1.29-5ubuntu0.3 [407 kB]
#6 38.64 Get:300 http://archive.ubuntu.com/ubuntu bionic/main amd64 libxt-dev amd64 1:1.1.5-1 [395 kB]
#6 38.67 Get:301 http://archive.ubuntu.com/ubuntu bionic/main amd64 net-tools amd64 1.60+git20161116.90da8a0-1ubuntu1 [194 kB]
#6 38.71 Get:302 http://archive.ubuntu.com/ubuntu bionic-updates/main amd64 python2.7 amd64 2.7.17-1~18.04ubuntu1.11 [248 kB]
#6 38.73 Get:303 http://archive.ubuntu.com/ubuntu bionic-updates/main amd64 python2.7-dev amd64 2.7.17-1~18.04ubuntu1.11 [285 kB]
#6 39.21 Get:304 http://archive.ubuntu.com/ubuntu bionic/universe amd64 sloccount amd64 2.26-5.2 [84.8 kB]
#6 40.17 Get:305 http://archive.ubuntu.com/ubuntu bionic-updates/universe amd64 subversion amd64 1.9.7-4ubuntu1.1 [834 kB]
#6 41.13 Get:306 http://archive.ubuntu.com/ubuntu bionic-updates/main amd64 unzip amd64 6.0-21ubuntu1.2 [168 kB]
#6 41.25 Get:307 http://archive.ubuntu.com/ubuntu bionic-updates/main amd64 vim-runtime all 2:8.0.1453-1ubuntu1.13 [5439 kB]
#6 42.43 Get:308 http://archive.ubuntu.com/ubuntu bionic-updates/main amd64 vim amd64 2:8.0.1453-1ubuntu1.13 [1156 kB]
#6 42.47 Get:309 http://archive.ubuntu.com/ubuntu bionic-updates/main amd64 xsltproc amd64 1.1.29-5ubuntu0.3 [14.0 kB]
#6 42.47 Get:310 http://archive.ubuntu.com/ubuntu bionic/main amd64 libyaml-dev amd64 0.1.7-2ubuntu3 [55.7 kB]
#6 42.66 debconf: delaying package configuration, since apt-utils is not installed
#6 42.69 Fetched 203 MB in 32s (6324 kB/s)
#6 42.72 Selecting previously unselected package libssl1.1:amd64.
#6 42.72 (Reading database ... (Reading database ... 5%(Reading database ... 10%(Reading database ... 15%(Reading database ... 20%(Reading database ... 25%(Reading database ... 30%(Reading database ... 35%(Reading database ... 40%(Reading database ... 45%(Reading database ... 50%(Reading database ... 55%(Reading database ... 60%(Reading database ... 65%(Reading database ... 70%(Reading database ... 75%(Reading database ... 80%(Reading database ... 85%(Reading database ... 90%(Reading database ... 95%(Reading database ... 100%(Reading database ... 4050 files and directories currently installed.)
#6 42.73 Preparing to unpack .../libssl1.1_1.1.1-1ubuntu2.1~18.04.23_amd64.deb ...
#6 42.73 Unpacking libssl1.1:amd64 (1.1.1-1ubuntu2.1~18.04.23) ...
#6 42.90 Selecting previously unselected package libpython3.6-minimal:amd64.
#6 42.90 Preparing to unpack .../libpython3.6-minimal_3.6.9-1~18.04ubuntu1.12_amd64.deb ...
#6 42.90 Unpacking libpython3.6-minimal:amd64 (3.6.9-1~18.04ubuntu1.12) ...
#6 43.01 Selecting previously unselected package libexpat1:amd64.
#6 43.01 Preparing to unpack .../libexpat1_2.2.5-3ubuntu0.9_amd64.deb ...
#6 43.01 Unpacking libexpat1:amd64 (2.2.5-3ubuntu0.9) ...
#6 43.05 Selecting previously unselected package python3.6-minimal.
#6 43.05 Preparing to unpack .../python3.6-minimal_3.6.9-1~18.04ubuntu1.12_amd64.deb ...
#6 43.06 Unpacking python3.6-minimal (3.6.9-1~18.04ubuntu1.12) ...
#6 43.29 Setting up libssl1.1:amd64 (1.1.1-1ubuntu2.1~18.04.23) ...
#6 43.38 Setting up libpython3.6-minimal:amd64 (3.6.9-1~18.04ubuntu1.12) ...
#6 43.39 Setting up libexpat1:amd64 (2.2.5-3ubuntu0.9) ...
#6 43.40 Setting up python3.6-minimal (3.6.9-1~18.04ubuntu1.12) ...
#6 43.91 Selecting previously unselected package python3-minimal.
#6 43.91 (Reading database ... (Reading database ... 5%(Reading database ... 10%(Reading database ... 15%(Reading database ... 20%(Reading database ... 25%(Reading database ... 30%(Reading database ... 35%(Reading database ... 40%(Reading database ... 45%(Reading database ... 50%(Reading database ... 55%(Reading database ... 60%(Reading database ... 65%(Reading database ... 70%(Reading database ... 75%(Reading database ... 80%(Reading database ... 85%(Reading database ... 90%(Reading database ... 95%(Reading database ... 100%(Reading database ... 4307 files and directories currently installed.)
#6 43.92 Preparing to unpack .../0-python3-minimal_3.6.7-1~18.04_amd64.deb ...
#6 43.92 Unpacking python3-minimal (3.6.7-1~18.04) ...
#6 43.96 Selecting previously unselected package mime-support.
#6 43.96 Preparing to unpack .../1-mime-support_3.60ubuntu1_all.deb ...
#6 43.96 Unpacking mime-support (3.60ubuntu1) ...
#6 43.99 Selecting previously unselected package libmpdec2:amd64.
#6 43.99 Preparing to unpack .../2-libmpdec2_2.4.2-1ubuntu1_amd64.deb ...
#6 43.99 Unpacking libmpdec2:amd64 (2.4.2-1ubuntu1) ...
#6 44.03 Selecting previously unselected package readline-common.
#6 44.03 Preparing to unpack .../3-readline-common_7.0-3_all.deb ...
#6 44.04 Unpacking readline-common (7.0-3) ...
#6 44.07 Selecting previously unselected package libreadline7:amd64.
#6 44.07 Preparing to unpack .../4-libreadline7_7.0-3_amd64.deb ...
#6 44.07 Unpacking libreadline7:amd64 (7.0-3) ...
#6 44.12 Selecting previously unselected package libsqlite3-0:amd64.
#6 44.12 Preparing to unpack .../5-libsqlite3-0_3.22.0-1ubuntu0.7_amd64.deb ...
#6 44.12 Unpacking libsqlite3-0:amd64 (3.22.0-1ubuntu0.7) ...
#6 44.21 Selecting previously unselected package libpython3.6-stdlib:amd64.
#6 44.21 Preparing to unpack .../6-libpython3.6-stdlib_3.6.9-1~18.04ubuntu1.12_amd64.deb ...
#6 44.21 Unpacking libpython3.6-stdlib:amd64 (3.6.9-1~18.04ubuntu1.12) ...
#6 44.44 Selecting previously unselected package python3.6.
#6 44.44 Preparing to unpack .../7-python3.6_3.6.9-1~18.04ubuntu1.12_amd64.deb ...
#6 44.44 Unpacking python3.6 (3.6.9-1~18.04ubuntu1.12) ...
#6 44.49 Selecting previously unselected package libpython3-stdlib:amd64.
#6 44.49 Preparing to unpack .../8-libpython3-stdlib_3.6.7-1~18.04_amd64.deb ...
#6 44.49 Unpacking libpython3-stdlib:amd64 (3.6.7-1~18.04) ...
#6 44.52 Setting up python3-minimal (3.6.7-1~18.04) ...
#6 44.77 Selecting previously unselected package python3.
#6 44.77 (Reading database ... (Reading database ... 5%(Reading database ... 10%(Reading database ... 15%(Reading database ... 20%(Reading database ... 25%(Reading database ... 30%(Reading database ... 35%(Reading database ... 40%(Reading database ... 45%(Reading database ... 50%(Reading database ... 55%(Reading database ... 60%(Reading database ... 65%(Reading database ... 70%(Reading database ... 75%(Reading database ... 80%(Reading database ... 85%(Reading database ... 90%(Reading database ... 95%(Reading database ... 100%(Reading database ... 4765 files and directories currently installed.)
#6 44.78 Preparing to unpack .../0-python3_3.6.7-1~18.04_amd64.deb ...
#6 44.79 Unpacking python3 (3.6.7-1~18.04) ...
#6 44.82 Selecting previously unselected package multiarch-support.
#6 44.82 Preparing to unpack .../1-multiarch-support_2.27-3ubuntu1.6_amd64.deb ...
#6 44.82 Unpacking multiarch-support (2.27-3ubuntu1.6) ...
#6 44.85 Selecting previously unselected package libxau6:amd64.
#6 44.85 Preparing to unpack .../2-libxau6_1%3a1.0.8-1ubuntu1_amd64.deb ...
#6 44.85 Unpacking libxau6:amd64 (1:1.0.8-1ubuntu1) ...
#6 44.88 Selecting previously unselected package libbsd0:amd64.
#6 44.88 Preparing to unpack .../3-libbsd0_0.8.7-1ubuntu0.1_amd64.deb ...
#6 44.88 Unpacking libbsd0:amd64 (0.8.7-1ubuntu0.1) ...
#6 44.91 Selecting previously unselected package libxdmcp6:amd64.
#6 44.91 Preparing to unpack .../4-libxdmcp6_1%3a1.1.2-3_amd64.deb ...
#6 44.92 Unpacking libxdmcp6:amd64 (1:1.1.2-3) ...
#6 44.95 Selecting previously unselected package libxcb1:amd64.
#6 44.95 Preparing to unpack .../5-libxcb1_1.13-2~ubuntu18.04_amd64.deb ...
#6 44.95 Unpacking libxcb1:amd64 (1.13-2~ubuntu18.04) ...
#6 44.98 Selecting previously unselected package libx11-data.
#6 44.98 Preparing to unpack .../6-libx11-data_2%3a1.6.4-3ubuntu0.4_all.deb ...
#6 44.98 Unpacking libx11-data (2:1.6.4-3ubuntu0.4) ...
#6 45.06 Selecting previously unselected package libx11-6:amd64.
#6 45.06 Preparing to unpack .../7-libx11-6_2%3a1.6.4-3ubuntu0.4_amd64.deb ...
#6 45.06 Unpacking libx11-6:amd64 (2:1.6.4-3ubuntu0.4) ...
#6 45.16 Setting up multiarch-support (2.27-3ubuntu1.6) ...
#6 45.21 Selecting previously unselected package libxext6:amd64.
#6 45.21 (Reading database ... (Reading database ... 5%(Reading database ... 10%(Reading database ... 15%(Reading database ... 20%(Reading database ... 25%(Reading database ... 30%(Reading database ... 35%(Reading database ... 40%(Reading database ... 45%(Reading database ... 50%(Reading database ... 55%(Reading database ... 60%(Reading database ... 65%(Reading database ... 70%(Reading database ... 75%(Reading database ... 80%(Reading database ... 85%(Reading database ... 90%(Reading database ... 95%(Reading database ... 100%(Reading database ... 5089 files and directories currently installed.)
#6 45.22 Preparing to unpack .../000-libxext6_2%3a1.3.3-1_amd64.deb ...
#6 45.22 Unpacking libxext6:amd64 (2:1.3.3-1) ...
#6 45.25 Selecting previously unselected package libpng16-16:amd64.
#6 45.26 Preparing to unpack .../001-libpng16-16_1.6.34-1ubuntu0.18.04.2_amd64.deb ...
#6 45.26 Unpacking libpng16-16:amd64 (1.6.34-1ubuntu0.18.04.2) ...
#6 45.31 Selecting previously unselected package libfreetype6:amd64.
#6 45.31 Preparing to unpack .../002-libfreetype6_2.8.1-2ubuntu2.2_amd64.deb ...
#6 45.31 Unpacking libfreetype6:amd64 (2.8.1-2ubuntu2.2) ...
#6 45.39 Selecting previously unselected package ucf.
#6 45.39 Preparing to unpack .../003-ucf_3.0038_all.deb ...
#6 45.39 Moving old data out of the way
#6 45.40 Unpacking ucf (3.0038) ...
#6 45.43 Selecting previously unselected package fonts-dejavu-core.
#6 45.43 Preparing to unpack .../004-fonts-dejavu-core_2.37-1_all.deb ...
#6 45.43 Unpacking fonts-dejavu-core (2.37-1) ...
#6 45.58 Selecting previously unselected package fontconfig-config.
#6 45.59 Preparing to unpack .../005-fontconfig-config_2.12.6-0ubuntu2_all.deb ...
#6 45.59 Unpacking fontconfig-config (2.12.6-0ubuntu2) ...
#6 45.62 Selecting previously unselected package libfontconfig1:amd64.
#6 45.62 Preparing to unpack .../006-libfontconfig1_2.12.6-0ubuntu2_amd64.deb ...
#6 45.63 Unpacking libfontconfig1:amd64 (2.12.6-0ubuntu2) ...
#6 45.67 Selecting previously unselected package fontconfig.
#6 45.67 Preparing to unpack .../007-fontconfig_2.12.6-0ubuntu2_amd64.deb ...
#6 45.68 Unpacking fontconfig (2.12.6-0ubuntu2) ...
#6 45.72 Selecting previously unselected package libjpeg-turbo8:amd64.
#6 45.73 Preparing to unpack .../008-libjpeg-turbo8_1.5.2-0ubuntu5.18.04.6_amd64.deb ...
#6 45.73 Unpacking libjpeg-turbo8:amd64 (1.5.2-0ubuntu5.18.04.6) ...
#6 45.77 Selecting previously unselected package liblzo2-2:amd64.
#6 45.77 Preparing to unpack .../009-liblzo2-2_2.08-1.2_amd64.deb ...
#6 45.77 Unpacking liblzo2-2:amd64 (2.08-1.2) ...
#6 45.81 Selecting previously unselected package x11-common.
#6 45.81 Preparing to unpack .../010-x11-common_1%3a7.7+19ubuntu7.1_all.deb ...
#6 45.82 dpkg-query: no packages found matching nux-tools
#6 45.84 Unpacking x11-common (1:7.7+19ubuntu7.1) ...
#6 45.87 Selecting previously unselected package libice6:amd64.
#6 45.87 Preparing to unpack .../011-libice6_2%3a1.0.9-2ubuntu0.18.04.1_amd64.deb ...
#6 45.87 Unpacking libice6:amd64 (2:1.0.9-2ubuntu0.18.04.1) ...
#6 45.91 Selecting previously unselected package libsm6:amd64.
#6 45.91 Preparing to unpack .../012-libsm6_2%3a1.2.2-1_amd64.deb ...
#6 45.91 Unpacking libsm6:amd64 (2:1.2.2-1) ...
#6 45.94 Selecting previously unselected package libxinerama1:amd64.
#6 45.94 Preparing to unpack .../013-libxinerama1_2%3a1.1.3-1_amd64.deb ...
#6 45.94 Unpacking libxinerama1:amd64 (2:1.1.3-1) ...
#6 45.97 Selecting previously unselected package perl-modules-5.26.
#6 45.97 Preparing to unpack .../014-perl-modules-5.26_5.26.1-6ubuntu0.7_all.deb ...
#6 45.97 Unpacking perl-modules-5.26 (5.26.1-6ubuntu0.7) ...
#6 46.34 Selecting previously unselected package libgdbm5:amd64.
#6 46.35 Preparing to unpack .../015-libgdbm5_1.14.1-6_amd64.deb ...
#6 46.35 Unpacking libgdbm5:amd64 (1.14.1-6) ...
#6 46.38 Selecting previously unselected package libgdbm-compat4:amd64.
#6 46.38 Preparing to unpack .../016-libgdbm-compat4_1.14.1-6_amd64.deb ...
#6 46.38 Unpacking libgdbm-compat4:amd64 (1.14.1-6) ...
#6 46.41 Selecting previously unselected package libperl5.26:amd64.
#6 46.41 Preparing to unpack .../017-libperl5.26_5.26.1-6ubuntu0.7_amd64.deb ...
#6 46.41 Unpacking libperl5.26:amd64 (5.26.1-6ubuntu0.7) ...
#6 46.86 Selecting previously unselected package perl.
#6 46.86 Preparing to unpack .../018-perl_5.26.1-6ubuntu0.7_amd64.deb ...
#6 46.87 Unpacking perl (5.26.1-6ubuntu0.7) ...
#6 46.92 Selecting previously unselected package libpython2.7-minimal:amd64.
#6 46.92 Preparing to unpack .../019-libpython2.7-minimal_2.7.17-1~18.04ubuntu1.11_amd64.deb ...
#6 46.93 Unpacking libpython2.7-minimal:amd64 (2.7.17-1~18.04ubuntu1.11) ...
#6 47.01 Selecting previously unselected package python2.7-minimal.
#6 47.01 Preparing to unpack .../020-python2.7-minimal_2.7.17-1~18.04ubuntu1.11_amd64.deb ...
#6 47.02 Unpacking python2.7-minimal (2.7.17-1~18.04ubuntu1.11) ...
#6 47.19 Selecting previously unselected package openssl.
#6 47.19 Preparing to unpack .../021-openssl_1.1.1-1ubuntu2.1~18.04.23_amd64.deb ...
#6 47.19 Unpacking openssl (1.1.1-1ubuntu2.1~18.04.23) ...
#6 47.30 Selecting previously unselected package ca-certificates.
#6 47.30 Preparing to unpack .../022-ca-certificates_20230311ubuntu0.18.04.1_all.deb ...
#6 47.30 Unpacking ca-certificates (20230311ubuntu0.18.04.1) ...
#6 47.35 Selecting previously unselected package distro-info-data.
#6 47.35 Preparing to unpack .../023-distro-info-data_0.37ubuntu0.21_all.deb ...
#6 47.35 Unpacking distro-info-data (0.37ubuntu0.21) ...
#6 47.38 Selecting previously unselected package libglib2.0-0:amd64.
#6 47.38 Preparing to unpack .../024-libglib2.0-0_2.56.4-0ubuntu0.18.04.9_amd64.deb ...
#6 47.38 Unpacking libglib2.0-0:amd64 (2.56.4-0ubuntu0.18.04.9) ...
#6 47.54 Selecting previously unselected package libgirepository-1.0-1:amd64.
#6 47.54 Preparing to unpack .../025-libgirepository-1.0-1_1.56.1-1_amd64.deb ...
#6 47.54 Unpacking libgirepository-1.0-1:amd64 (1.56.1-1) ...
#6 47.58 Selecting previously unselected package gir1.2-glib-2.0:amd64.
#6 47.58 Preparing to unpack .../026-gir1.2-glib-2.0_1.56.1-1_amd64.deb ...
#6 47.58 Unpacking gir1.2-glib-2.0:amd64 (1.56.1-1) ...
#6 47.63 Selecting previously unselected package libelf1:amd64.
#6 47.63 Preparing to unpack .../027-libelf1_0.170-0.4ubuntu0.1_amd64.deb ...
#6 47.63 Unpacking libelf1:amd64 (0.170-0.4ubuntu0.1) ...
#6 47.66 Selecting previously unselected package libmnl0:amd64.
#6 47.67 Preparing to unpack .../028-libmnl0_1.0.4-2_amd64.deb ...
#6 47.67 Unpacking libmnl0:amd64 (1.0.4-2) ...
#6 47.69 Selecting previously unselected package iproute2.
#6 47.70 Preparing to unpack .../029-iproute2_4.15.0-2ubuntu1.3_amd64.deb ...
#6 47.70 Unpacking iproute2 (4.15.0-2ubuntu1.3) ...
#6 47.81 Selecting previously unselected package less.
#6 47.81 Preparing to unpack .../030-less_487-0.1_amd64.deb ...
#6 47.81 Unpacking less (487-0.1) ...
#6 47.85 Selecting previously unselected package libdbus-1-3:amd64.
#6 47.85 Preparing to unpack .../031-libdbus-1-3_1.12.2-1ubuntu1.4_amd64.deb ...
#6 47.85 Unpacking libdbus-1-3:amd64 (1.12.2-1ubuntu1.4) ...
#6 47.90 Selecting previously unselected package libglib2.0-data.
#6 47.90 Preparing to unpack .../032-libglib2.0-data_2.56.4-0ubuntu0.18.04.9_all.deb ...
#6 47.90 Unpacking libglib2.0-data (2.56.4-0ubuntu0.18.04.9) ...
#6 47.93 Selecting previously unselected package libicu60:amd64.
#6 47.93 Preparing to unpack .../033-libicu60_60.2-3ubuntu3.2_amd64.deb ...
#6 47.93 Unpacking libicu60:amd64 (60.2-3ubuntu3.2) ...
#6 48.81 Selecting previously unselected package libxml2:amd64.
#6 48.82 Preparing to unpack .../034-libxml2_2.9.4+dfsg1-6.1ubuntu1.9_amd64.deb ...
#6 48.82 Unpacking libxml2:amd64 (2.9.4+dfsg1-6.1ubuntu1.9) ...
#6 48.92 Selecting previously unselected package libyaml-0-2:amd64.
#6 48.92 Preparing to unpack .../035-libyaml-0-2_0.1.7-2ubuntu3_amd64.deb ...
#6 48.93 Unpacking libyaml-0-2:amd64 (0.1.7-2ubuntu3) ...
#6 48.96 Selecting previously unselected package lsb-release.
#6 48.96 Preparing to unpack .../036-lsb-release_9.20170808ubuntu1_all.deb ...
#6 48.96 Unpacking lsb-release (9.20170808ubuntu1) ...
#6 48.99 Selecting previously unselected package shared-mime-info.
#6 48.99 Preparing to unpack .../037-shared-mime-info_1.9-2_amd64.deb ...
#6 49.00 Unpacking shared-mime-info (1.9-2) ...
#6 49.08 Selecting previously unselected package sudo.
#6 49.08 Preparing to unpack .../038-sudo_1.8.21p2-3ubuntu1.6_amd64.deb ...
#6 49.08 Unpacking sudo (1.8.21p2-3ubuntu1.6) ...
#6 49.16 Selecting previously unselected package xxd.
#6 49.17 Preparing to unpack .../039-xxd_2%3a8.0.1453-1ubuntu1.13_amd64.deb ...
#6 49.17 Unpacking xxd (2:8.0.1453-1ubuntu1.13) ...
#6 49.20 Selecting previously unselected package vim-common.
#6 49.20 Preparing to unpack .../040-vim-common_2%3a8.0.1453-1ubuntu1.13_all.deb ...
#6 49.21 Unpacking vim-common (2:8.0.1453-1ubuntu1.13) ...
#6 49.25 Selecting previously unselected package xz-utils.
#6 49.25 Preparing to unpack .../041-xz-utils_5.2.2-1.3ubuntu0.1_amd64.deb ...
#6 49.25 Unpacking xz-utils (5.2.2-1.3ubuntu0.1) ...
#6 49.29 Selecting previously unselected package libedit2:amd64.
#6 49.29 Preparing to unpack .../042-libedit2_3.1-20170329-1_amd64.deb ...
#6 49.29 Unpacking libedit2:amd64 (3.1-20170329-1) ...
#6 49.33 Selecting previously unselected package libkrb5support0:amd64.
#6 49.33 Preparing to unpack .../043-libkrb5support0_1.16-2ubuntu0.4_amd64.deb ...
#6 49.33 Unpacking libkrb5support0:amd64 (1.16-2ubuntu0.4) ...
#6 49.36 Selecting previously unselected package libk5crypto3:amd64.
#6 49.37 Preparing to unpack .../044-libk5crypto3_1.16-2ubuntu0.4_amd64.deb ...
#6 49.37 Unpacking libk5crypto3:amd64 (1.16-2ubuntu0.4) ...
#6 49.41 Selecting previously unselected package libkeyutils1:amd64.
#6 49.41 Preparing to unpack .../045-libkeyutils1_1.5.9-9.2ubuntu2.1_amd64.deb ...
#6 49.41 Unpacking libkeyutils1:amd64 (1.5.9-9.2ubuntu2.1) ...
#6 49.44 Selecting previously unselected package libkrb5-3:amd64.
#6 49.44 Preparing to unpack .../046-libkrb5-3_1.16-2ubuntu0.4_amd64.deb ...
#6 49.44 Unpacking libkrb5-3:amd64 (1.16-2ubuntu0.4) ...
#6 49.51 Selecting previously unselected package libgssapi-krb5-2:amd64.
#6 49.51 Preparing to unpack .../047-libgssapi-krb5-2_1.16-2ubuntu0.4_amd64.deb ...
#6 49.52 Unpacking libgssapi-krb5-2:amd64 (1.16-2ubuntu0.4) ...
#6 49.57 Selecting previously unselected package libpsl5:amd64.
#6 49.57 Preparing to unpack .../048-libpsl5_0.19.1-5build1_amd64.deb ...
#6 49.57 Unpacking libpsl5:amd64 (0.19.1-5build1) ...
#6 49.61 Selecting previously unselected package wget.
#6 49.61 Preparing to unpack .../049-wget_1.19.4-1ubuntu2.2_amd64.deb ...
#6 49.61 Unpacking wget (1.19.4-1ubuntu2.2) ...
#6 49.68 Selecting previously unselected package hicolor-icon-theme.
#6 49.68 Preparing to unpack .../050-hicolor-icon-theme_0.17-2_all.deb ...
#6 49.68 Unpacking hicolor-icon-theme (0.17-2) ...
#6 49.76 Selecting previously unselected package libjpeg8:amd64.
#6 49.76 Preparing to unpack .../051-libjpeg8_8c-2ubuntu8_amd64.deb ...
#6 49.76 Unpacking libjpeg8:amd64 (8c-2ubuntu8) ...
#6 49.79 Selecting previously unselected package libjbig0:amd64.
#6 49.79 Preparing to unpack .../052-libjbig0_2.1-3.1ubuntu0.18.04.1_amd64.deb ...
#6 49.79 Unpacking libjbig0:amd64 (2.1-3.1ubuntu0.18.04.1) ...
#6 49.83 Selecting previously unselected package libtiff5:amd64.
#6 49.83 Preparing to unpack .../053-libtiff5_4.0.9-5ubuntu0.10_amd64.deb ...
#6 49.83 Unpacking libtiff5:amd64 (4.0.9-5ubuntu0.10) ...
#6 49.88 Selecting previously unselected package libgdk-pixbuf2.0-common.
#6 49.88 Preparing to unpack .../054-libgdk-pixbuf2.0-common_2.36.11-2_all.deb ...
#6 49.88 Unpacking libgdk-pixbuf2.0-common (2.36.11-2) ...
#6 49.92 Selecting previously unselected package libgdk-pixbuf2.0-0:amd64.
#6 49.92 Preparing to unpack .../055-libgdk-pixbuf2.0-0_2.36.11-2_amd64.deb ...
#6 49.92 Unpacking libgdk-pixbuf2.0-0:amd64 (2.36.11-2) ...
#6 49.98 Selecting previously unselected package gtk-update-icon-cache.
#6 49.98 Preparing to unpack .../056-gtk-update-icon-cache_3.22.30-1ubuntu4_amd64.deb ...
#6 50.00 No diversion 'diversion of /usr/sbin/update-icon-caches to /usr/sbin/update-icon-caches.gtk2 by libgtk-3-bin', none removed.
#6 50.01 No diversion 'diversion of /usr/share/man/man8/update-icon-caches.8.gz to /usr/share/man/man8/update-icon-caches.gtk2.8.gz by libgtk-3-bin', none removed.
#6 50.01 Unpacking gtk-update-icon-cache (3.22.30-1ubuntu4) ...
#6 50.04 Selecting previously unselected package libpixman-1-0:amd64.
#6 50.04 Preparing to unpack .../057-libpixman-1-0_0.34.0-2ubuntu0.1_amd64.deb ...
#6 50.04 Unpacking libpixman-1-0:amd64 (0.34.0-2ubuntu0.1) ...
#6 50.11 Selecting previously unselected package libxcb-render0:amd64.
#6 50.11 Preparing to unpack .../058-libxcb-render0_1.13-2~ubuntu18.04_amd64.deb ...
#6 50.11 Unpacking libxcb-render0:amd64 (1.13-2~ubuntu18.04) ...
#6 50.14 Selecting previously unselected package libxcb-shm0:amd64.
#6 50.14 Preparing to unpack .../059-libxcb-shm0_1.13-2~ubuntu18.04_amd64.deb ...
#6 50.15 Unpacking libxcb-shm0:amd64 (1.13-2~ubuntu18.04) ...
#6 50.19 Selecting previously unselected package libxrender1:amd64.
#6 50.19 Preparing to unpack .../060-libxrender1_1%3a0.9.10-1_amd64.deb ...
#6 50.19 Unpacking libxrender1:amd64 (1:0.9.10-1) ...
#6 50.23 Selecting previously unselected package libcairo2:amd64.
#6 50.23 Preparing to unpack .../061-libcairo2_1.15.10-2ubuntu0.1_amd64.deb ...
#6 50.23 Unpacking libcairo2:amd64 (1.15.10-2ubuntu0.1) ...
#6 50.33 Selecting previously unselected package libcroco3:amd64.
#6 50.33 Preparing to unpack .../062-libcroco3_0.6.12-2_amd64.deb ...
#6 50.33 Unpacking libcroco3:amd64 (0.6.12-2) ...
#6 50.37 Selecting previously unselected package libthai-data.
#6 50.37 Preparing to unpack .../063-libthai-data_0.1.27-2_all.deb ...
#6 50.37 Unpacking libthai-data (0.1.27-2) ...
#6 50.42 Selecting previously unselected package libdatrie1:amd64.
#6 50.43 Preparing to unpack .../064-libdatrie1_0.2.10-7_amd64.deb ...
#6 50.43 Unpacking libdatrie1:amd64 (0.2.10-7) ...
#6 50.46 Selecting previously unselected package libthai0:amd64.
#6 50.47 Preparing to unpack .../065-libthai0_0.1.27-2_amd64.deb ...
#6 50.47 Unpacking libthai0:amd64 (0.1.27-2) ...
#6 50.50 Selecting previously unselected package libpango-1.0-0:amd64.
#6 50.50 Preparing to unpack .../066-libpango-1.0-0_1.40.14-1ubuntu0.1_amd64.deb ...
#6 50.50 Unpacking libpango-1.0-0:amd64 (1.40.14-1ubuntu0.1) ...
#6 50.55 Selecting previously unselected package libgraphite2-3:amd64.
#6 50.55 Preparing to unpack .../067-libgraphite2-3_1.3.11-2_amd64.deb ...
#6 50.56 Unpacking libgraphite2-3:amd64 (1.3.11-2) ...
#6 50.59 Selecting previously unselected package libharfbuzz0b:amd64.
#6 50.60 Preparing to unpack .../068-libharfbuzz0b_1.7.2-1ubuntu1_amd64.deb ...
#6 50.60 Unpacking libharfbuzz0b:amd64 (1.7.2-1ubuntu1) ...
#6 50.66 Selecting previously unselected package libpangoft2-1.0-0:amd64.
#6 50.66 Preparing to unpack .../069-libpangoft2-1.0-0_1.40.14-1ubuntu0.1_amd64.deb ...
#6 50.66 Unpacking libpangoft2-1.0-0:amd64 (1.40.14-1ubuntu0.1) ...
#6 50.70 Selecting previously unselected package libpangocairo-1.0-0:amd64.
#6 50.70 Preparing to unpack .../070-libpangocairo-1.0-0_1.40.14-1ubuntu0.1_amd64.deb ...
#6 50.70 Unpacking libpangocairo-1.0-0:amd64 (1.40.14-1ubuntu0.1) ...
#6 50.73 Selecting previously unselected package librsvg2-2:amd64.
#6 50.73 Preparing to unpack .../071-librsvg2-2_2.40.20-2ubuntu0.2_amd64.deb ...
#6 50.74 Unpacking librsvg2-2:amd64 (2.40.20-2ubuntu0.2) ...
#6 50.78 Selecting previously unselected package librsvg2-common:amd64.
#6 50.78 Preparing to unpack .../072-librsvg2-common_2.40.20-2ubuntu0.2_amd64.deb ...
#6 50.78 Unpacking librsvg2-common:amd64 (2.40.20-2ubuntu0.2) ...
#6 50.82 Selecting previously unselected package humanity-icon-theme.
#6 50.82 Preparing to unpack .../073-humanity-icon-theme_0.6.15_all.deb ...
#6 50.82 Unpacking humanity-icon-theme (0.6.15) ...
#6 51.59 Selecting previously unselected package ubuntu-mono.
#6 51.59 Preparing to unpack .../074-ubuntu-mono_16.10+18.04.20181005-0ubuntu1_all.deb ...
#6 51.59 Unpacking ubuntu-mono (16.10+18.04.20181005-0ubuntu1) ...
#6 51.93 Selecting previously unselected package adwaita-icon-theme.
#6 51.94 Preparing to unpack .../075-adwaita-icon-theme_3.28.0-1ubuntu1_all.deb ...
#6 51.94 Unpacking adwaita-icon-theme (3.28.0-1ubuntu1) ...
#6 52.36 Selecting previously unselected package apt-transport-https.
#6 52.36 Preparing to unpack .../076-apt-transport-https_1.6.17_all.deb ...
#6 52.36 Unpacking apt-transport-https (1.6.17) ...
#6 52.39 Selecting previously unselected package astyle.
#6 52.40 Preparing to unpack .../077-astyle_3.1-1ubuntu2_amd64.deb ...
#6 52.40 Unpacking astyle (3.1-1ubuntu2) ...
#6 52.45 Selecting previously unselected package binutils-common:amd64.
#6 52.45 Preparing to unpack .../078-binutils-common_2.30-21ubuntu1~18.04.9_amd64.deb ...
#6 52.45 Unpacking binutils-common:amd64 (2.30-21ubuntu1~18.04.9) ...
#6 52.51 Selecting previously unselected package libbinutils:amd64.
#6 52.51 Preparing to unpack .../079-libbinutils_2.30-21ubuntu1~18.04.9_amd64.deb ...
#6 52.51 Unpacking libbinutils:amd64 (2.30-21ubuntu1~18.04.9) ...
#6 52.60 Selecting previously unselected package binutils-x86-64-linux-gnu.
#6 52.60 Preparing to unpack .../080-binutils-x86-64-linux-gnu_2.30-21ubuntu1~18.04.9_amd64.deb ...
#6 52.60 Unpacking binutils-x86-64-linux-gnu (2.30-21ubuntu1~18.04.9) ...
#6 52.87 Selecting previously unselected package binutils.
#6 52.87 Preparing to unpack .../081-binutils_2.30-21ubuntu1~18.04.9_amd64.deb ...
#6 52.87 Unpacking binutils (2.30-21ubuntu1~18.04.9) ...
#6 52.90 Selecting previously unselected package libc-dev-bin.
#6 52.90 Preparing to unpack .../082-libc-dev-bin_2.27-3ubuntu1.6_amd64.deb ...
#6 52.91 Unpacking libc-dev-bin (2.27-3ubuntu1.6) ...
#6 52.94 Selecting previously unselected package linux-libc-dev:amd64.
#6 52.95 Preparing to unpack .../083-linux-libc-dev_4.15.0-213.224_amd64.deb ...
#6 52.95 Unpacking linux-libc-dev:amd64 (4.15.0-213.224) ...
#6 53.12 Selecting previously unselected package libc6-dev:amd64.
#6 53.12 Preparing to unpack .../084-libc6-dev_2.27-3ubuntu1.6_amd64.deb ...
#6 53.12 Unpacking libc6-dev:amd64 (2.27-3ubuntu1.6) ...
#6 53.49 Selecting previously unselected package gcc-7-base:amd64.
#6 53.50 Preparing to unpack .../085-gcc-7-base_7.5.0-3ubuntu1~18.04_amd64.deb ...
#6 53.50 Unpacking gcc-7-base:amd64 (7.5.0-3ubuntu1~18.04) ...
#6 53.53 Selecting previously unselected package libisl19:amd64.
#6 53.53 Preparing to unpack .../086-libisl19_0.19-1_amd64.deb ...
#6 53.53 Unpacking libisl19:amd64 (0.19-1) ...
#6 53.62 Selecting previously unselected package libmpfr6:amd64.
#6 53.63 Preparing to unpack .../087-libmpfr6_4.0.1-1_amd64.deb ...
#6 53.63 Unpacking libmpfr6:amd64 (4.0.1-1) ...
#6 53.68 Selecting previously unselected package libmpc3:amd64.
#6 53.69 Preparing to unpack .../088-libmpc3_1.1.0-1_amd64.deb ...
#6 53.69 Unpacking libmpc3:amd64 (1.1.0-1) ...
#6 53.72 Selecting previously unselected package cpp-7.
#6 53.72 Preparing to unpack .../089-cpp-7_7.5.0-3ubuntu1~18.04_amd64.deb ...
#6 53.73 Unpacking cpp-7 (7.5.0-3ubuntu1~18.04) ...
#6 54.59 Selecting previously unselected package cpp.
#6 54.60 Preparing to unpack .../090-cpp_4%3a7.4.0-1ubuntu2.3_amd64.deb ...
#6 54.60 Unpacking cpp (4:7.4.0-1ubuntu2.3) ...
#6 54.63 Selecting previously unselected package libcc1-0:amd64.
#6 54.63 Preparing to unpack .../091-libcc1-0_8.4.0-1ubuntu1~18.04_amd64.deb ...
#6 54.63 Unpacking libcc1-0:amd64 (8.4.0-1ubuntu1~18.04) ...
#6 54.67 Selecting previously unselected package libgomp1:amd64.
#6 54.67 Preparing to unpack .../092-libgomp1_8.4.0-1ubuntu1~18.04_amd64.deb ...
#6 54.67 Unpacking libgomp1:amd64 (8.4.0-1ubuntu1~18.04) ...
#6 54.71 Selecting previously unselected package libitm1:amd64.
#6 54.71 Preparing to unpack .../093-libitm1_8.4.0-1ubuntu1~18.04_amd64.deb ...
#6 54.71 Unpacking libitm1:amd64 (8.4.0-1ubuntu1~18.04) ...
#6 54.75 Selecting previously unselected package libatomic1:amd64.
#6 54.75 Preparing to unpack .../094-libatomic1_8.4.0-1ubuntu1~18.04_amd64.deb ...
#6 54.75 Unpacking libatomic1:amd64 (8.4.0-1ubuntu1~18.04) ...
#6 54.78 Selecting previously unselected package libasan4:amd64.
#6 54.79 Preparing to unpack .../095-libasan4_7.5.0-3ubuntu1~18.04_amd64.deb ...
#6 54.79 Unpacking libasan4:amd64 (7.5.0-3ubuntu1~18.04) ...
#6 54.86 Selecting previously unselected package liblsan0:amd64.
#6 54.87 Preparing to unpack .../096-liblsan0_8.4.0-1ubuntu1~18.04_amd64.deb ...
#6 54.87 Unpacking liblsan0:amd64 (8.4.0-1ubuntu1~18.04) ...
#6 54.91 Selecting previously unselected package libtsan0:amd64.
#6 54.92 Preparing to unpack .../097-libtsan0_8.4.0-1ubuntu1~18.04_amd64.deb ...
#6 54.92 Unpacking libtsan0:amd64 (8.4.0-1ubuntu1~18.04) ...
#6 54.99 Selecting previously unselected package libubsan0:amd64.
#6 54.99 Preparing to unpack .../098-libubsan0_7.5.0-3ubuntu1~18.04_amd64.deb ...
#6 54.99 Unpacking libubsan0:amd64 (7.5.0-3ubuntu1~18.04) ...
#6 55.04 Selecting previously unselected package libcilkrts5:amd64.
#6 55.04 Preparing to unpack .../099-libcilkrts5_7.5.0-3ubuntu1~18.04_amd64.deb ...
#6 55.04 Unpacking libcilkrts5:amd64 (7.5.0-3ubuntu1~18.04) ...
#6 55.08 Selecting previously unselected package libmpx2:amd64.
#6 55.08 Preparing to unpack .../100-libmpx2_8.4.0-1ubuntu1~18.04_amd64.deb ...
#6 55.08 Unpacking libmpx2:amd64 (8.4.0-1ubuntu1~18.04) ...
#6 55.11 Selecting previously unselected package libquadmath0:amd64.
#6 55.11 Preparing to unpack .../101-libquadmath0_8.4.0-1ubuntu1~18.04_amd64.deb ...
#6 55.11 Unpacking libquadmath0:amd64 (8.4.0-1ubuntu1~18.04) ...
#6 55.16 Selecting previously unselected package libgcc-7-dev:amd64.
#6 55.16 Preparing to unpack .../102-libgcc-7-dev_7.5.0-3ubuntu1~18.04_amd64.deb ...
#6 55.17 Unpacking libgcc-7-dev:amd64 (7.5.0-3ubuntu1~18.04) ...
#6 55.45 Selecting previously unselected package gcc-7.
#6 55.46 Preparing to unpack .../103-gcc-7_7.5.0-3ubuntu1~18.04_amd64.deb ...
#6 55.46 Unpacking gcc-7 (7.5.0-3ubuntu1~18.04) ...
#6 56.38 Selecting previously unselected package gcc.
#6 56.38 Preparing to unpack .../104-gcc_4%3a7.4.0-1ubuntu2.3_amd64.deb ...
#6 56.38 Unpacking gcc (4:7.4.0-1ubuntu2.3) ...
#6 56.42 Selecting previously unselected package libstdc++-7-dev:amd64.
#6 56.42 Preparing to unpack .../105-libstdc++-7-dev_7.5.0-3ubuntu1~18.04_amd64.deb ...
#6 56.42 Unpacking libstdc++-7-dev:amd64 (7.5.0-3ubuntu1~18.04) ...
#6 56.68 Selecting previously unselected package g++-7.
#6 56.68 Preparing to unpack .../106-g++-7_7.5.0-3ubuntu1~18.04_amd64.deb ...
#6 56.68 Unpacking g++-7 (7.5.0-3ubuntu1~18.04) ...
#6 57.64 Selecting previously unselected package g++.
#6 57.64 Preparing to unpack .../107-g++_4%3a7.4.0-1ubuntu2.3_amd64.deb ...
#6 57.64 Unpacking g++ (4:7.4.0-1ubuntu2.3) ...
#6 57.67 Selecting previously unselected package make.
#6 57.67 Preparing to unpack .../108-make_4.1-9.1ubuntu1_amd64.deb ...
#6 57.67 Unpacking make (4.1-9.1ubuntu1) ...
#6 57.72 Selecting previously unselected package libdpkg-perl.
#6 57.72 Preparing to unpack .../109-libdpkg-perl_1.19.0.5ubuntu2.4_all.deb ...
#6 57.72 Unpacking libdpkg-perl (1.19.0.5ubuntu2.4) ...
#6 57.78 Selecting previously unselected package patch.
#6 57.78 Preparing to unpack .../110-patch_2.7.6-2ubuntu1.1_amd64.deb ...
#6 57.78 Unpacking patch (2.7.6-2ubuntu1.1) ...
#6 57.82 Selecting previously unselected package dpkg-dev.
#6 57.83 Preparing to unpack .../111-dpkg-dev_1.19.0.5ubuntu2.4_all.deb ...
#6 57.83 Unpacking dpkg-dev (1.19.0.5ubuntu2.4) ...
#6 57.93 Selecting previously unselected package build-essential.
#6 57.93 Preparing to unpack .../112-build-essential_12.4ubuntu1_amd64.deb ...
#6 57.93 Unpacking build-essential (12.4ubuntu1) ...
#6 57.97 Selecting previously unselected package cmake-data.
#6 57.97 Preparing to unpack .../113-cmake-data_3.10.2-1ubuntu2.18.04.2_all.deb ...
#6 57.98 Unpacking cmake-data (3.10.2-1ubuntu2.18.04.2) ...
#6 58.29 Selecting previously unselected package libarchive13:amd64.
#6 58.29 Preparing to unpack .../114-libarchive13_3.2.2-3.1ubuntu0.7_amd64.deb ...
#6 58.29 Unpacking libarchive13:amd64 (3.2.2-3.1ubuntu0.7) ...
#6 58.37 Selecting previously unselected package libroken18-heimdal:amd64.
#6 58.37 Preparing to unpack .../115-libroken18-heimdal_7.5.0+dfsg-1ubuntu0.4_amd64.deb ...
#6 58.37 Unpacking libroken18-heimdal:amd64 (7.5.0+dfsg-1ubuntu0.4) ...
#6 58.41 Selecting previously unselected package libasn1-8-heimdal:amd64.
#6 58.41 Preparing to unpack .../116-libasn1-8-heimdal_7.5.0+dfsg-1ubuntu0.4_amd64.deb ...
#6 58.41 Unpacking libasn1-8-heimdal:amd64 (7.5.0+dfsg-1ubuntu0.4) ...
#6 58.46 Selecting previously unselected package libheimbase1-heimdal:amd64.
#6 58.47 Preparing to unpack .../117-libheimbase1-heimdal_7.5.0+dfsg-1ubuntu0.4_amd64.deb ...
#6 58.47 Unpacking libheimbase1-heimdal:amd64 (7.5.0+dfsg-1ubuntu0.4) ...
#6 58.50 Selecting previously unselected package libhcrypto4-heimdal:amd64.
#6 58.51 Preparing to unpack .../118-libhcrypto4-heimdal_7.5.0+dfsg-1ubuntu0.4_amd64.deb ...
#6 58.51 Unpacking libhcrypto4-heimdal:amd64 (7.5.0+dfsg-1ubuntu0.4) ...
#6 58.55 Selecting previously unselected package libwind0-heimdal:amd64.
#6 58.55 Preparing to unpack .../119-libwind0-heimdal_7.5.0+dfsg-1ubuntu0.4_amd64.deb ...
#6 58.55 Unpacking libwind0-heimdal:amd64 (7.5.0+dfsg-1ubuntu0.4) ...
#6 58.59 Selecting previously unselected package libhx509-5-heimdal:amd64.
#6 58.59 Preparing to unpack .../120-libhx509-5-heimdal_7.5.0+dfsg-1ubuntu0.4_amd64.deb ...
#6 58.60 Unpacking libhx509-5-heimdal:amd64 (7.5.0+dfsg-1ubuntu0.4) ...
#6 58.64 Selecting previously unselected package libkrb5-26-heimdal:amd64.
#6 58.64 Preparing to unpack .../121-libkrb5-26-heimdal_7.5.0+dfsg-1ubuntu0.4_amd64.deb ...
#6 58.64 Unpacking libkrb5-26-heimdal:amd64 (7.5.0+dfsg-1ubuntu0.4) ...
#6 58.70 Selecting previously unselected package libheimntlm0-heimdal:amd64.
#6 58.70 Preparing to unpack .../122-libheimntlm0-heimdal_7.5.0+dfsg-1ubuntu0.4_amd64.deb ...
#6 58.70 Unpacking libheimntlm0-heimdal:amd64 (7.5.0+dfsg-1ubuntu0.4) ...
#6 58.74 Selecting previously unselected package libgssapi3-heimdal:amd64.
#6 58.74 Preparing to unpack .../123-libgssapi3-heimdal_7.5.0+dfsg-1ubuntu0.4_amd64.deb ...
#6 58.74 Unpacking libgssapi3-heimdal:amd64 (7.5.0+dfsg-1ubuntu0.4) ...
#6 58.78 Selecting previously unselected package libsasl2-modules-db:amd64.
#6 58.78 Preparing to unpack .../124-libsasl2-modules-db_2.1.27~101-g0780600+dfsg-3ubuntu2.4_amd64.deb ...
#6 58.79 Unpacking libsasl2-modules-db:amd64 (2.1.27~101-g0780600+dfsg-3ubuntu2.4) ...
#6 58.81 Selecting previously unselected package libsasl2-2:amd64.
#6 58.82 Preparing to unpack .../125-libsasl2-2_2.1.27~101-g0780600+dfsg-3ubuntu2.4_amd64.deb ...
#6 58.82 Unpacking libsasl2-2:amd64 (2.1.27~101-g0780600+dfsg-3ubuntu2.4) ...
#6 58.86 Selecting previously unselected package libldap-common.
#6 58.86 Preparing to unpack .../126-libldap-common_2.4.45+dfsg-1ubuntu1.11_all.deb ...
#6 58.86 Unpacking libldap-common (2.4.45+dfsg-1ubuntu1.11) ...
#6 58.89 Selecting previously unselected package libldap-2.4-2:amd64.
#6 58.89 Preparing to unpack .../127-libldap-2.4-2_2.4.45+dfsg-1ubuntu1.11_amd64.deb ...
#6 58.90 Unpacking libldap-2.4-2:amd64 (2.4.45+dfsg-1ubuntu1.11) ...
#6 58.94 Selecting previously unselected package libnghttp2-14:amd64.
#6 58.95 Preparing to unpack .../128-libnghttp2-14_1.30.0-1ubuntu1_amd64.deb ...
#6 58.95 Unpacking libnghttp2-14:amd64 (1.30.0-1ubuntu1) ...
#6 58.99 Selecting previously unselected package librtmp1:amd64.
#6 58.99 Preparing to unpack .../129-librtmp1_2.4+20151223.gitfa8646d.1-1_amd64.deb ...
#6 58.99 Unpacking librtmp1:amd64 (2.4+20151223.gitfa8646d.1-1) ...
#6 59.03 Selecting previously unselected package libcurl4:amd64.
#6 59.03 Preparing to unpack .../130-libcurl4_7.58.0-2ubuntu3.24_amd64.deb ...
#6 59.03 Unpacking libcurl4:amd64 (7.58.0-2ubuntu3.24) ...
#6 59.09 Selecting previously unselected package libjsoncpp1:amd64.
#6 59.09 Preparing to unpack .../131-libjsoncpp1_1.7.4-3_amd64.deb ...
#6 59.09 Unpacking libjsoncpp1:amd64 (1.7.4-3) ...
#6 59.13 Selecting previously unselected package librhash0:amd64.
#6 59.14 Preparing to unpack .../132-librhash0_1.3.6-2_amd64.deb ...
#6 59.14 Unpacking librhash0:amd64 (1.3.6-2) ...
#6 59.18 Selecting previously unselected package libuv1:amd64.
#6 59.18 Preparing to unpack .../133-libuv1_1.18.0-3_amd64.deb ...
#6 59.19 Unpacking libuv1:amd64 (1.18.0-3) ...
#6 59.23 Selecting previously unselected package cmake.
#6 59.23 Preparing to unpack .../134-cmake_3.10.2-1ubuntu2.18.04.2_amd64.deb ...
#6 59.23 Unpacking cmake (3.10.2-1ubuntu2.18.04.2) ...
#6 59.63 Selecting previously unselected package curl.
#6 59.63 Preparing to unpack .../135-curl_7.58.0-2ubuntu3.24_amd64.deb ...
#6 59.63 Unpacking curl (7.58.0-2ubuntu3.24) ...
#6 59.69 Selecting previously unselected package libassuan0:amd64.
#6 59.69 Preparing to unpack .../136-libassuan0_2.5.1-2_amd64.deb ...
#6 59.69 Unpacking libassuan0:amd64 (2.5.1-2) ...
#6 59.73 Selecting previously unselected package gpgconf.
#6 59.73 Preparing to unpack .../137-gpgconf_2.2.4-1ubuntu1.6_amd64.deb ...
#6 59.73 Unpacking gpgconf (2.2.4-1ubuntu1.6) ...
#6 59.78 Selecting previously unselected package libksba8:amd64.
#6 59.78 Preparing to unpack .../138-libksba8_1.3.5-2ubuntu0.18.04.2_amd64.deb ...
#6 59.78 Unpacking libksba8:amd64 (1.3.5-2ubuntu0.18.04.2) ...
#6 59.83 Selecting previously unselected package libnpth0:amd64.
#6 59.83 Preparing to unpack .../139-libnpth0_1.5-3_amd64.deb ...
#6 59.83 Unpacking libnpth0:amd64 (1.5-3) ...
#6 59.86 Selecting previously unselected package dirmngr.
#6 59.87 Preparing to unpack .../140-dirmngr_2.2.4-1ubuntu1.6_amd64.deb ...
#6 59.89 Unpacking dirmngr (2.2.4-1ubuntu1.6) ...
#6 59.96 Selecting previously unselected package libllvm6.0:amd64.
#6 59.96 Preparing to unpack .../141-libllvm6.0_1%3a6.0-1ubuntu2_amd64.deb ...
#6 59.96 Unpacking libllvm6.0:amd64 (1:6.0-1ubuntu2) ...
#6 61.41 Selecting previously unselected package libclang1-6.0:amd64.
#6 61.41 Preparing to unpack .../142-libclang1-6.0_1%3a6.0-1ubuntu2_amd64.deb ...
#6 61.41 Unpacking libclang1-6.0:amd64 (1:6.0-1ubuntu2) ...
#6 62.14 Selecting previously unselected package libxapian30:amd64.
#6 62.15 Preparing to unpack .../143-libxapian30_1.4.5-1ubuntu0.1_amd64.deb ...
#6 62.15 Unpacking libxapian30:amd64 (1.4.5-1ubuntu0.1) ...
#6 62.26 Selecting previously unselected package doxygen.
#6 62.26 Preparing to unpack .../144-doxygen_1.8.13-10_amd64.deb ...
#6 62.26 Unpacking doxygen (1.8.13-10) ...
#6 62.70 Selecting previously unselected package exuberant-ctags.
#6 62.71 Preparing to unpack .../145-exuberant-ctags_1%3a5.9~svn20110310-11ubuntu0.1_amd64.deb ...
#6 62.71 Unpacking exuberant-ctags (1:5.9~svn20110310-11ubuntu0.1) ...
#6 62.76 Selecting previously unselected package libgfortran4:amd64.
#6 62.76 Preparing to unpack .../146-libgfortran4_7.5.0-3ubuntu1~18.04_amd64.deb ...
#6 62.76 Unpacking libgfortran4:amd64 (7.5.0-3ubuntu1~18.04) ...
#6 62.85 Selecting previously unselected package libgfortran-7-dev:amd64.
#6 62.86 Preparing to unpack .../147-libgfortran-7-dev_7.5.0-3ubuntu1~18.04_amd64.deb ...
#6 62.86 Unpacking libgfortran-7-dev:amd64 (7.5.0-3ubuntu1~18.04) ...
#6 62.96 Selecting previously unselected package gfortran-7.
#6 62.96 Preparing to unpack .../148-gfortran-7_7.5.0-3ubuntu1~18.04_amd64.deb ...
#6 62.96 Unpacking gfortran-7 (7.5.0-3ubuntu1~18.04) ...
#6 63.88 Selecting previously unselected package gfortran.
#6 63.88 Preparing to unpack .../149-gfortran_4%3a7.4.0-1ubuntu2.3_amd64.deb ...
#6 63.88 Unpacking gfortran (4:7.4.0-1ubuntu2.3) ...
#6 63.91 Selecting previously unselected package gir1.2-freedesktop:amd64.
#6 63.91 Preparing to unpack .../150-gir1.2-freedesktop_1.56.1-1_amd64.deb ...
#6 63.91 Unpacking gir1.2-freedesktop:amd64 (1.56.1-1) ...
#6 63.95 Selecting previously unselected package gir1.2-harfbuzz-0.0:amd64.
#6 63.95 Preparing to unpack .../151-gir1.2-harfbuzz-0.0_1.7.2-1ubuntu1_amd64.deb ...
#6 63.95 Unpacking gir1.2-harfbuzz-0.0:amd64 (1.7.2-1ubuntu1) ...
#6 63.98 Selecting previously unselected package liblcms2-2:amd64.
#6 63.98 Preparing to unpack .../152-liblcms2-2_2.9-1ubuntu0.1_amd64.deb ...
#6 63.99 Unpacking liblcms2-2:amd64 (2.9-1ubuntu0.1) ...
#6 64.04 Selecting previously unselected package libnspr4:amd64.
#6 64.04 Preparing to unpack .../153-libnspr4_2%3a4.18-1ubuntu1_amd64.deb ...
#6 64.04 Unpacking libnspr4:amd64 (2:4.18-1ubuntu1) ...
#6 64.09 Selecting previously unselected package libnss3:amd64.
#6 64.09 Preparing to unpack .../154-libnss3_2%3a3.35-2ubuntu2.16_amd64.deb ...
#6 64.09 Unpacking libnss3:amd64 (2:3.35-2ubuntu2.16) ...
#6 64.27 Selecting previously unselected package libpoppler73:amd64.
#6 64.27 Preparing to unpack .../155-libpoppler73_0.62.0-2ubuntu2.14_amd64.deb ...
#6 64.27 Unpacking libpoppler73:amd64 (0.62.0-2ubuntu2.14) ...
#6 64.38 Selecting previously unselected package libpoppler-glib8:amd64.
#6 64.38 Preparing to unpack .../156-libpoppler-glib8_0.62.0-2ubuntu2.14_amd64.deb ...
#6 64.39 Unpacking libpoppler-glib8:amd64 (0.62.0-2ubuntu2.14) ...
#6 64.43 Selecting previously unselected package gir1.2-poppler-0.18:amd64.
#6 64.43 Preparing to unpack .../157-gir1.2-poppler-0.18_0.62.0-2ubuntu2.14_amd64.deb ...
#6 64.43 Unpacking gir1.2-poppler-0.18:amd64 (0.62.0-2ubuntu2.14) ...
#6 64.46 Selecting previously unselected package libcurl3-gnutls:amd64.
#6 64.47 Preparing to unpack .../158-libcurl3-gnutls_7.58.0-2ubuntu3.24_amd64.deb ...
#6 64.47 Unpacking libcurl3-gnutls:amd64 (7.58.0-2ubuntu3.24) ...
#6 64.52 Selecting previously unselected package liberror-perl.
#6 64.52 Preparing to unpack .../159-liberror-perl_0.17025-1_all.deb ...
#6 64.53 Unpacking liberror-perl (0.17025-1) ...
#6 64.56 Selecting previously unselected package git-man.
#6 64.56 Preparing to unpack .../160-git-man_1%3a2.17.1-1ubuntu0.18_all.deb ...
#6 64.56 Unpacking git-man (1:2.17.1-1ubuntu0.18) ...
#6 64.70 Selecting previously unselected package git.
#6 64.70 Preparing to unpack .../161-git_1%3a2.17.1-1ubuntu0.18_amd64.deb ...
#6 64.73 Unpacking git (1:2.17.1-1ubuntu0.18) ...
#6 65.24 Selecting previously unselected package gnupg-l10n.
#6 65.24 Preparing to unpack .../162-gnupg-l10n_2.2.4-1ubuntu1.6_all.deb ...
#6 65.24 Unpacking gnupg-l10n (2.2.4-1ubuntu1.6) ...
#6 65.28 Selecting previously unselected package gnupg-utils.
#6 65.28 Preparing to unpack .../163-gnupg-utils_2.2.4-1ubuntu1.6_amd64.deb ...
#6 65.28 Unpacking gnupg-utils (2.2.4-1ubuntu1.6) ...
#6 65.33 Selecting previously unselected package gpg.
#6 65.33 Preparing to unpack .../164-gpg_2.2.4-1ubuntu1.6_amd64.deb ...
#6 65.34 Unpacking gpg (2.2.4-1ubuntu1.6) ...
#6 65.42 Selecting previously unselected package pinentry-curses.
#6 65.42 Preparing to unpack .../165-pinentry-curses_1.1.0-1_amd64.deb ...
#6 65.42 Unpacking pinentry-curses (1.1.0-1) ...
#6 65.46 Selecting previously unselected package gpg-agent.
#6 65.46 Preparing to unpack .../166-gpg-agent_2.2.4-1ubuntu1.6_amd64.deb ...
#6 65.46 Unpacking gpg-agent (2.2.4-1ubuntu1.6) ...
#6 65.52 Selecting previously unselected package gpg-wks-client.
#6 65.53 Preparing to unpack .../167-gpg-wks-client_2.2.4-1ubuntu1.6_amd64.deb ...
#6 65.54 Unpacking gpg-wks-client (2.2.4-1ubuntu1.6) ...
#6 65.57 Selecting previously unselected package gpg-wks-server.
#6 65.58 Preparing to unpack .../168-gpg-wks-server_2.2.4-1ubuntu1.6_amd64.deb ...
#6 65.58 Unpacking gpg-wks-server (2.2.4-1ubuntu1.6) ...
#6 65.62 Selecting previously unselected package gpgsm.
#6 65.62 Preparing to unpack .../169-gpgsm_2.2.4-1ubuntu1.6_amd64.deb ...
#6 65.62 Unpacking gpgsm (2.2.4-1ubuntu1.6) ...
#6 65.68 Selecting previously unselected package gnupg.
#6 65.68 Preparing to unpack .../170-gnupg_2.2.4-1ubuntu1.6_amd64.deb ...
#6 65.68 Unpacking gnupg (2.2.4-1ubuntu1.6) ...
#6 65.73 Selecting previously unselected package libann0.
#6 65.73 Preparing to unpack .../171-libann0_1.1.2+doc-6_amd64.deb ...
#6 65.73 Unpacking libann0 (1.1.2+doc-6) ...
#6 65.77 Selecting previously unselected package libcdt5.
#6 65.77 Preparing to unpack .../172-libcdt5_2.40.1-2_amd64.deb ...
#6 65.77 Unpacking libcdt5 (2.40.1-2) ...
#6 65.80 Selecting previously unselected package libcgraph6.
#6 65.81 Preparing to unpack .../173-libcgraph6_2.40.1-2_amd64.deb ...
#6 65.81 Unpacking libcgraph6 (2.40.1-2) ...
#6 65.84 Selecting previously unselected package libwebp6:amd64.
#6 65.85 Preparing to unpack .../174-libwebp6_0.6.1-2ubuntu0.18.04.2_amd64.deb ...
#6 65.85 Unpacking libwebp6:amd64 (0.6.1-2ubuntu0.18.04.2) ...
#6 65.90 Selecting previously unselected package libxpm4:amd64.
#6 65.90 Preparing to unpack .../175-libxpm4_1%3a3.5.12-1ubuntu0.18.04.2_amd64.deb ...
#6 65.91 Unpacking libxpm4:amd64 (1:3.5.12-1ubuntu0.18.04.2) ...
#6 65.94 Selecting previously unselected package libgd3:amd64.
#6 65.94 Preparing to unpack .../176-libgd3_2.2.5-4ubuntu0.5_amd64.deb ...
#6 65.94 Unpacking libgd3:amd64 (2.2.5-4ubuntu0.5) ...
#6 65.99 Selecting previously unselected package libgts-0.7-5:amd64.
#6 66.00 Preparing to unpack .../177-libgts-0.7-5_0.7.6+darcs121130-4_amd64.deb ...
#6 66.00 Unpacking libgts-0.7-5:amd64 (0.7.6+darcs121130-4) ...
#6 66.06 Selecting previously unselected package libltdl7:amd64.
#6 66.06 Preparing to unpack .../178-libltdl7_2.4.6-2_amd64.deb ...
#6 66.06 Unpacking libltdl7:amd64 (2.4.6-2) ...
#6 66.10 Selecting previously unselected package libpathplan4.
#6 66.10 Preparing to unpack .../179-libpathplan4_2.40.1-2_amd64.deb ...
#6 66.10 Unpacking libpathplan4 (2.40.1-2) ...
#6 66.14 Selecting previously unselected package libgvc6.
#6 66.14 Preparing to unpack .../180-libgvc6_2.40.1-2_amd64.deb ...
#6 66.14 Unpacking libgvc6 (2.40.1-2) ...
#6 66.24 Selecting previously unselected package libgvpr2.
#6 66.25 Preparing to unpack .../181-libgvpr2_2.40.1-2_amd64.deb ...
#6 66.25 Unpacking libgvpr2 (2.40.1-2) ...
#6 66.30 Selecting previously unselected package liblab-gamut1.
#6 66.31 Preparing to unpack .../182-liblab-gamut1_2.40.1-2_amd64.deb ...
#6 66.31 Unpacking liblab-gamut1 (2.40.1-2) ...
#6 66.40 Selecting previously unselected package libxt6:amd64.
#6 66.41 Preparing to unpack .../183-libxt6_1%3a1.1.5-1_amd64.deb ...
#6 66.41 Unpacking libxt6:amd64 (1:1.1.5-1) ...
#6 66.46 Selecting previously unselected package libxmu6:amd64.
#6 66.46 Preparing to unpack .../184-libxmu6_2%3a1.1.2-2_amd64.deb ...
#6 66.46 Unpacking libxmu6:amd64 (2:1.1.2-2) ...
#6 66.50 Selecting previously unselected package libxaw7:amd64.
#6 66.50 Preparing to unpack .../185-libxaw7_2%3a1.0.13-1_amd64.deb ...
#6 66.50 Unpacking libxaw7:amd64 (2:1.0.13-1) ...
#6 66.55 Selecting previously unselected package graphviz.
#6 66.56 Preparing to unpack .../186-graphviz_2.40.1-2_amd64.deb ...
#6 66.56 Unpacking graphviz (2.40.1-2) ...
#6 66.66 Selecting previously unselected package icu-devtools.
#6 66.67 Preparing to unpack .../187-icu-devtools_60.2-3ubuntu3.2_amd64.deb ...
#6 66.67 Unpacking icu-devtools (60.2-3ubuntu3.2) ...
#6 66.72 Selecting previously unselected package libapr1:amd64.
#6 66.73 Preparing to unpack .../188-libapr1_1.6.3-2_amd64.deb ...
#6 66.73 Unpacking libapr1:amd64 (1.6.3-2) ...
#6 66.77 Selecting previously unselected package libaprutil1:amd64.
#6 66.77 Preparing to unpack .../189-libaprutil1_1.6.1-2ubuntu0.1_amd64.deb ...
#6 66.78 Unpacking libaprutil1:amd64 (1.6.1-2ubuntu0.1) ...
#6 66.82 Selecting previously unselected package libatk1.0-data.
#6 66.82 Preparing to unpack .../190-libatk1.0-data_2.28.1-1_all.deb ...
#6 66.82 Unpacking libatk1.0-data (2.28.1-1) ...
#6 66.85 Selecting previously unselected package libatk1.0-0:amd64.
#6 66.85 Preparing to unpack .../191-libatk1.0-0_2.28.1-1_amd64.deb ...
#6 66.86 Unpacking libatk1.0-0:amd64 (2.28.1-1) ...
#6 66.89 Selecting previously unselected package libavahi-common-data:amd64.
#6 66.89 Preparing to unpack .../192-libavahi-common-data_0.7-3.1ubuntu1.3_amd64.deb ...
#6 66.89 Unpacking libavahi-common-data:amd64 (0.7-3.1ubuntu1.3) ...
#6 66.92 Selecting previously unselected package libavahi-common3:amd64.
#6 66.93 Preparing to unpack .../193-libavahi-common3_0.7-3.1ubuntu1.3_amd64.deb ...
#6 66.93 Unpacking libavahi-common3:amd64 (0.7-3.1ubuntu1.3) ...
#6 66.96 Selecting previously unselected package libavahi-client3:amd64.
#6 66.97 Preparing to unpack .../194-libavahi-client3_0.7-3.1ubuntu1.3_amd64.deb ...
#6 66.97 Unpacking libavahi-client3:amd64 (0.7-3.1ubuntu1.3) ...
#6 67.00 Selecting previously unselected package libbz2-dev:amd64.
#6 67.00 Preparing to unpack .../195-libbz2-dev_1.0.6-8.1ubuntu0.2_amd64.deb ...
#6 67.00 Unpacking libbz2-dev:amd64 (1.0.6-8.1ubuntu0.2) ...
#6 67.04 Selecting previously unselected package libcairo-gobject2:amd64.
#6 67.04 Preparing to unpack .../196-libcairo-gobject2_1.15.10-2ubuntu0.1_amd64.deb ...
#6 67.04 Unpacking libcairo-gobject2:amd64 (1.15.10-2ubuntu0.1) ...
#6 67.07 Selecting previously unselected package libcairo-script-interpreter2:amd64.
#6 67.07 Preparing to unpack .../197-libcairo-script-interpreter2_1.15.10-2ubuntu0.1_amd64.deb ...
#6 67.08 Unpacking libcairo-script-interpreter2:amd64 (1.15.10-2ubuntu0.1) ...
#6 67.11 Selecting previously unselected package libexpat1-dev:amd64.
#6 67.11 Preparing to unpack .../198-libexpat1-dev_2.2.5-3ubuntu0.9_amd64.deb ...
#6 67.12 Unpacking libexpat1-dev:amd64 (2.2.5-3ubuntu0.9) ...
#6 67.16 Selecting previously unselected package zlib1g-dev:amd64.
#6 67.17 Preparing to unpack .../199-zlib1g-dev_1%3a1.2.11.dfsg-0ubuntu2.2_amd64.deb ...
#6 67.17 Unpacking zlib1g-dev:amd64 (1:1.2.11.dfsg-0ubuntu2.2) ...
#6 67.22 Selecting previously unselected package libpng-dev:amd64.
#6 67.22 Preparing to unpack .../200-libpng-dev_1.6.34-1ubuntu0.18.04.2_amd64.deb ...
#6 67.23 Unpacking libpng-dev:amd64 (1.6.34-1ubuntu0.18.04.2) ...
#6 67.28 Selecting previously unselected package libfreetype6-dev:amd64.
#6 67.28 Preparing to unpack .../201-libfreetype6-dev_2.8.1-2ubuntu2.2_amd64.deb ...
#6 67.28 Unpacking libfreetype6-dev:amd64 (2.8.1-2ubuntu2.2) ...
#6 67.57 Selecting previously unselected package pkg-config.
#6 67.57 Preparing to unpack .../202-pkg-config_0.29.1-0ubuntu2_amd64.deb ...
#6 67.58 Unpacking pkg-config (0.29.1-0ubuntu2) ...
#6 67.61 Selecting previously unselected package libfontconfig1-dev:amd64.
#6 67.61 Preparing to unpack .../203-libfontconfig1-dev_2.12.6-0ubuntu2_amd64.deb ...
#6 67.61 Unpacking libfontconfig1-dev:amd64 (2.12.6-0ubuntu2) ...
#6 67.68 Selecting previously unselected package xorg-sgml-doctools.
#6 67.69 Preparing to unpack .../204-xorg-sgml-doctools_1%3a1.11-1_all.deb ...
#6 67.69 Unpacking xorg-sgml-doctools (1:1.11-1) ...
#6 67.72 Selecting previously unselected package x11proto-dev.
#6 67.72 Preparing to unpack .../205-x11proto-dev_2018.4-4_all.deb ...
#6 67.72 Unpacking x11proto-dev (2018.4-4) ...
#6 67.80 Selecting previously unselected package x11proto-core-dev.
#6 67.80 Preparing to unpack .../206-x11proto-core-dev_2018.4-4_all.deb ...
#6 67.81 Unpacking x11proto-core-dev (2018.4-4) ...
#6 67.83 Selecting previously unselected package libxau-dev:amd64.
#6 67.83 Preparing to unpack .../207-libxau-dev_1%3a1.0.8-1ubuntu1_amd64.deb ...
#6 67.84 Unpacking libxau-dev:amd64 (1:1.0.8-1ubuntu1) ...
#6 67.86 Selecting previously unselected package libxdmcp-dev:amd64.
#6 67.86 Preparing to unpack .../208-libxdmcp-dev_1%3a1.1.2-3_amd64.deb ...
#6 67.87 Unpacking libxdmcp-dev:amd64 (1:1.1.2-3) ...
#6 67.89 Selecting previously unselected package xtrans-dev.
#6 67.90 Preparing to unpack .../209-xtrans-dev_1.3.5-1_all.deb ...
#6 67.90 Unpacking xtrans-dev (1.3.5-1) ...
#6 67.94 Selecting previously unselected package libpthread-stubs0-dev:amd64.
#6 67.94 Preparing to unpack .../210-libpthread-stubs0-dev_0.3-4_amd64.deb ...
#6 67.94 Unpacking libpthread-stubs0-dev:amd64 (0.3-4) ...
#6 67.97 Selecting previously unselected package libxcb1-dev:amd64.
#6 67.97 Preparing to unpack .../211-libxcb1-dev_1.13-2~ubuntu18.04_amd64.deb ...
#6 67.97 Unpacking libxcb1-dev:amd64 (1.13-2~ubuntu18.04) ...
#6 68.01 Selecting previously unselected package libx11-dev:amd64.
#6 68.01 Preparing to unpack .../212-libx11-dev_2%3a1.6.4-3ubuntu0.4_amd64.deb ...
#6 68.02 Unpacking libx11-dev:amd64 (2:1.6.4-3ubuntu0.4) ...
#6 68.11 Selecting previously unselected package libxrender-dev:amd64.
#6 68.11 Preparing to unpack .../213-libxrender-dev_1%3a0.9.10-1_amd64.deb ...
#6 68.12 Unpacking libxrender-dev:amd64 (1:0.9.10-1) ...
#6 68.14 Selecting previously unselected package x11proto-xext-dev.
#6 68.15 Preparing to unpack .../214-x11proto-xext-dev_2018.4-4_all.deb ...
#6 68.15 Unpacking x11proto-xext-dev (2018.4-4) ...
#6 68.17 Selecting previously unselected package libxext-dev:amd64.
#6 68.18 Preparing to unpack .../215-libxext-dev_2%3a1.3.3-1_amd64.deb ...
#6 68.18 Unpacking libxext-dev:amd64 (2:1.3.3-1) ...
#6 68.22 Selecting previously unselected package libice-dev:amd64.
#6 68.22 Preparing to unpack .../216-libice-dev_2%3a1.0.9-2ubuntu0.18.04.1_amd64.deb ...
#6 68.22 Unpacking libice-dev:amd64 (2:1.0.9-2ubuntu0.18.04.1) ...
#6 68.26 Selecting previously unselected package libsm-dev:amd64.
#6 68.26 Preparing to unpack .../217-libsm-dev_2%3a1.2.2-1_amd64.deb ...
#6 68.26 Unpacking libsm-dev:amd64 (2:1.2.2-1) ...
#6 68.29 Selecting previously unselected package libpixman-1-dev:amd64.
#6 68.30 Preparing to unpack .../218-libpixman-1-dev_0.34.0-2ubuntu0.1_amd64.deb ...
#6 68.30 Unpacking libpixman-1-dev:amd64 (0.34.0-2ubuntu0.1) ...
#6 68.36 Selecting previously unselected package libxcb-render0-dev:amd64.
#6 68.36 Preparing to unpack .../219-libxcb-render0-dev_1.13-2~ubuntu18.04_amd64.deb ...
#6 68.37 Unpacking libxcb-render0-dev:amd64 (1.13-2~ubuntu18.04) ...
#6 68.39 Selecting previously unselected package libxcb-shm0-dev:amd64.
#6 68.40 Preparing to unpack .../220-libxcb-shm0-dev_1.13-2~ubuntu18.04_amd64.deb ...
#6 68.40 Unpacking libxcb-shm0-dev:amd64 (1.13-2~ubuntu18.04) ...
#6 68.43 Selecting previously unselected package libglib2.0-bin.
#6 68.43 Preparing to unpack .../221-libglib2.0-bin_2.56.4-0ubuntu0.18.04.9_amd64.deb ...
#6 68.43 Unpacking libglib2.0-bin (2.56.4-0ubuntu0.18.04.9) ...
#6 68.47 Selecting previously unselected package python3-lib2to3.
#6 68.47 Preparing to unpack .../222-python3-lib2to3_3.6.9-1~18.04_all.deb ...
#6 68.47 Unpacking python3-lib2to3 (3.6.9-1~18.04) ...
#6 68.53 Selecting previously unselected package python3-distutils.
#6 68.53 Preparing to unpack .../223-python3-distutils_3.6.9-1~18.04_all.deb ...
#6 68.53 Unpacking python3-distutils (3.6.9-1~18.04) ...
#6 68.60 Selecting previously unselected package libglib2.0-dev-bin.
#6 68.60 Preparing to unpack .../224-libglib2.0-dev-bin_2.56.4-0ubuntu0.18.04.9_amd64.deb ...
#6 68.60 Unpacking libglib2.0-dev-bin (2.56.4-0ubuntu0.18.04.9) ...
#6 68.65 Selecting previously unselected package libpcre16-3:amd64.
#6 68.65 Preparing to unpack .../225-libpcre16-3_2%3a8.39-9ubuntu0.1_amd64.deb ...
#6 68.65 Unpacking libpcre16-3:amd64 (2:8.39-9ubuntu0.1) ...
#6 68.70 Selecting previously unselected package libpcre32-3:amd64.
#6 68.70 Preparing to unpack .../226-libpcre32-3_2%3a8.39-9ubuntu0.1_amd64.deb ...
#6 68.70 Unpacking libpcre32-3:amd64 (2:8.39-9ubuntu0.1) ...
#6 68.75 Selecting previously unselected package libpcrecpp0v5:amd64.
#6 68.76 Preparing to unpack .../227-libpcrecpp0v5_2%3a8.39-9ubuntu0.1_amd64.deb ...
#6 68.76 Unpacking libpcrecpp0v5:amd64 (2:8.39-9ubuntu0.1) ...
#6 68.79 Selecting previously unselected package libpcre3-dev:amd64.
#6 68.79 Preparing to unpack .../228-libpcre3-dev_2%3a8.39-9ubuntu0.1_amd64.deb ...
#6 68.79 Unpacking libpcre3-dev:amd64 (2:8.39-9ubuntu0.1) ...
#6 68.88 Selecting previously unselected package libglib2.0-dev:amd64.
#6 68.89 Preparing to unpack .../229-libglib2.0-dev_2.56.4-0ubuntu0.18.04.9_amd64.deb ...
#6 68.89 Unpacking libglib2.0-dev:amd64 (2.56.4-0ubuntu0.18.04.9) ...
#6 69.11 Selecting previously unselected package libcairo2-dev:amd64.
#6 69.11 Preparing to unpack .../230-libcairo2-dev_1.15.10-2ubuntu0.1_amd64.deb ...
#6 69.11 Unpacking libcairo2-dev:amd64 (1.15.10-2ubuntu0.1) ...
#6 69.22 Selecting previously unselected package libcups2:amd64.
#6 69.22 Preparing to unpack .../231-libcups2_2.2.7-1ubuntu2.10_amd64.deb ...
#6 69.22 Unpacking libcups2:amd64 (2.2.7-1ubuntu2.10) ...
#6 69.28 Selecting previously unselected package libcurl4-openssl-dev:amd64.
#6 69.28 Preparing to unpack .../232-libcurl4-openssl-dev_7.58.0-2ubuntu3.24_amd64.deb ...
#6 69.28 Unpacking libcurl4-openssl-dev:amd64 (7.58.0-2ubuntu3.24) ...
#6 69.36 Selecting previously unselected package libgpg-error-dev.
#6 69.37 Preparing to unpack .../233-libgpg-error-dev_1.27-6_amd64.deb ...
#6 69.37 Unpacking libgpg-error-dev (1.27-6) ...
#6 69.41 Selecting previously unselected package libgcrypt20-dev.
#6 69.41 Preparing to unpack .../234-libgcrypt20-dev_1.8.1-4ubuntu1.3_amd64.deb ...
#6 69.41 Unpacking libgcrypt20-dev (1.8.1-4ubuntu1.3) ...
#6 69.50 Selecting previously unselected package libgpm2:amd64.
#6 69.51 Preparing to unpack .../235-libgpm2_1.20.7-5_amd64.deb ...
#6 69.51 Unpacking libgpm2:amd64 (1.20.7-5) ...
#6 69.54 Selecting previously unselected package libgraphite2-dev:amd64.
#6 69.54 Preparing to unpack .../236-libgraphite2-dev_1.3.11-2_amd64.deb ...
#6 69.54 Unpacking libgraphite2-dev:amd64 (1.3.11-2) ...
#6 69.57 Selecting previously unselected package libxdot4.
#6 69.58 Preparing to unpack .../237-libxdot4_2.40.1-2_amd64.deb ...
#6 69.58 Unpacking libxdot4 (2.40.1-2) ...
#6 69.61 Selecting previously unselected package libgtk2.0-common.
#6 69.61 Preparing to unpack .../238-libgtk2.0-common_2.24.32-1ubuntu1_all.deb ...
#6 69.61 Unpacking libgtk2.0-common (2.24.32-1ubuntu1) ...
#6 69.66 Selecting previously unselected package libxcomposite1:amd64.
#6 69.66 Preparing to unpack .../239-libxcomposite1_1%3a0.4.4-2_amd64.deb ...
#6 69.66 Unpacking libxcomposite1:amd64 (1:0.4.4-2) ...
#6 69.69 Selecting previously unselected package libxfixes3:amd64.
#6 69.70 Preparing to unpack .../240-libxfixes3_1%3a5.0.3-1_amd64.deb ...
#6 69.70 Unpacking libxfixes3:amd64 (1:5.0.3-1) ...
#6 69.73 Selecting previously unselected package libxcursor1:amd64.
#6 69.73 Preparing to unpack .../241-libxcursor1_1%3a1.1.15-1_amd64.deb ...
#6 69.73 Unpacking libxcursor1:amd64 (1:1.1.15-1) ...
#6 69.76 Selecting previously unselected package libxdamage1:amd64.
#6 69.77 Preparing to unpack .../242-libxdamage1_1%3a1.1.4-3_amd64.deb ...
#6 69.77 Unpacking libxdamage1:amd64 (1:1.1.4-3) ...
#6 69.80 Selecting previously unselected package libxi6:amd64.
#6 69.80 Preparing to unpack .../243-libxi6_2%3a1.7.9-1_amd64.deb ...
#6 69.81 Unpacking libxi6:amd64 (2:1.7.9-1) ...
#6 69.84 Selecting previously unselected package libxrandr2:amd64.
#6 69.84 Preparing to unpack .../244-libxrandr2_2%3a1.5.1-1_amd64.deb ...
#6 69.84 Unpacking libxrandr2:amd64 (2:1.5.1-1) ...
#6 69.88 Selecting previously unselected package libgtk2.0-0:amd64.
#6 69.88 Preparing to unpack .../245-libgtk2.0-0_2.24.32-1ubuntu1_amd64.deb ...
#6 69.88 Unpacking libgtk2.0-0:amd64 (2.24.32-1ubuntu1) ...
#6 70.10 Selecting previously unselected package libgvc6-plugins-gtk.
#6 70.10 Preparing to unpack .../246-libgvc6-plugins-gtk_2.40.1-2_amd64.deb ...
#6 70.11 Unpacking libgvc6-plugins-gtk (2.40.1-2) ...
#6 70.14 Selecting previously unselected package libgraphviz-dev.
#6 70.14 Preparing to unpack .../247-libgraphviz-dev_2.40.1-2_amd64.deb ...
#6 70.14 Unpacking libgraphviz-dev (2.40.1-2) ...
#6 70.18 Selecting previously unselected package libharfbuzz-icu0:amd64.
#6 70.19 Preparing to unpack .../248-libharfbuzz-icu0_1.7.2-1ubuntu1_amd64.deb ...
#6 70.19 Unpacking libharfbuzz-icu0:amd64 (1.7.2-1ubuntu1) ...
#6 70.22 Selecting previously unselected package libharfbuzz-gobject0:amd64.
#6 70.22 Preparing to unpack .../249-libharfbuzz-gobject0_1.7.2-1ubuntu1_amd64.deb ...
#6 70.23 Unpacking libharfbuzz-gobject0:amd64 (1.7.2-1ubuntu1) ...
#6 70.26 Selecting previously unselected package libicu-le-hb0:amd64.
#6 70.26 Preparing to unpack .../250-libicu-le-hb0_1.0.3+git161113-4_amd64.deb ...
#6 70.26 Unpacking libicu-le-hb0:amd64 (1.0.3+git161113-4) ...
#6 70.30 Selecting previously unselected package libiculx60:amd64.
#6 70.31 Preparing to unpack .../251-libiculx60_60.2-3ubuntu3.2_amd64.deb ...
#6 70.31 Unpacking libiculx60:amd64 (60.2-3ubuntu3.2) ...
#6 70.36 Selecting previously unselected package libicu-le-hb-dev:amd64.
#6 70.36 Preparing to unpack .../252-libicu-le-hb-dev_1.0.3+git161113-4_amd64.deb ...
#6 70.36 Unpacking libicu-le-hb-dev:amd64 (1.0.3+git161113-4) ...
#6 70.40 Selecting previously unselected package libicu-dev.
#6 70.40 Preparing to unpack .../253-libicu-dev_60.2-3ubuntu3.2_amd64.deb ...
#6 70.40 Unpacking libicu-dev (60.2-3ubuntu3.2) ...
#6 71.38 Selecting previously unselected package libharfbuzz-dev:amd64.
#6 71.38 Preparing to unpack .../254-libharfbuzz-dev_1.7.2-1ubuntu1_amd64.deb ...
#6 71.38 Unpacking libharfbuzz-dev:amd64 (1.7.2-1ubuntu1) ...
#6 71.46 Selecting previously unselected package libhunspell-1.6-0:amd64.
#6 71.46 Preparing to unpack .../255-libhunspell-1.6-0_1.6.2-1_amd64.deb ...
#6 71.46 Unpacking libhunspell-1.6-0:amd64 (1.6.2-1) ...
#6 71.51 Selecting previously unselected package libhunspell-dev:amd64.
#6 71.52 Preparing to unpack .../256-libhunspell-dev_1.6.2-1_amd64.deb ...
#6 71.52 Unpacking libhunspell-dev:amd64 (1.6.2-1) ...
#6 71.57 Selecting previously unselected package libjpeg-turbo8-dev:amd64.
#6 71.58 Preparing to unpack .../257-libjpeg-turbo8-dev_1.5.2-0ubuntu5.18.04.6_amd64.deb ...
#6 71.58 Unpacking libjpeg-turbo8-dev:amd64 (1.5.2-0ubuntu5.18.04.6) ...
#6 71.64 Selecting previously unselected package libjpeg8-dev:amd64.
#6 71.64 Preparing to unpack .../258-libjpeg8-dev_8c-2ubuntu8_amd64.deb ...
#6 71.64 Unpacking libjpeg8-dev:amd64 (8c-2ubuntu8) ...
#6 71.67 Selecting previously unselected package libjpeg-dev:amd64.
#6 71.68 Preparing to unpack .../259-libjpeg-dev_8c-2ubuntu8_amd64.deb ...
#6 71.68 Unpacking libjpeg-dev:amd64 (8c-2ubuntu8) ...
#6 71.71 Selecting previously unselected package libpoppler-dev:amd64.
#6 71.71 Preparing to unpack .../260-libpoppler-dev_0.62.0-2ubuntu2.14_amd64.deb ...
#6 71.71 Unpacking libpoppler-dev:amd64 (0.62.0-2ubuntu2.14) ...
#6 71.74 Selecting previously unselected package libpoppler-glib-dev.
#6 71.75 Preparing to unpack .../261-libpoppler-glib-dev_0.62.0-2ubuntu2.14_amd64.deb ...
#6 71.75 Unpacking libpoppler-glib-dev (0.62.0-2ubuntu2.14) ...
#6 71.79 Selecting previously unselected package libpython2.7-stdlib:amd64.
#6 71.79 Preparing to unpack .../262-libpython2.7-stdlib_2.7.17-1~18.04ubuntu1.11_amd64.deb ...
#6 71.79 Unpacking libpython2.7-stdlib:amd64 (2.7.17-1~18.04ubuntu1.11) ...
#6 72.03 Selecting previously unselected package libpython2.7:amd64.
#6 72.04 Preparing to unpack .../263-libpython2.7_2.7.17-1~18.04ubuntu1.11_amd64.deb ...
#6 72.04 Unpacking libpython2.7:amd64 (2.7.17-1~18.04ubuntu1.11) ...
#6 72.20 Selecting previously unselected package libpython2.7-dev:amd64.
#6 72.20 Preparing to unpack .../264-libpython2.7-dev_2.7.17-1~18.04ubuntu1.11_amd64.deb ...
#6 72.20 Unpacking libpython2.7-dev:amd64 (2.7.17-1~18.04ubuntu1.11) ...
#6 74.44 Selecting previously unselected package libpython3.6:amd64.
#6 74.45 Preparing to unpack .../265-libpython3.6_3.6.9-1~18.04ubuntu1.12_amd64.deb ...
#6 74.45 Unpacking libpython3.6:amd64 (3.6.9-1~18.04ubuntu1.12) ...
#6 74.64 Selecting previously unselected package libserf-1-1:amd64.
#6 74.65 Preparing to unpack .../266-libserf-1-1_1.3.9-6_amd64.deb ...
#6 74.65 Unpacking libserf-1-1:amd64 (1.3.9-6) ...
#6 74.69 Selecting previously unselected package libssh2-1:amd64.
#6 74.69 Preparing to unpack .../267-libssh2-1_1.8.0-1ubuntu0.1_amd64.deb ...
#6 74.69 Unpacking libssh2-1:amd64 (1.8.0-1ubuntu0.1) ...
#6 74.73 Selecting previously unselected package libssh2-1-dev:amd64.
#6 74.73 Preparing to unpack .../268-libssh2-1-dev_1.8.0-1ubuntu0.1_amd64.deb ...
#6 74.74 Unpacking libssh2-1-dev:amd64 (1.8.0-1ubuntu0.1) ...
#6 74.80 Selecting previously unselected package libssl-dev:amd64.
#6 74.80 Preparing to unpack .../269-libssl-dev_1.1.1-1ubuntu2.1~18.04.23_amd64.deb ...
#6 74.80 Unpacking libssl-dev:amd64 (1.1.1-1ubuntu2.1~18.04.23) ...
#6 75.01 Selecting previously unselected package libsvn1:amd64.
#6 75.01 Preparing to unpack .../270-libsvn1_1.9.7-4ubuntu1.1_amd64.deb ...
#6 75.02 Unpacking libsvn1:amd64 (1.9.7-4ubuntu1.1) ...
#6 75.18 Selecting previously unselected package libjbig-dev:amd64.
#6 75.19 Preparing to unpack .../271-libjbig-dev_2.1-3.1ubuntu0.18.04.1_amd64.deb ...
#6 75.19 Unpacking libjbig-dev:amd64 (2.1-3.1ubuntu0.18.04.1) ...
#6 75.22 Selecting previously unselected package liblzma-dev:amd64.
#6 75.22 Preparing to unpack .../272-liblzma-dev_5.2.2-1.3ubuntu0.1_amd64.deb ...
#6 75.22 Unpacking liblzma-dev:amd64 (5.2.2-1.3ubuntu0.1) ...
#6 75.28 Selecting previously unselected package libtiffxx5:amd64.
#6 75.28 Preparing to unpack .../273-libtiffxx5_4.0.9-5ubuntu0.10_amd64.deb ...
#6 75.28 Unpacking libtiffxx5:amd64 (4.0.9-5ubuntu0.10) ...
#6 75.31 Selecting previously unselected package libtiff5-dev:amd64.
#6 75.31 Preparing to unpack .../274-libtiff5-dev_4.0.9-5ubuntu0.10_amd64.deb ...
#6 75.31 Unpacking libtiff5-dev:amd64 (4.0.9-5ubuntu0.10) ...
#6 75.39 Selecting previously unselected package libxml2-dev:amd64.
#6 75.39 Preparing to unpack .../275-libxml2-dev_2.9.4+dfsg1-6.1ubuntu1.9_amd64.deb ...
#6 75.39 Unpacking libxml2-dev:amd64 (2.9.4+dfsg1-6.1ubuntu1.9) ...
#6 75.51 Selecting previously unselected package libxslt1.1:amd64.
#6 75.51 Preparing to unpack .../276-libxslt1.1_1.1.29-5ubuntu0.3_amd64.deb ...
#6 75.51 Unpacking libxslt1.1:amd64 (1.1.29-5ubuntu0.3) ...
#6 75.56 Selecting previously unselected package libxslt1-dev:amd64.
#6 75.57 Preparing to unpack .../277-libxslt1-dev_1.1.29-5ubuntu0.3_amd64.deb ...
#6 75.57 Unpacking libxslt1-dev:amd64 (1.1.29-5ubuntu0.3) ...
#6 75.65 Selecting previously unselected package libxt-dev:amd64.
#6 75.66 Preparing to unpack .../278-libxt-dev_1%3a1.1.5-1_amd64.deb ...
#6 75.66 Unpacking libxt-dev:amd64 (1:1.1.5-1) ...
#6 75.75 Selecting previously unselected package net-tools.
#6 75.75 Preparing to unpack .../279-net-tools_1.60+git20161116.90da8a0-1ubuntu1_amd64.deb ...
#6 75.75 Unpacking net-tools (1.60+git20161116.90da8a0-1ubuntu1) ...
#6 75.81 Selecting previously unselected package python2.7.
#6 75.81 Preparing to unpack .../280-python2.7_2.7.17-1~18.04ubuntu1.11_amd64.deb ...
#6 75.81 Unpacking python2.7 (2.7.17-1~18.04ubuntu1.11) ...
#6 75.86 Selecting previously unselected package python2.7-dev.
#6 75.87 Preparing to unpack .../281-python2.7-dev_2.7.17-1~18.04ubuntu1.11_amd64.deb ...
#6 75.87 Unpacking python2.7-dev (2.7.17-1~18.04ubuntu1.11) ...
#6 75.91 Selecting previously unselected package sloccount.
#6 75.91 Preparing to unpack .../282-sloccount_2.26-5.2_amd64.deb ...
#6 75.91 Unpacking sloccount (2.26-5.2) ...
#6 75.96 Selecting previously unselected package subversion.
#6 75.97 Preparing to unpack .../283-subversion_1.9.7-4ubuntu1.1_amd64.deb ...
#6 75.98 Unpacking subversion (1.9.7-4ubuntu1.1) ...
#6 76.12 Selecting previously unselected package unzip.
#6 76.12 Preparing to unpack .../284-unzip_6.0-21ubuntu1.2_amd64.deb ...
#6 76.12 Unpacking unzip (6.0-21ubuntu1.2) ...
#6 76.18 Selecting previously unselected package vim-runtime.
#6 76.18 Preparing to unpack .../285-vim-runtime_2%3a8.0.1453-1ubuntu1.13_all.deb ...
#6 76.20 Adding 'diversion of /usr/share/vim/vim80/doc/help.txt to /usr/share/vim/vim80/doc/help.txt.vim-tiny by vim-runtime'
#6 76.21 Adding 'diversion of /usr/share/vim/vim80/doc/tags to /usr/share/vim/vim80/doc/tags.vim-tiny by vim-runtime'
#6 76.21 Unpacking vim-runtime (2:8.0.1453-1ubuntu1.13) ...
#6 76.85 Selecting previously unselected package vim.
#6 76.85 Preparing to unpack .../286-vim_2%3a8.0.1453-1ubuntu1.13_amd64.deb ...
#6 76.86 Unpacking vim (2:8.0.1453-1ubuntu1.13) ...
#6 77.02 Selecting previously unselected package xsltproc.
#6 77.02 Preparing to unpack .../287-xsltproc_1.1.29-5ubuntu0.3_amd64.deb ...
#6 77.03 Unpacking xsltproc (1.1.29-5ubuntu0.3) ...
#6 77.06 Selecting previously unselected package libyaml-dev:amd64.
#6 77.06 Preparing to unpack .../288-libyaml-dev_0.1.7-2ubuntu3_amd64.deb ...
#6 77.06 Unpacking libyaml-dev:amd64 (0.1.7-2ubuntu3) ...
#6 77.12 Setting up libquadmath0:amd64 (8.4.0-1ubuntu1~18.04) ...
#6 77.13 Setting up libnpth0:amd64 (1.5-3) ...
#6 77.14 Setting up libedit2:amd64 (3.1-20170329-1) ...
#6 77.14 Setting up libgomp1:amd64 (8.4.0-1ubuntu1~18.04) ...
#6 77.15 Setting up libatomic1:amd64 (8.4.0-1ubuntu1~18.04) ...
#6 77.15 Setting up libapr1:amd64 (1.6.3-2) ...
#6 77.16 Setting up readline-common (7.0-3) ...
#6 77.17 Setting up libxapian30:amd64 (1.4.5-1ubuntu0.1) ...
#6 77.18 Setting up git-man (1:2.17.1-1ubuntu0.18) ...
#6 77.18 Setting up libpathplan4 (2.40.1-2) ...
#6 77.19 Setting up libicu60:amd64 (60.2-3ubuntu3.2) ...
#6 77.19 Setting up libcc1-0:amd64 (8.4.0-1ubuntu1~18.04) ...
#6 77.20 Setting up less (487-0.1) ...
#6 77.30 Setting up make (4.1-9.1ubuntu1) ...
#6 77.30 Setting up liblab-gamut1 (2.40.1-2) ...
#6 77.30 Setting up libgtk2.0-common (2.24.32-1ubuntu1) ...
#6 77.31 Setting up apt-transport-https (1.6.17) ...
#6 77.32 Setting up libxdot4 (2.40.1-2) ...
#6 77.32 Setting up libnghttp2-14:amd64 (1.30.0-1ubuntu1) ...
#6 77.32 Setting up mime-support (3.60ubuntu1) ...
#6 77.36 Setting up xxd (2:8.0.1453-1ubuntu1.13) ...
#6 77.37 Setting up libllvm6.0:amd64 (1:6.0-1ubuntu2) ...
#6 77.37 Setting up sudo (1.8.21p2-3ubuntu1.6) ...
#6 77.39 Setting up libhunspell-1.6-0:amd64 (1.6.2-1) ...
#6 77.39 Setting up libpng16-16:amd64 (1.6.34-1ubuntu0.18.04.2) ...
#6 77.40 Setting up liblcms2-2:amd64 (2.9-1ubuntu0.1) ...
#6 77.40 Setting up libjbig0:amd64 (2.1-3.1ubuntu0.18.04.1) ...
#6 77.40 Setting up libgpm2:amd64 (1.20.7-5) ...
#6 77.41 Setting up libldap-common (2.4.45+dfsg-1ubuntu1.11) ...
#6 77.42 Setting up libhunspell-dev:amd64 (1.6.2-1) ...
#6 77.42 Setting up libpthread-stubs0-dev:amd64 (0.3-4) ...
#6 77.43 Setting up fonts-dejavu-core (2.37-1) ...
#6 77.45 Setting up libuv1:amd64 (1.18.0-3) ...
#6 77.46 Setting up libreadline7:amd64 (7.0-3) ...
#6 77.46 Setting up libpsl5:amd64 (0.19.1-5build1) ...
#6 77.47 Setting up libelf1:amd64 (0.170-0.4ubuntu0.1) ...
#6 77.47 Setting up libtsan0:amd64 (8.4.0-1ubuntu1~18.04) ...
#6 77.48 Setting up libssl-dev:amd64 (1.1.1-1ubuntu2.1~18.04.23) ...
#6 77.48 Setting up libglib2.0-0:amd64 (2.56.4-0ubuntu0.18.04.9) ...
#6 77.49 No schema files found: doing nothing.
#6 77.50 Setting up xorg-sgml-doctools (1:1.11-1) ...
#6 77.50 Setting up libgpg-error-dev (1.27-6) ...
#6 77.51 Setting up libsasl2-modules-db:amd64 (2.1.27~101-g0780600+dfsg-3ubuntu2.4) ...
#6 77.51 Setting up unzip (6.0-21ubuntu1.2) ...
#6 77.53 Setting up linux-libc-dev:amd64 (4.15.0-213.224) ...
#6 77.54 Setting up libmpfr6:amd64 (4.0.1-1) ...
#6 77.54 Setting up libsasl2-2:amd64 (2.1.27~101-g0780600+dfsg-3ubuntu2.4) ...
#6 77.55 Setting up libclang1-6.0:amd64 (1:6.0-1ubuntu2) ...
#6 77.55 Setting up libgdk-pixbuf2.0-common (2.36.11-2) ...
#6 77.56 Setting up distro-info-data (0.37ubuntu0.21) ...
#6 77.57 Setting up libdatrie1:amd64 (0.2.10-7) ...
#6 77.57 Setting up cmake-data (3.10.2-1ubuntu2.18.04.2) ...
#6 77.58 Setting up libjpeg-turbo8:amd64 (1.5.2-0ubuntu5.18.04.6) ...
#6 77.58 Setting up libroken18-heimdal:amd64 (7.5.0+dfsg-1ubuntu0.4) ...
#6 77.59 Setting up libksba8:amd64 (1.3.5-2ubuntu0.18.04.2) ...
#6 77.59 Setting up librtmp1:amd64 (2.4+20151223.gitfa8646d.1-1) ...
#6 77.60 Setting up perl-modules-5.26 (5.26.1-6ubuntu0.7) ...
#6 77.60 Setting up libgdbm5:amd64 (1.14.1-6) ...
#6 77.61 Setting up exuberant-ctags (1:5.9~svn20110310-11ubuntu0.1) ...
#6 77.62 update-alternatives: using /usr/bin/ctags-exuberant to provide /usr/bin/ctags (ctags) in auto mode
#6 77.62 update-alternatives: warning: skip creation of /usr/share/man/man1/ctags.1.gz because associated file /usr/share/man/man1/ctags-exuberant.1.gz (of link group ctags) doesn't exist
#6 77.62 update-alternatives: using /usr/bin/ctags-exuberant to provide /usr/bin/etags (etags) in auto mode
#6 77.62 update-alternatives: warning: skip creation of /usr/share/man/man1/etags.1.gz because associated file /usr/share/man/man1/ctags-exuberant.1.gz (of link group etags) doesn't exist
#6 77.62 Setting up libbsd0:amd64 (0.8.7-1ubuntu0.1) ...
#6 77.63 Setting up libkrb5support0:amd64 (1.16-2ubuntu0.4) ...
#6 77.63 Setting up libnspr4:amd64 (2:4.18-1ubuntu1) ...
#6 77.64 Setting up ucf (3.0038) ...
#6 77.73 Setting up libgirepository-1.0-1:amd64 (1.56.1-1) ...
#6 77.73 Setting up libxml2:amd64 (2.9.4+dfsg1-6.1ubuntu1.9) ...
#6 77.74 Setting up x11proto-dev (2018.4-4) ...
#6 77.74 Setting up libfreetype6:amd64 (2.8.1-2ubuntu2.2) ...
#6 77.75 Setting up gnupg-l10n (2.2.4-1ubuntu1.6) ...
#6 77.75 Setting up libgraphite2-3:amd64 (1.3.11-2) ...
#6 77.76 Setting up librhash0:amd64 (1.3.6-2) ...
#6 77.76 Setting up libjbig-dev:amd64 (2.1-3.1ubuntu0.18.04.1) ...
#6 77.76 Setting up liblsan0:amd64 (8.4.0-1ubuntu1~18.04) ...
#6 77.77 Setting up libcroco3:amd64 (0.6.12-2) ...
#6 77.78 Setting up libxslt1.1:amd64 (1.1.29-5ubuntu0.3) ...
#6 77.78 Setting up gcc-7-base:amd64 (7.5.0-3ubuntu1~18.04) ...
#6 77.78 Setting up binutils-common:amd64 (2.30-21ubuntu1~18.04.9) ...
#6 77.79 Setting up libatk1.0-data (2.28.1-1) ...
#6 77.79 Setting up libmpx2:amd64 (8.4.0-1ubuntu1~18.04) ...
#6 77.81 Setting up libyaml-0-2:amd64 (0.1.7-2ubuntu3) ...
#6 77.82 Setting up libpixman-1-0:amd64 (0.34.0-2ubuntu0.1) ...
#6 77.82 Setting up xtrans-dev (1.3.5-1) ...
#6 77.82 Setting up gir1.2-glib-2.0:amd64 (1.56.1-1) ...
#6 77.83 Setting up x11proto-xext-dev (2018.4-4) ...
#6 77.83 Setting up libssh2-1:amd64 (1.8.0-1ubuntu0.1) ...
#6 77.84 Setting up patch (2.7.6-2ubuntu1.1) ...
#6 77.84 Setting up libglib2.0-data (2.56.4-0ubuntu0.18.04.9) ...
#6 77.85 Setting up libpixman-1-dev:amd64 (0.34.0-2ubuntu0.1) ...
#6 77.85 Setting up libatk1.0-0:amd64 (2.28.1-1) ...
#6 77.85 Setting up xz-utils (5.2.2-1.3ubuntu0.1) ...
#6 77.86 update-alternatives: using /usr/bin/xz to provide /usr/bin/lzma (lzma) in auto mode
#6 77.86 update-alternatives: warning: skip creation of /usr/share/man/man1/lzma.1.gz because associated file /usr/share/man/man1/xz.1.gz (of link group lzma) doesn't exist
#6 77.86 update-alternatives: warning: skip creation of /usr/share/man/man1/unlzma.1.gz because associated file /usr/share/man/man1/unxz.1.gz (of link group lzma) doesn't exist
#6 77.86 update-alternatives: warning: skip creation of /usr/share/man/man1/lzcat.1.gz because associated file /usr/share/man/man1/xzcat.1.gz (of link group lzma) doesn't exist
#6 77.86 update-alternatives: warning: skip creation of /usr/share/man/man1/lzmore.1.gz because associated file /usr/share/man/man1/xzmore.1.gz (of link group lzma) doesn't exist
#6 77.86 update-alternatives: warning: skip creation of /usr/share/man/man1/lzless.1.gz because associated file /usr/share/man/man1/xzless.1.gz (of link group lzma) doesn't exist
#6 77.86 update-alternatives: warning: skip creation of /usr/share/man/man1/lzdiff.1.gz because associated file /usr/share/man/man1/xzdiff.1.gz (of link group lzma) doesn't exist
#6 77.86 update-alternatives: warning: skip creation of /usr/share/man/man1/lzcmp.1.gz because associated file /usr/share/man/man1/xzcmp.1.gz (of link group lzma) doesn't exist
#6 77.86 update-alternatives: warning: skip creation of /usr/share/man/man1/lzgrep.1.gz because associated file /usr/share/man/man1/xzgrep.1.gz (of link group lzma) doesn't exist
#6 77.86 update-alternatives: warning: skip creation of /usr/share/man/man1/lzegrep.1.gz because associated file /usr/share/man/man1/xzegrep.1.gz (of link group lzma) doesn't exist
#6 77.86 update-alternatives: warning: skip creation of /usr/share/man/man1/lzfgrep.1.gz because associated file /usr/share/man/man1/xzfgrep.1.gz (of link group lzma) doesn't exist
#6 77.87 Setting up libaprutil1:amd64 (1.6.1-2ubuntu0.1) ...
#6 77.87 Setting up libheimbase1-heimdal:amd64 (7.5.0+dfsg-1ubuntu0.4) ...
#6 77.87 Setting up libltdl7:amd64 (2.4.6-2) ...
#6 77.88 Setting up openssl (1.1.1-1ubuntu2.1~18.04.23) ...
#6 77.89 Setting up wget (1.19.4-1ubuntu2.2) ...
#6 77.89 Setting up vim-common (2:8.0.1453-1ubuntu1.13) ...
#6 77.90 Setting up libsqlite3-0:amd64 (3.22.0-1ubuntu0.7) ...
#6 77.90 Setting up libann0 (1.1.2+doc-6) ...
#6 77.91 Setting up shared-mime-info (1.9-2) ...
#6 78.92 Setting up libpcrecpp0v5:amd64 (2:8.39-9ubuntu0.1) ...
#6 78.93 Setting up libpcre32-3:amd64 (2:8.39-9ubuntu0.1) ...
#6 78.93 Setting up vim-runtime (2:8.0.1453-1ubuntu1.13) ...
#6 79.10 Setting up astyle (3.1-1ubuntu2) ...
#6 79.10 Setting up libmpc3:amd64 (1.1.0-1) ...
#6 79.11 Setting up icu-devtools (60.2-3ubuntu3.2) ...
#6 79.11 Setting up libc-dev-bin (2.27-3ubuntu1.6) ...
#6 79.12 Setting up libpcre16-3:amd64 (2:8.39-9ubuntu0.1) ...
#6 79.12 Setting up libthai-data (0.1.27-2) ...
#6 79.13 Setting up liblzma-dev:amd64 (5.2.2-1.3ubuntu0.1) ...
#6 79.13 Setting up libxdmcp6:amd64 (1:1.1.2-3) ...
#6 79.14 Setting up libgdbm-compat4:amd64 (1.14.1-6) ...
#6 79.14 Setting up libkeyutils1:amd64 (1.5.9-9.2ubuntu2.1) ...
#6 79.15 Setting up libpython2.7-minimal:amd64 (2.7.17-1~18.04ubuntu1.11) ...
#6 79.16 Setting up net-tools (1.60+git20161116.90da8a0-1ubuntu1) ...
#6 79.16 Setting up x11-common (1:7.7+19ubuntu7.1) ...
#6 79.29 update-rc.d: warning: start and stop actions are no longer supported; falling back to defaults
#6 79.30 invoke-rc.d: could not determine current runlevel
#6 79.31 invoke-rc.d: policy-rc.d denied execution of start.
#6 79.32 Setting up ca-certificates (20230311ubuntu0.18.04.1) ...
#6 80.18 Updating certificates in /etc/ssl/certs...
#6 81.34 137 added, 0 removed; done.
#6 81.37 Setting up hicolor-icon-theme (0.17-2) ...
#6 81.39 Setting up libglib2.0-bin (2.56.4-0ubuntu0.18.04.9) ...
#6 81.40 Setting up libc6-dev:amd64 (2.27-3ubuntu1.6) ...
#6 81.40 Setting up libmnl0:amd64 (1.0.4-2) ...
#6 81.41 Setting up libgraphite2-dev:amd64 (1.3.11-2) ...
#6 81.41 Setting up libassuan0:amd64 (2.5.1-2) ...
#6 81.42 Setting up libcdt5 (2.40.1-2) ...
#6 81.42 Setting up libitm1:amd64 (8.4.0-1ubuntu1~18.04) ...
#6 81.42 Setting up libx11-data (2:1.6.4-3ubuntu0.4) ...
#6 81.43 Setting up libpython2.7-stdlib:amd64 (2.7.17-1~18.04ubuntu1.11) ...
#6 81.43 Setting up libxau6:amd64 (1:1.0.8-1ubuntu1) ...
#6 81.44 Setting up libmpdec2:amd64 (2.4.2-1ubuntu1) ...
#6 81.44 Setting up libdbus-1-3:amd64 (1.12.2-1ubuntu1.4) ...
#6 81.45 Setting up liblzo2-2:amd64 (2.08-1.2) ...
#6 81.46 Setting up python2.7-minimal (2.7.17-1~18.04ubuntu1.11) ...
#6 81.78 Setting up libavahi-common-data:amd64 (0.7-3.1ubuntu1.3) ...
#6 81.78 Setting up libcgraph6 (2.40.1-2) ...
#6 81.79 Setting up libwebp6:amd64 (0.6.1-2ubuntu0.18.04.2) ...
#6 81.79 Setting up zlib1g-dev:amd64 (1:1.2.11.dfsg-0ubuntu2.2) ...
#6 81.80 Setting up libjpeg8:amd64 (8c-2ubuntu8) ...
#6 81.80 Setting up libisl19:amd64 (0.19-1) ...
#6 81.81 Setting up libjsoncpp1:amd64 (1.7.4-3) ...
#6 81.81 Setting up libpython3.6-stdlib:amd64 (3.6.9-1~18.04ubuntu1.12) ...
#6 81.81 Setting up libgts-0.7-5:amd64 (0.7.6+darcs121130-4) ...
#6 81.82 Setting up libk5crypto3:amd64 (1.16-2ubuntu0.4) ...
#6 81.82 Setting up libpcre3-dev:amd64 (2:8.39-9ubuntu0.1) ...
#6 81.82 Setting up fontconfig-config (2.12.6-0ubuntu2) ...
#6 81.92 Setting up libbz2-dev:amd64 (1.0.6-8.1ubuntu0.2) ...
#6 81.92 Setting up python3.6 (3.6.9-1~18.04ubuntu1.12) ...
#6 82.66 Setting up x11proto-core-dev (2018.4-4) ...
#6 82.66 Setting up libwind0-heimdal:amd64 (7.5.0+dfsg-1ubuntu0.4) ...
#6 82.67 Setting up libasan4:amd64 (7.5.0-3ubuntu1~18.04) ...
#6 82.67 Setting up libgfortran4:amd64 (7.5.0-3ubuntu1~18.04) ...
#6 82.68 Setting up libbinutils:amd64 (2.30-21ubuntu1~18.04.9) ...
#6 82.68 Setting up libarchive13:amd64 (3.2.2-3.1ubuntu0.7) ...
#6 82.68 Setting up libgvpr2 (2.40.1-2) ...
#6 82.69 Setting up libcilkrts5:amd64 (7.5.0-3ubuntu1~18.04) ...
#6 82.69 Setting up gir1.2-freedesktop:amd64 (1.56.1-1) ...
#6 82.70 Setting up libasn1-8-heimdal:amd64 (7.5.0+dfsg-1ubuntu0.4) ...
#6 82.70 Setting up libubsan0:amd64 (7.5.0-3ubuntu1~18.04) ...
#6 82.70 Setting up gpgconf (2.2.4-1ubuntu1.6) ...
#6 82.71 Setting up libhcrypto4-heimdal:amd64 (7.5.0+dfsg-1ubuntu0.4) ...
#6 82.71 Setting up doxygen (1.8.13-10) ...
#6 82.72 Setting up python2.7 (2.7.17-1~18.04ubuntu1.11) ...
#6 83.50 Setting up libnss3:amd64 (2:3.35-2ubuntu2.16) ...
#6 83.50 Setting up libharfbuzz0b:amd64 (1.7.2-1ubuntu1) ...
#6 83.51 Setting up libtiff5:amd64 (4.0.9-5ubuntu0.10) ...
#6 83.51 Setting up libxau-dev:amd64 (1:1.0.8-1ubuntu1) ...
#6 83.52 Setting up xsltproc (1.1.29-5ubuntu0.3) ...
#6 83.52 Setting up libyaml-dev:amd64 (0.1.7-2ubuntu3) ...
#6 83.53 Setting up libthai0:amd64 (0.1.27-2) ...
#6 83.53 Setting up iproute2 (4.15.0-2ubuntu1.3) ...
#6 83.56 Setting up libhx509-5-heimdal:amd64 (7.5.0+dfsg-1ubuntu0.4) ...
#6 83.56 Setting up libgcc-7-dev:amd64 (7.5.0-3ubuntu1~18.04) ...
#6 83.57 Setting up cpp-7 (7.5.0-3ubuntu1~18.04) ...
#6 83.57 Setting up libstdc++-7-dev:amd64 (7.5.0-3ubuntu1~18.04) ...
#6 83.57 Setting up libjpeg-turbo8-dev:amd64 (1.5.2-0ubuntu5.18.04.6) ...
#6 83.58 Setting up libxdmcp-dev:amd64 (1:1.1.2-3) ...
#6 83.58 Setting up libjpeg8-dev:amd64 (8c-2ubuntu8) ...
#6 83.59 Setting up gir1.2-harfbuzz-0.0:amd64 (1.7.2-1ubuntu1) ...
#6 83.59 Setting up libjpeg-dev:amd64 (8c-2ubuntu8) ...
#6 83.60 Setting up libgcrypt20-dev (1.8.1-4ubuntu1.3) ...
#6 83.60 Setting up libperl5.26:amd64 (5.26.1-6ubuntu0.7) ...
#6 83.61 Setting up gpgsm (2.2.4-1ubuntu1.6) ...
#6 83.61 Setting up libpython2.7:amd64 (2.7.17-1~18.04ubuntu1.11) ...
#6 83.62 Setting up libgfortran-7-dev:amd64 (7.5.0-3ubuntu1~18.04) ...
#6 83.63 Setting up gnupg-utils (2.2.4-1ubuntu1.6) ...
#6 83.63 Setting up libice6:amd64 (2:1.0.9-2ubuntu0.18.04.1) ...
#6 83.64 Setting up libtiffxx5:amd64 (4.0.9-5ubuntu0.10) ...
#6 83.64 Setting up libexpat1-dev:amd64 (2.2.5-3ubuntu0.9) ...
#6 83.65 Setting up pinentry-curses (1.1.0-1) ...
#6 83.66 Setting up libkrb5-3:amd64 (1.16-2ubuntu0.4) ...
#6 83.66 Setting up libpython2.7-dev:amd64 (2.7.17-1~18.04ubuntu1.11) ...
#6 83.67 Setting up libavahi-common3:amd64 (0.7-3.1ubuntu1.3) ...
#6 83.68 Setting up libkrb5-26-heimdal:amd64 (7.5.0+dfsg-1ubuntu0.4) ...
#6 83.68 Setting up libpng-dev:amd64 (1.6.34-1ubuntu0.18.04.2) ...
#6 83.69 Setting up python2.7-dev (2.7.17-1~18.04ubuntu1.11) ...
#6 83.69 Setting up libxcb1:amd64 (1.13-2~ubuntu18.04) ...
#6 83.70 Setting up libharfbuzz-gobject0:amd64 (1.7.2-1ubuntu1) ...
#6 83.70 Setting up libheimntlm0-heimdal:amd64 (7.5.0+dfsg-1ubuntu0.4) ...
#6 83.71 Setting up gpg (2.2.4-1ubuntu1.6) ...
#6 83.71 Setting up libpython3.6:amd64 (3.6.9-1~18.04ubuntu1.12) ...
#6 83.72 Setting up binutils-x86-64-linux-gnu (2.30-21ubuntu1~18.04.9) ...
#6 83.72 Setting up libpython3-stdlib:amd64 (3.6.7-1~18.04) ...
#6 83.73 Setting up cpp (4:7.4.0-1ubuntu2.3) ...
#6 83.74 Setting up libfontconfig1:amd64 (2.12.6-0ubuntu2) ...
#6 83.74 Setting up libsm6:amd64 (2:1.2.2-1) ...
#6 83.76 Setting up libxcb-render0:amd64 (1.13-2~ubuntu18.04) ...
#6 83.76 Setting up libharfbuzz-icu0:amd64 (1.7.2-1ubuntu1) ...
#6 83.76 Setting up python3 (3.6.7-1~18.04) ...
#6 84.23 Setting up vim (2:8.0.1453-1ubuntu1.13) ...
#6 84.24 update-alternatives: using /usr/bin/vim.basic to provide /usr/bin/vim (vim) in auto mode
#6 84.24 update-alternatives: using /usr/bin/vim.basic to provide /usr/bin/vimdiff (vimdiff) in auto mode
#6 84.25 update-alternatives: using /usr/bin/vim.basic to provide /usr/bin/rvim (rvim) in auto mode
#6 84.25 update-alternatives: using /usr/bin/vim.basic to provide /usr/bin/rview (rview) in auto mode
#6 84.25 update-alternatives: using /usr/bin/vim.basic to provide /usr/bin/vi (vi) in auto mode
#6 84.25 update-alternatives: warning: skip creation of /usr/share/man/fr/man1/vi.1.gz because associated file /usr/share/man/fr/man1/vim.1.gz (of link group vi) doesn't exist
#6 84.25 update-alternatives: warning: skip creation of /usr/share/man/it/man1/vi.1.gz because associated file /usr/share/man/it/man1/vim.1.gz (of link group vi) doesn't exist
#6 84.25 update-alternatives: warning: skip creation of /usr/share/man/pl/man1/vi.1.gz because associated file /usr/share/man/pl/man1/vim.1.gz (of link group vi) doesn't exist
#6 84.25 update-alternatives: warning: skip creation of /usr/share/man/ru/man1/vi.1.gz because associated file /usr/share/man/ru/man1/vim.1.gz (of link group vi) doesn't exist
#6 84.25 update-alternatives: warning: skip creation of /usr/share/man/ja/man1/vi.1.gz because associated file /usr/share/man/ja/man1/vim.1.gz (of link group vi) doesn't exist
#6 84.25 update-alternatives: warning: skip creation of /usr/share/man/man1/vi.1.gz because associated file /usr/share/man/man1/vim.1.gz (of link group vi) doesn't exist
#6 84.26 update-alternatives: using /usr/bin/vim.basic to provide /usr/bin/view (view) in auto mode
#6 84.26 update-alternatives: warning: skip creation of /usr/share/man/fr/man1/view.1.gz because associated file /usr/share/man/fr/man1/vim.1.gz (of link group view) doesn't exist
#6 84.26 update-alternatives: warning: skip creation of /usr/share/man/it/man1/view.1.gz because associated file /usr/share/man/it/man1/vim.1.gz (of link group view) doesn't exist
#6 84.26 update-alternatives: warning: skip creation of /usr/share/man/pl/man1/view.1.gz because associated file /usr/share/man/pl/man1/vim.1.gz (of link group view) doesn't exist
#6 84.26 update-alternatives: warning: skip creation of /usr/share/man/ru/man1/view.1.gz because associated file /usr/share/man/ru/man1/vim.1.gz (of link group view) doesn't exist
#6 84.26 update-alternatives: warning: skip creation of /usr/share/man/ja/man1/view.1.gz because associated file /usr/share/man/ja/man1/vim.1.gz (of link group view) doesn't exist
#6 84.26 update-alternatives: warning: skip creation of /usr/share/man/man1/view.1.gz because associated file /usr/share/man/man1/vim.1.gz (of link group view) doesn't exist
#6 84.26 update-alternatives: using /usr/bin/vim.basic to provide /usr/bin/ex (ex) in auto mode
#6 84.26 update-alternatives: warning: skip creation of /usr/share/man/fr/man1/ex.1.gz because associated file /usr/share/man/fr/man1/vim.1.gz (of link group ex) doesn't exist
#6 84.26 update-alternatives: warning: skip creation of /usr/share/man/it/man1/ex.1.gz because associated file /usr/share/man/it/man1/vim.1.gz (of link group ex) doesn't exist
#6 84.26 update-alternatives: warning: skip creation of /usr/share/man/pl/man1/ex.1.gz because associated file /usr/share/man/pl/man1/vim.1.gz (of link group ex) doesn't exist
#6 84.26 update-alternatives: warning: skip creation of /usr/share/man/ru/man1/ex.1.gz because associated file /usr/share/man/ru/man1/vim.1.gz (of link group ex) doesn't exist
#6 84.26 update-alternatives: warning: skip creation of /usr/share/man/ja/man1/ex.1.gz because associated file /usr/share/man/ja/man1/vim.1.gz (of link group ex) doesn't exist
#6 84.26 update-alternatives: warning: skip creation of /usr/share/man/man1/ex.1.gz because associated file /usr/share/man/man1/vim.1.gz (of link group ex) doesn't exist
#6 84.27 update-alternatives: using /usr/bin/vim.basic to provide /usr/bin/editor (editor) in auto mode
#6 84.27 update-alternatives: warning: skip creation of /usr/share/man/fr/man1/editor.1.gz because associated file /usr/share/man/fr/man1/vim.1.gz (of link group editor) doesn't exist
#6 84.27 update-alternatives: warning: skip creation of /usr/share/man/it/man1/editor.1.gz because associated file /usr/share/man/it/man1/vim.1.gz (of link group editor) doesn't exist
#6 84.27 update-alternatives: warning: skip creation of /usr/share/man/pl/man1/editor.1.gz because associated file /usr/share/man/pl/man1/vim.1.gz (of link group editor) doesn't exist
#6 84.27 update-alternatives: warning: skip creation of /usr/share/man/ru/man1/editor.1.gz because associated file /usr/share/man/ru/man1/vim.1.gz (of link group editor) doesn't exist
#6 84.27 update-alternatives: warning: skip creation of /usr/share/man/ja/man1/editor.1.gz because associated file /usr/share/man/ja/man1/vim.1.gz (of link group editor) doesn't exist
#6 84.27 update-alternatives: warning: skip creation of /usr/share/man/man1/editor.1.gz because associated file /usr/share/man/man1/vim.1.gz (of link group editor) doesn't exist
#6 84.28 Setting up libicu-le-hb0:amd64 (1.0.3+git161113-4) ...
#6 84.28 Setting up libtiff5-dev:amd64 (4.0.9-5ubuntu0.10) ...
#6 84.28 Setting up libx11-6:amd64 (2:1.6.4-3ubuntu0.4) ...
#6 84.29 Setting up gpg-agent (2.2.4-1ubuntu1.6) ...
#6 84.30 Setting up libssh2-1-dev:amd64 (1.8.0-1ubuntu0.1) ...
#6 84.30 Setting up gpg-wks-server (2.2.4-1ubuntu1.6) ...
#6 84.31 Setting up lsb-release (9.20170808ubuntu1) ...
#6 84.32 Setting up libgssapi-krb5-2:amd64 (1.16-2ubuntu0.4) ...
#6 84.32 Setting up perl (5.26.1-6ubuntu0.7) ...
#6 84.34 Setting up libpoppler73:amd64 (0.62.0-2ubuntu2.14) ...
#6 84.35 Setting up libserf-1-1:amd64 (1.3.9-6) ...
#6 84.35 Setting up libfreetype6-dev:amd64 (2.8.1-2ubuntu2.2) ...
#6 84.36 Setting up libice-dev:amd64 (2:1.0.9-2ubuntu0.18.04.1) ...
#6 84.36 Setting up libiculx60:amd64 (60.2-3ubuntu3.2) ...
#6 84.37 Setting up libxcomposite1:amd64 (1:0.4.4-2) ...
#6 84.38 Setting up libxcb-shm0:amd64 (1.13-2~ubuntu18.04) ...
#6 84.39 Setting up libxpm4:amd64 (1:3.5.12-1ubuntu0.18.04.2) ...
#6 84.39 Setting up libxt6:amd64 (1:1.1.5-1) ...
#6 84.40 Setting up libxrender1:amd64 (1:0.9.10-1) ...
#6 84.41 Setting up libxcb1-dev:amd64 (1.13-2~ubuntu18.04) ...
#6 84.41 Setting up libsvn1:amd64 (1.9.7-4ubuntu1.1) ...
#6 84.42 Setting up libavahi-client3:amd64 (0.7-3.1ubuntu1.3) ...
#6 84.42 Setting up binutils (2.30-21ubuntu1~18.04.9) ...
#6 84.43 Setting up libx11-dev:amd64 (2:1.6.4-3ubuntu0.4) ...
#6 84.43 Setting up libgssapi3-heimdal:amd64 (7.5.0+dfsg-1ubuntu0.4) ...
#6 84.44 Setting up python3-lib2to3 (3.6.9-1~18.04) ...
#6 84.57 Setting up python3-distutils (3.6.9-1~18.04) ...
#6 84.72 Setting up fontconfig (2.12.6-0ubuntu2) ...
#6 84.73 Regenerating fonts cache... done.
#6 86.80 Setting up libcups2:amd64 (2.2.7-1ubuntu2.10) ...
#6 86.80 Setting up libsm-dev:amd64 (2:1.2.2-1) ...
#6 86.81 Setting up libpoppler-dev:amd64 (0.62.0-2ubuntu2.14) ...
#6 86.81 Setting up libxdamage1:amd64 (1:1.1.4-3) ...
#6 86.81 Setting up libxext6:amd64 (2:1.3.3-1) ...
#6 86.83 Setting up libxfixes3:amd64 (1:5.0.3-1) ...
#6 86.83 Setting up libglib2.0-dev-bin (2.56.4-0ubuntu0.18.04.9) ...
#6 87.05 Setting up gcc-7 (7.5.0-3ubuntu1~18.04) ...
#6 87.06 Setting up liberror-perl (0.17025-1) ...
#6 87.06 Setting up g++-7 (7.5.0-3ubuntu1~18.04) ...
#6 87.06 Setting up libgdk-pixbuf2.0-0:amd64 (2.36.11-2) ...
#6 87.10 Setting up libxcb-shm0-dev:amd64 (1.13-2~ubuntu18.04) ...
#6 87.10 Setting up libdpkg-perl (1.19.0.5ubuntu2.4) ...
#6 87.11 Setting up sloccount (2.26-5.2) ...
#6 87.12 Setting up libgd3:amd64 (2.2.5-4ubuntu0.5) ...
#6 87.12 Setting up libxrender-dev:amd64 (1:0.9.10-1) ...
#6 87.13 Setting up gcc (4:7.4.0-1ubuntu2.3) ...
#6 87.15 Setting up libxmu6:amd64 (2:1.1.2-2) ...
#6 87.16 Setting up libxcb-render0-dev:amd64 (1.13-2~ubuntu18.04) ...
#6 87.16 Setting up gtk-update-icon-cache (3.22.30-1ubuntu4) ...
#6 87.17 Setting up dpkg-dev (1.19.0.5ubuntu2.4) ...
#6 87.18 Setting up libxcursor1:amd64 (1:1.1.15-1) ...
#6 87.18 Setting up libldap-2.4-2:amd64 (2.4.45+dfsg-1ubuntu1.11) ...
#6 87.19 Setting up libxext-dev:amd64 (2:1.3.3-1) ...
#6 87.20 Setting up libpango-1.0-0:amd64 (1.40.14-1ubuntu0.1) ...
#6 87.20 Setting up subversion (1.9.7-4ubuntu1.1) ...
#6 87.22 Setting up g++ (4:7.4.0-1ubuntu2.3) ...
#6 87.26 update-alternatives: using /usr/bin/g++ to provide /usr/bin/c++ (c++) in auto mode
#6 87.26 update-alternatives: warning: skip creation of /usr/share/man/man1/c++.1.gz because associated file /usr/share/man/man1/g++.1.gz (of link group c++) doesn't exist
#6 87.26 Setting up gfortran-7 (7.5.0-3ubuntu1~18.04) ...
#6 87.27 Setting up dirmngr (2.2.4-1ubuntu1.6) ...
#6 87.29 Setting up libxrandr2:amd64 (2:1.5.1-1) ...
#6 87.30 Setting up libxi6:amd64 (2:1.7.9-1) ...
#6 87.30 Setting up gfortran (4:7.4.0-1ubuntu2.3) ...
#6 87.31 update-alternatives: using /usr/bin/gfortran to provide /usr/bin/f95 (f95) in auto mode
#6 87.31 update-alternatives: warning: skip creation of /usr/share/man/man1/f95.1.gz because associated file /usr/share/man/man1/gfortran.1.gz (of link group f95) doesn't exist
#6 87.31 update-alternatives: using /usr/bin/gfortran to provide /usr/bin/f77 (f77) in auto mode
#6 87.31 update-alternatives: warning: skip creation of /usr/share/man/man1/f77.1.gz because associated file /usr/share/man/man1/gfortran.1.gz (of link group f77) doesn't exist
#6 87.32 Setting up libxaw7:amd64 (2:1.0.13-1) ...
#6 87.33 Setting up libcairo2:amd64 (1.15.10-2ubuntu0.1) ...
#6 87.34 Setting up libxinerama1:amd64 (2:1.1.3-1) ...
#6 87.35 Setting up libxt-dev:amd64 (1:1.1.5-1) ...
#6 87.36 Setting up libpoppler-glib8:amd64 (0.62.0-2ubuntu2.14) ...
#6 87.36 Setting up libcairo-script-interpreter2:amd64 (1.15.10-2ubuntu0.1) ...
#6 87.37 Setting up build-essential (12.4ubuntu1) ...
#6 87.37 Setting up libcurl3-gnutls:amd64 (7.58.0-2ubuntu3.24) ...
#6 87.38 Setting up libcairo-gobject2:amd64 (1.15.10-2ubuntu0.1) ...
#6 87.38 Setting up libcurl4:amd64 (7.58.0-2ubuntu3.24) ...
#6 87.39 Setting up gir1.2-poppler-0.18:amd64 (0.62.0-2ubuntu2.14) ...
#6 87.39 Setting up gpg-wks-client (2.2.4-1ubuntu1.6) ...
#6 87.40 Setting up libpangoft2-1.0-0:amd64 (1.40.14-1ubuntu0.1) ...
#6 87.40 Setting up pkg-config (0.29.1-0ubuntu2) ...
#6 87.44 Setting up cmake (3.10.2-1ubuntu2.18.04.2) ...
#6 87.44 Setting up libcurl4-openssl-dev:amd64 (7.58.0-2ubuntu3.24) ...
#6 87.45 Setting up git (1:2.17.1-1ubuntu0.18) ...
#6 87.50 Setting up libfontconfig1-dev:amd64 (2.12.6-0ubuntu2) ...
#6 87.50 Setting up curl (7.58.0-2ubuntu3.24) ...
#6 87.50 Setting up gnupg (2.2.4-1ubuntu1.6) ...
#6 87.51 Setting up libpangocairo-1.0-0:amd64 (1.40.14-1ubuntu0.1) ...
#6 87.51 Setting up libglib2.0-dev:amd64 (2.56.4-0ubuntu0.18.04.9) ...
#6 87.51 Setting up libgvc6 (2.40.1-2) ...
#6 87.54 Setting up librsvg2-2:amd64 (2.40.20-2ubuntu0.2) ...
#6 87.54 Setting up libcairo2-dev:amd64 (1.15.10-2ubuntu0.1) ...
#6 87.54 Setting up libpoppler-glib-dev (0.62.0-2ubuntu2.14) ...
#6 87.55 Setting up librsvg2-common:amd64 (2.40.20-2ubuntu0.2) ...
#6 87.56 Setting up graphviz (2.40.1-2) ...
#6 87.57 Setting up libicu-dev (60.2-3ubuntu3.2) ...
#6 87.58 Setting up libxml2-dev:amd64 (2.9.4+dfsg1-6.1ubuntu1.9) ...
#6 87.58 Setting up libharfbuzz-dev:amd64 (1.7.2-1ubuntu1) ...
#6 87.59 Setting up libxslt1-dev:amd64 (1.1.29-5ubuntu0.3) ...
#6 87.59 Setting up adwaita-icon-theme (3.28.0-1ubuntu1) ...
#6 87.62 update-alternatives: using /usr/share/icons/Adwaita/cursor.theme to provide /usr/share/icons/default/index.theme (x-cursor-theme) in auto mode
#6 87.63 Setting up libgtk2.0-0:amd64 (2.24.32-1ubuntu1) ...
#6 87.65 Setting up libicu-le-hb-dev:amd64 (1.0.3+git161113-4) ...
#6 87.65 Setting up libgvc6-plugins-gtk (2.40.1-2) ...
#6 87.69 Setting up humanity-icon-theme (0.6.15) ...
#6 87.91 Setting up libgraphviz-dev (2.40.1-2) ...
#6 87.91 Setting up ubuntu-mono (16.10+18.04.20181005-0ubuntu1) ...
#6 87.97 Processing triggers for libc-bin (2.27-3ubuntu1.6) ...
#6 88.00 Processing triggers for ca-certificates (20230311ubuntu0.18.04.1) ...
#6 88.01 Updating certificates in /etc/ssl/certs...
#6 88.92 0 added, 0 removed; done.
#6 88.92 Running hooks in /etc/ca-certificates/update.d...
#6 88.92 done.
#6 88.93 Processing triggers for libgdk-pixbuf2.0-0:amd64 (2.36.11-2) ...
#6 DONE 89.4s

#7 [ 3/16] RUN echo "mysql-server mysql-server/root_password password codeface" | debconf-set-selections &&     echo "mysql-server mysql-server/root_password_again password codeface" | debconf-set-selections &&     apt-get update -qq && apt-get install -y --no-install-recommends         mysql-server mysql-client libmysqlclient-dev     && rm -rf /var/lib/apt/lists/*
#7 32.59 Reading package lists...
#7 34.09 Building dependency tree...
#7 34.30 Reading state information...
#7 34.47 The following additional packages will be installed:
#7 34.48   libaio1 libevent-core-2.1-6 libmysqlclient20 libnuma1 libwrap0
#7 34.48   mysql-client-5.7 mysql-client-core-5.7 mysql-common mysql-server-5.7
#7 34.48   mysql-server-core-5.7 psmisc
#7 34.48 Suggested packages:
#7 34.48   mailx tinyca
#7 34.48 Recommended packages:
#7 34.48   libhtml-template-perl
#7 34.58 The following NEW packages will be installed:
#7 34.58   libaio1 libevent-core-2.1-6 libmysqlclient-dev libmysqlclient20 libnuma1
#7 34.58   libwrap0 mysql-client mysql-client-5.7 mysql-client-core-5.7 mysql-common
#7 34.58   mysql-server mysql-server-5.7 mysql-server-core-5.7 psmisc
#7 35.11 0 upgraded, 14 newly installed, 0 to remove and 1 not upgraded.
#7 35.11 Need to get 21.4 MB of archives.
#7 35.11 After this operation, 166 MB of additional disk space will be used.
#7 35.11 Get:1 http://archive.ubuntu.com/ubuntu bionic/main amd64 mysql-common all 5.8+1.0.4 [7308 B]
#7 35.39 Get:2 http://archive.ubuntu.com/ubuntu bionic-updates/main amd64 libaio1 amd64 0.3.110-5ubuntu0.1 [6476 B]
#7 35.39 Get:3 http://archive.ubuntu.com/ubuntu bionic-updates/main amd64 libnuma1 amd64 2.0.11-2.1ubuntu0.1 [22.0 kB]
#7 35.71 Get:4 http://archive.ubuntu.com/ubuntu bionic-updates/main amd64 mysql-client-core-5.7 amd64 5.7.42-0ubuntu0.18.04.1 [6752 kB]
#7 37.93 Get:5 http://archive.ubuntu.com/ubuntu bionic-updates/main amd64 mysql-client-5.7 amd64 5.7.42-0ubuntu0.18.04.1 [2028 kB]
#7 38.28 Get:6 http://archive.ubuntu.com/ubuntu bionic/main amd64 libwrap0 amd64 7.6.q-27 [46.3 kB]
#7 38.28 Get:7 http://archive.ubuntu.com/ubuntu bionic-updates/main amd64 mysql-server-core-5.7 amd64 5.7.42-0ubuntu0.18.04.1 [7542 kB]
#7 38.56 Get:8 http://archive.ubuntu.com/ubuntu bionic-updates/main amd64 psmisc amd64 23.1-1ubuntu0.1 [52.5 kB]
#7 38.56 Get:9 http://archive.ubuntu.com/ubuntu bionic/main amd64 libevent-core-2.1-6 amd64 2.1.8-stable-4build1 [85.9 kB]
#7 38.56 Get:10 http://archive.ubuntu.com/ubuntu bionic-updates/main amd64 mysql-server-5.7 amd64 5.7.42-0ubuntu0.18.04.1 [3011 kB]
#7 38.76 Get:11 http://archive.ubuntu.com/ubuntu bionic-updates/main amd64 libmysqlclient20 amd64 5.7.42-0ubuntu0.18.04.1 [730 kB]
#7 38.78 Get:12 http://archive.ubuntu.com/ubuntu bionic-updates/main amd64 libmysqlclient-dev amd64 5.7.42-0ubuntu0.18.04.1 [1078 kB]
#7 38.81 Get:13 http://archive.ubuntu.com/ubuntu bionic-updates/main amd64 mysql-client all 5.7.42-0ubuntu0.18.04.1 [9824 B]
#7 38.81 Get:14 http://archive.ubuntu.com/ubuntu bionic-updates/main amd64 mysql-server all 5.7.42-0ubuntu0.18.04.1 [9944 B]
#7 38.99 debconf: delaying package configuration, since apt-utils is not installed
#7 39.05 Fetched 21.4 MB in 4s (5069 kB/s)
#7 39.09 Selecting previously unselected package mysql-common.
#7 39.09 (Reading database ... (Reading database ... 5%(Reading database ... 10%(Reading database ... 15%(Reading database ... 20%(Reading database ... 25%(Reading database ... 30%(Reading database ... 35%(Reading database ... 40%(Reading database ... 45%(Reading database ... 50%(Reading database ... 55%(Reading database ... 60%(Reading database ... 65%(Reading database ... 70%(Reading database ... 75%(Reading database ... 80%(Reading database ... 85%(Reading database ... 90%(Reading database ... 95%(Reading database ... 100%(Reading database ... 35166 files and directories currently installed.)
#7 39.12 Preparing to unpack .../0-mysql-common_5.8+1.0.4_all.deb ...
#7 39.14 Unpacking mysql-common (5.8+1.0.4) ...
#7 39.17 Selecting previously unselected package libaio1:amd64.
#7 39.18 Preparing to unpack .../1-libaio1_0.3.110-5ubuntu0.1_amd64.deb ...
#7 39.18 Unpacking libaio1:amd64 (0.3.110-5ubuntu0.1) ...
#7 39.22 Selecting previously unselected package libnuma1:amd64.
#7 39.22 Preparing to unpack .../2-libnuma1_2.0.11-2.1ubuntu0.1_amd64.deb ...
#7 39.22 Unpacking libnuma1:amd64 (2.0.11-2.1ubuntu0.1) ...
#7 39.25 Selecting previously unselected package mysql-client-core-5.7.
#7 39.26 Preparing to unpack .../3-mysql-client-core-5.7_5.7.42-0ubuntu0.18.04.1_amd64.deb ...
#7 39.26 Unpacking mysql-client-core-5.7 (5.7.42-0ubuntu0.18.04.1) ...
#7 40.00 Selecting previously unselected package mysql-client-5.7.
#7 40.00 Preparing to unpack .../4-mysql-client-5.7_5.7.42-0ubuntu0.18.04.1_amd64.deb ...
#7 40.00 Unpacking mysql-client-5.7 (5.7.42-0ubuntu0.18.04.1) ...
#7 40.34 Selecting previously unselected package libwrap0:amd64.
#7 40.35 Preparing to unpack .../5-libwrap0_7.6.q-27_amd64.deb ...
#7 40.35 Unpacking libwrap0:amd64 (7.6.q-27) ...
#7 40.39 Selecting previously unselected package mysql-server-core-5.7.
#7 40.39 Preparing to unpack .../6-mysql-server-core-5.7_5.7.42-0ubuntu0.18.04.1_amd64.deb ...
#7 40.39 Unpacking mysql-server-core-5.7 (5.7.42-0ubuntu0.18.04.1) ...
#7 41.26 Selecting previously unselected package psmisc.
#7 41.26 Preparing to unpack .../7-psmisc_23.1-1ubuntu0.1_amd64.deb ...
#7 41.26 Unpacking psmisc (23.1-1ubuntu0.1) ...
#7 41.30 Selecting previously unselected package libevent-core-2.1-6:amd64.
#7 41.31 Preparing to unpack .../8-libevent-core-2.1-6_2.1.8-stable-4build1_amd64.deb ...
#7 41.31 Unpacking libevent-core-2.1-6:amd64 (2.1.8-stable-4build1) ...
#7 41.38 Setting up mysql-common (5.8+1.0.4) ...
#7 41.40 update-alternatives: using /etc/mysql/my.cnf.fallback to provide /etc/mysql/my.cnf (my.cnf) in auto mode
#7 41.45 Selecting previously unselected package mysql-server-5.7.
#7 41.45 (Reading database ... (Reading database ... 5%(Reading database ... 10%(Reading database ... 15%(Reading database ... 20%(Reading database ... 25%(Reading database ... 30%(Reading database ... 35%(Reading database ... 40%(Reading database ... 45%(Reading database ... 50%(Reading database ... 55%(Reading database ... 60%(Reading database ... 65%(Reading database ... 70%(Reading database ... 75%(Reading database ... 80%(Reading database ... 85%(Reading database ... 90%(Reading database ... 95%(Reading database ... 100%(Reading database ... 35374 files and directories currently installed.)
#7 41.48 Preparing to unpack .../mysql-server-5.7_5.7.42-0ubuntu0.18.04.1_amd64.deb ...
#7 41.76 Unpacking mysql-server-5.7 (5.7.42-0ubuntu0.18.04.1) ...
#7 42.24 Selecting previously unselected package libmysqlclient20:amd64.
#7 42.24 Preparing to unpack .../libmysqlclient20_5.7.42-0ubuntu0.18.04.1_amd64.deb ...
#7 42.24 Unpacking libmysqlclient20:amd64 (5.7.42-0ubuntu0.18.04.1) ...
#7 42.38 Selecting previously unselected package libmysqlclient-dev.
#7 42.39 Preparing to unpack .../libmysqlclient-dev_5.7.42-0ubuntu0.18.04.1_amd64.deb ...
#7 42.39 Unpacking libmysqlclient-dev (5.7.42-0ubuntu0.18.04.1) ...
#7 42.55 Selecting previously unselected package mysql-client.
#7 42.55 Preparing to unpack .../mysql-client_5.7.42-0ubuntu0.18.04.1_all.deb ...
#7 42.56 Unpacking mysql-client (5.7.42-0ubuntu0.18.04.1) ...
#7 42.58 Selecting previously unselected package mysql-server.
#7 42.59 Preparing to unpack .../mysql-server_5.7.42-0ubuntu0.18.04.1_all.deb ...
#7 42.59 Unpacking mysql-server (5.7.42-0ubuntu0.18.04.1) ...
#7 42.64 Setting up libevent-core-2.1-6:amd64 (2.1.8-stable-4build1) ...
#7 42.64 Setting up psmisc (23.1-1ubuntu0.1) ...
#7 42.65 Setting up libnuma1:amd64 (2.0.11-2.1ubuntu0.1) ...
#7 42.66 Setting up libaio1:amd64 (0.3.110-5ubuntu0.1) ...
#7 42.66 Setting up libmysqlclient20:amd64 (5.7.42-0ubuntu0.18.04.1) ...
#7 42.67 Setting up mysql-client-core-5.7 (5.7.42-0ubuntu0.18.04.1) ...
#7 42.67 Setting up libwrap0:amd64 (7.6.q-27) ...
#7 42.68 Setting up libmysqlclient-dev (5.7.42-0ubuntu0.18.04.1) ...
#7 42.68 Setting up mysql-server-core-5.7 (5.7.42-0ubuntu0.18.04.1) ...
#7 42.69 Setting up mysql-client-5.7 (5.7.42-0ubuntu0.18.04.1) ...
#7 42.69 Setting up mysql-client (5.7.42-0ubuntu0.18.04.1) ...
#7 42.69 Setting up mysql-server-5.7 (5.7.42-0ubuntu0.18.04.1) ...
#7 42.81 invoke-rc.d: could not determine current runlevel
#7 42.81 invoke-rc.d: policy-rc.d denied execution of stop.
#7 42.82 update-alternatives: using /etc/mysql/mysql.cnf to provide /etc/mysql/my.cnf (my.cnf) in auto mode
#7 42.86 Renaming removed key_buffer and myisam-recover options (if present)
#7 47.77 Cannot stat file /proc/245/fd/0: Permission denied
#7 47.77 Cannot stat file /proc/245/fd/1: Permission denied
#7 47.77 Cannot stat file /proc/245/fd/2: Permission denied
#7 47.77 Cannot stat file /proc/245/fd/3: Permission denied
#7 47.77 Cannot stat file /proc/245/fd/4: Permission denied
#7 47.77 Cannot stat file /proc/245/fd/5: Permission denied
#7 47.77 Cannot stat file /proc/245/fd/6: Permission denied
#7 47.77 Cannot stat file /proc/245/fd/7: Permission denied
#7 47.77 Cannot stat file /proc/245/fd/8: Permission denied
#7 47.77 Cannot stat file /proc/245/fd/9: Permission denied
#7 47.77 Cannot stat file /proc/245/fd/10: Permission denied
#7 47.77 Cannot stat file /proc/245/fd/11: Permission denied
#7 47.77 Cannot stat file /proc/245/fd/12: Permission denied
#7 47.77 Cannot stat file /proc/245/fd/13: Permission denied
#7 47.77 Cannot stat file /proc/245/fd/14: Permission denied
#7 47.77 Cannot stat file /proc/245/fd/15: Permission denied
#7 47.77 Cannot stat file /proc/245/fd/16: Permission denied
#7 47.77 Cannot stat file /proc/245/fd/17: Permission denied
#7 47.77 Cannot stat file /proc/245/fd/18: Permission denied
#7 47.77 Cannot stat file /proc/245/fd/19: Permission denied
#7 47.77 Cannot stat file /proc/245/fd/20: Permission denied
#7 47.77 Cannot stat file /proc/245/fd/21: Permission denied
#7 47.77 Cannot stat file /proc/245/fd/22: Permission denied
#7 47.77 Cannot stat file /proc/245/fd/23: Permission denied
#7 47.77 Cannot stat file /proc/245/fd/24: Permission denied
#7 47.77 Cannot stat file /proc/245/fd/25: Permission denied
#7 50.71 invoke-rc.d: could not determine current runlevel
#7 50.71 invoke-rc.d: policy-rc.d denied execution of start.
#7 50.74 Setting up mysql-server (5.7.42-0ubuntu0.18.04.1) ...
#7 50.74 Processing triggers for libc-bin (2.27-3ubuntu1.6) ...
#7 DONE 50.9s

#8 [ 4/16] RUN printf '%s\n'         '[mysqld]'         'sql_mode='         'character-set-server=utf8'         'collation-server=utf8_general_ci'         'max_allowed_packet=256M'         'innodb_buffer_pool_size=512M'         'socket=/var/run/mysqld/mysqld.sock'         ''         '[client]'         'socket=/var/run/mysqld/mysqld.sock'         'default-character-set=utf8'         > /etc/mysql/conf.d/codeface.cnf
#8 DONE 0.2s

#9 [ 5/16] RUN apt-get update -qq && apt-get install -y --no-install-recommends         nodejs npm     && rm -rf /var/lib/apt/lists/*     && ln -sf /usr/bin/nodejs /usr/local/bin/node 2>/dev/null || true
#9 10.93 Reading package lists...
#9 12.32 Building dependency tree...
#9 12.52 Reading state information...
#9 12.61 Some packages could not be installed. This may mean that you have
#9 12.61 requested an impossible situation or if you are using the unstable
#9 12.61 distribution that some required packages have not yet been created
#9 12.61 or been moved out of Incoming.
#9 12.61 The following information may help to resolve the situation:
#9 12.61 
#9 12.61 The following packages have unmet dependencies:
#9 12.70  npm : Depends: node-gyp (>= 0.10.9) but it is not going to be installed
#9 12.72 E: Unable to correct problems, you have held broken packages.
#9 DONE 12.8s

#10 [ 6/16] RUN apt-get update -qq && apt-get install -y --no-install-recommends         texlive-luatex texlive-latex-base texlive-latex-recommended         texlive-fonts-recommended lmodern     && rm -rf /var/lib/apt/lists/*
#10 2.928 Reading package lists...
#10 4.227 Building dependency tree...
#10 4.425 Reading state information...
#10 4.594 The following additional packages will be installed:
#10 4.594   fonts-lmodern libcupsimage2 libgs9 libgs9-common libidn11 libijs-0.35
#10 4.594   libjbig2dec0 libjs-jquery libkpathsea6 libpaper-utils libpaper1 libpotrace0
#10 4.594   libptexenc1 libsynctex1 libtexlua52 libtexluajit2 libzzip-0-13 poppler-data
#10 4.594   t1utils tex-common texlive-base texlive-binaries xdg-utils
#10 4.595 Suggested packages:
#10 4.595   poppler-utils ghostscript fonts-japanese-mincho | fonts-ipafont-mincho
#10 4.595   fonts-japanese-gothic | fonts-ipafont-gothic fonts-arphic-ukai
#10 4.595   fonts-arphic-uming fonts-nanum debhelper gv | postscript-viewer perl-tk
#10 4.595   xpdf-reader | pdf-viewer texlive-fonts-recommended-doc
#10 4.595   texlive-latex-base-doc texlive-latex-recommended-doc texlive-pstricks
#10 4.595 Recommended packages:
#10 4.595   libcupsfilters1 fonts-droid-fallback javascript-common tex-gyre tipa
#10 4.595   libfile-mimeinfo-perl libnet-dbus-perl libx11-protocol-perl x11-utils
#10 4.595   x11-xserver-utils
#10 4.684 The following NEW packages will be installed:
#10 4.684   fonts-lmodern libcupsimage2 libgs9 libgs9-common libidn11 libijs-0.35
#10 4.684   libjbig2dec0 libjs-jquery libkpathsea6 libpaper-utils libpaper1 libpotrace0
#10 4.684   libptexenc1 libsynctex1 libtexlua52 libtexluajit2 libzzip-0-13 lmodern
#10 4.684   poppler-data t1utils tex-common texlive-base texlive-binaries
#10 4.684   texlive-fonts-recommended texlive-latex-base texlive-latex-recommended
#10 4.684   texlive-luatex xdg-utils
#10 5.242 0 upgraded, 28 newly installed, 0 to remove and 1 not upgraded.
#10 5.242 Need to get 79.0 MB of archives.
#10 5.242 After this operation, 252 MB of additional disk space will be used.
#10 5.242 Get:1 http://archive.ubuntu.com/ubuntu bionic/main amd64 poppler-data all 0.4.8-2 [1479 kB]
#10 7.156 Get:2 http://archive.ubuntu.com/ubuntu bionic/main amd64 tex-common all 6.09 [33.0 kB]
#10 7.160 Get:3 http://archive.ubuntu.com/ubuntu bionic-updates/main amd64 libidn11 amd64 1.33-2.1ubuntu1.2 [46.6 kB]
#10 7.171 Get:4 http://archive.ubuntu.com/ubuntu bionic/main amd64 fonts-lmodern all 2.004.5-3 [4551 kB]
#10 7.841 Get:5 http://archive.ubuntu.com/ubuntu bionic-updates/main amd64 libcupsimage2 amd64 2.2.7-1ubuntu2.10 [18.6 kB]
#10 7.842 Get:6 http://archive.ubuntu.com/ubuntu bionic/main amd64 libijs-0.35 amd64 0.35-13 [15.5 kB]
#10 7.842 Get:7 http://archive.ubuntu.com/ubuntu bionic/main amd64 libjbig2dec0 amd64 0.13-6 [55.9 kB]
#10 7.844 Get:8 http://archive.ubuntu.com/ubuntu bionic/main amd64 libpaper1 amd64 1.1.24+nmu5ubuntu1 [13.6 kB]
#10 7.845 Get:9 http://archive.ubuntu.com/ubuntu bionic-updates/main amd64 libgs9-common all 9.26~dfsg+0-0ubuntu0.18.04.18 [5092 kB]
#10 7.993 Get:10 http://archive.ubuntu.com/ubuntu bionic-updates/main amd64 libgs9 amd64 9.26~dfsg+0-0ubuntu0.18.04.18 [2264 kB]
#10 8.167 Get:11 http://archive.ubuntu.com/ubuntu bionic/main amd64 libjs-jquery all 3.2.1-1 [152 kB]
#10 8.170 Get:12 http://archive.ubuntu.com/ubuntu bionic-updates/main amd64 libkpathsea6 amd64 2017.20170613.44572-8ubuntu0.2 [55.0 kB]
#10 8.171 Get:13 http://archive.ubuntu.com/ubuntu bionic/main amd64 libpaper-utils amd64 1.1.24+nmu5ubuntu1 [8170 B]
#10 8.172 Get:14 http://archive.ubuntu.com/ubuntu bionic/main amd64 libpotrace0 amd64 1.14-2 [17.4 kB]
#10 8.256 Get:15 http://archive.ubuntu.com/ubuntu bionic-updates/main amd64 libptexenc1 amd64 2017.20170613.44572-8ubuntu0.2 [34.5 kB]
#10 8.258 Get:16 http://archive.ubuntu.com/ubuntu bionic-updates/main amd64 libsynctex1 amd64 2017.20170613.44572-8ubuntu0.2 [41.4 kB]
#10 8.260 Get:17 http://archive.ubuntu.com/ubuntu bionic-updates/main amd64 libtexlua52 amd64 2017.20170613.44572-8ubuntu0.2 [91.1 kB]
#10 8.263 Get:18 http://archive.ubuntu.com/ubuntu bionic-updates/main amd64 libtexluajit2 amd64 2017.20170613.44572-8ubuntu0.2 [231 kB]
#10 8.269 Get:19 http://archive.ubuntu.com/ubuntu bionic-updates/main amd64 libzzip-0-13 amd64 0.13.62-3.1ubuntu0.18.04.1 [26.0 kB]
#10 8.463 Get:20 http://archive.ubuntu.com/ubuntu bionic/main amd64 lmodern all 2.004.5-3 [9631 kB]
#10 8.779 Get:21 http://archive.ubuntu.com/ubuntu bionic/main amd64 t1utils amd64 1.41-2 [56.0 kB]
#10 8.780 Get:22 http://archive.ubuntu.com/ubuntu bionic-updates/main amd64 texlive-binaries amd64 2017.20170613.44572-8ubuntu0.2 [8165 kB]
#10 9.170 Get:23 http://archive.ubuntu.com/ubuntu bionic-updates/main amd64 xdg-utils all 1.1.2-1ubuntu2.5 [60.4 kB]
#10 9.171 Get:24 http://archive.ubuntu.com/ubuntu bionic/main amd64 texlive-base all 2017.20180305-1 [18.7 MB]
#10 10.50 Get:25 http://archive.ubuntu.com/ubuntu bionic/universe amd64 texlive-fonts-recommended all 2017.20180305-1 [5262 kB]
#10 10.60 Get:26 http://archive.ubuntu.com/ubuntu bionic/main amd64 texlive-latex-base all 2017.20180305-1 [951 kB]
#10 10.61 Get:27 http://archive.ubuntu.com/ubuntu bionic/main amd64 texlive-latex-recommended all 2017.20180305-1 [14.9 MB]
#10 11.29 Get:28 http://archive.ubuntu.com/ubuntu bionic/universe amd64 texlive-luatex all 2017.20180305-1 [7139 kB]
#10 11.73 debconf: delaying package configuration, since apt-utils is not installed
#10 11.78 Fetched 79.0 MB in 7s (11.6 MB/s)
#10 11.81 Selecting previously unselected package poppler-data.
#10 11.81 (Reading database ... (Reading database ... 5%(Reading database ... 10%(Reading database ... 15%(Reading database ... 20%(Reading database ... 25%(Reading database ... 30%(Reading database ... 35%(Reading database ... 40%(Reading database ... 45%(Reading database ... 50%(Reading database ... 55%(Reading database ... 60%(Reading database ... 65%(Reading database ... 70%(Reading database ... 75%(Reading database ... 80%(Reading database ... 85%(Reading database ... 90%(Reading database ... 95%(Reading database ... 100%(Reading database ... 35606 files and directories currently installed.)
#10 11.86 Preparing to unpack .../00-poppler-data_0.4.8-2_all.deb ...
#10 11.86 Unpacking poppler-data (0.4.8-2) ...
#10 12.16 Selecting previously unselected package tex-common.
#10 12.16 Preparing to unpack .../01-tex-common_6.09_all.deb ...
#10 12.19 Unpacking tex-common (6.09) ...
#10 12.23 Selecting previously unselected package libidn11:amd64.
#10 12.24 Preparing to unpack .../02-libidn11_1.33-2.1ubuntu1.2_amd64.deb ...
#10 12.24 Unpacking libidn11:amd64 (1.33-2.1ubuntu1.2) ...
#10 12.28 Selecting previously unselected package fonts-lmodern.
#10 12.28 Preparing to unpack .../03-fonts-lmodern_2.004.5-3_all.deb ...
#10 12.29 Unpacking fonts-lmodern (2.004.5-3) ...
#10 12.83 Selecting previously unselected package libcupsimage2:amd64.
#10 12.83 Preparing to unpack .../04-libcupsimage2_2.2.7-1ubuntu2.10_amd64.deb ...
#10 12.84 Unpacking libcupsimage2:amd64 (2.2.7-1ubuntu2.10) ...
#10 12.87 Selecting previously unselected package libijs-0.35:amd64.
#10 12.87 Preparing to unpack .../05-libijs-0.35_0.35-13_amd64.deb ...
#10 12.88 Unpacking libijs-0.35:amd64 (0.35-13) ...
#10 12.91 Selecting previously unselected package libjbig2dec0:amd64.
#10 12.91 Preparing to unpack .../06-libjbig2dec0_0.13-6_amd64.deb ...
#10 12.92 Unpacking libjbig2dec0:amd64 (0.13-6) ...
#10 12.96 Selecting previously unselected package libpaper1:amd64.
#10 12.96 Preparing to unpack .../07-libpaper1_1.1.24+nmu5ubuntu1_amd64.deb ...
#10 12.96 Unpacking libpaper1:amd64 (1.1.24+nmu5ubuntu1) ...
#10 13.00 Selecting previously unselected package libgs9-common.
#10 13.00 Preparing to unpack .../08-libgs9-common_9.26~dfsg+0-0ubuntu0.18.04.18_all.deb ...
#10 13.01 Unpacking libgs9-common (9.26~dfsg+0-0ubuntu0.18.04.18) ...
#10 13.37 Selecting previously unselected package libgs9:amd64.
#10 13.38 Preparing to unpack .../09-libgs9_9.26~dfsg+0-0ubuntu0.18.04.18_amd64.deb ...
#10 13.38 Unpacking libgs9:amd64 (9.26~dfsg+0-0ubuntu0.18.04.18) ...
#10 13.68 Selecting previously unselected package libjs-jquery.
#10 13.68 Preparing to unpack .../10-libjs-jquery_3.2.1-1_all.deb ...
#10 13.68 Unpacking libjs-jquery (3.2.1-1) ...
#10 13.73 Selecting previously unselected package libkpathsea6:amd64.
#10 13.74 Preparing to unpack .../11-libkpathsea6_2017.20170613.44572-8ubuntu0.2_amd64.deb ...
#10 13.74 Unpacking libkpathsea6:amd64 (2017.20170613.44572-8ubuntu0.2) ...
#10 13.77 Selecting previously unselected package libpaper-utils.
#10 13.78 Preparing to unpack .../12-libpaper-utils_1.1.24+nmu5ubuntu1_amd64.deb ...
#10 13.78 Unpacking libpaper-utils (1.1.24+nmu5ubuntu1) ...
#10 13.81 Selecting previously unselected package libpotrace0.
#10 13.82 Preparing to unpack .../13-libpotrace0_1.14-2_amd64.deb ...
#10 13.82 Unpacking libpotrace0 (1.14-2) ...
#10 13.85 Selecting previously unselected package libptexenc1:amd64.
#10 13.86 Preparing to unpack .../14-libptexenc1_2017.20170613.44572-8ubuntu0.2_amd64.deb ...
#10 13.86 Unpacking libptexenc1:amd64 (2017.20170613.44572-8ubuntu0.2) ...
#10 13.90 Selecting previously unselected package libsynctex1:amd64.
#10 13.90 Preparing to unpack .../15-libsynctex1_2017.20170613.44572-8ubuntu0.2_amd64.deb ...
#10 13.90 Unpacking libsynctex1:amd64 (2017.20170613.44572-8ubuntu0.2) ...
#10 13.94 Selecting previously unselected package libtexlua52:amd64.
#10 13.95 Preparing to unpack .../16-libtexlua52_2017.20170613.44572-8ubuntu0.2_amd64.deb ...
#10 13.95 Unpacking libtexlua52:amd64 (2017.20170613.44572-8ubuntu0.2) ...
#10 13.99 Selecting previously unselected package libtexluajit2:amd64.
#10 14.00 Preparing to unpack .../17-libtexluajit2_2017.20170613.44572-8ubuntu0.2_amd64.deb ...
#10 14.00 Unpacking libtexluajit2:amd64 (2017.20170613.44572-8ubuntu0.2) ...
#10 14.07 Selecting previously unselected package libzzip-0-13:amd64.
#10 14.07 Preparing to unpack .../18-libzzip-0-13_0.13.62-3.1ubuntu0.18.04.1_amd64.deb ...
#10 14.07 Unpacking libzzip-0-13:amd64 (0.13.62-3.1ubuntu0.18.04.1) ...
#10 14.11 Selecting previously unselected package lmodern.
#10 14.12 Preparing to unpack .../19-lmodern_2.004.5-3_all.deb ...
#10 14.14 Unpacking lmodern (2.004.5-3) ...
#10 15.21 Selecting previously unselected package t1utils.
#10 15.22 Preparing to unpack .../20-t1utils_1.41-2_amd64.deb ...
#10 15.22 Unpacking t1utils (1.41-2) ...
#10 15.25 Selecting previously unselected package texlive-binaries.
#10 15.26 Preparing to unpack .../21-texlive-binaries_2017.20170613.44572-8ubuntu0.2_amd64.deb ...
#10 15.27 Unpacking texlive-binaries (2017.20170613.44572-8ubuntu0.2) ...
#10 16.14 Selecting previously unselected package xdg-utils.
#10 16.15 Preparing to unpack .../22-xdg-utils_1.1.2-1ubuntu2.5_all.deb ...
#10 16.15 Unpacking xdg-utils (1.1.2-1ubuntu2.5) ...
#10 16.19 Selecting previously unselected package texlive-base.
#10 16.20 Preparing to unpack .../23-texlive-base_2017.20180305-1_all.deb ...
#10 16.23 Unpacking texlive-base (2017.20180305-1) ...
#10 17.99 Selecting previously unselected package texlive-fonts-recommended.
#10 17.99 Preparing to unpack .../24-texlive-fonts-recommended_2017.20180305-1_all.deb ...
#10 17.99 Unpacking texlive-fonts-recommended (2017.20180305-1) ...
#10 18.78 Selecting previously unselected package texlive-latex-base.
#10 18.78 Preparing to unpack .../25-texlive-latex-base_2017.20180305-1_all.deb ...
#10 18.80 Unpacking texlive-latex-base (2017.20180305-1) ...
#10 19.04 Selecting previously unselected package texlive-latex-recommended.
#10 19.05 Preparing to unpack .../26-texlive-latex-recommended_2017.20180305-1_all.deb ...
#10 19.05 Unpacking texlive-latex-recommended (2017.20180305-1) ...
#10 20.49 Selecting previously unselected package texlive-luatex.
#10 20.49 Preparing to unpack .../27-texlive-luatex_2017.20180305-1_all.deb ...
#10 20.49 Unpacking texlive-luatex (2017.20180305-1) ...
#10 21.16 Setting up libgs9-common (9.26~dfsg+0-0ubuntu0.18.04.18) ...
#10 21.18 Setting up libkpathsea6:amd64 (2017.20170613.44572-8ubuntu0.2) ...
#10 21.18 Setting up libjs-jquery (3.2.1-1) ...
#10 21.19 Setting up libpaper1:amd64 (1.1.24+nmu5ubuntu1) ...
#10 21.35 
#10 21.35 Creating config file /etc/papersize with new version
#10 21.39 Setting up libtexlua52:amd64 (2017.20170613.44572-8ubuntu0.2) ...
#10 21.39 Setting up libpaper-utils (1.1.24+nmu5ubuntu1) ...
#10 21.40 Setting up libsynctex1:amd64 (2017.20170613.44572-8ubuntu0.2) ...
#10 21.40 Setting up libptexenc1:amd64 (2017.20170613.44572-8ubuntu0.2) ...
#10 21.41 Setting up tex-common (6.09) ...
#10 21.61 update-language: texlive-base not installed and configured, doing nothing!
#10 21.69 Setting up poppler-data (0.4.8-2) ...
#10 21.70 Setting up libcupsimage2:amd64 (2.2.7-1ubuntu2.10) ...
#10 21.70 Setting up libjbig2dec0:amd64 (0.13-6) ...
#10 21.71 Setting up t1utils (1.41-2) ...
#10 21.72 Setting up libijs-0.35:amd64 (0.35-13) ...
#10 21.73 Setting up libpotrace0 (1.14-2) ...
#10 21.73 Setting up libzzip-0-13:amd64 (0.13.62-3.1ubuntu0.18.04.1) ...
#10 21.74 Setting up xdg-utils (1.1.2-1ubuntu2.5) ...
#10 21.74 Setting up libtexluajit2:amd64 (2017.20170613.44572-8ubuntu0.2) ...
#10 21.75 Setting up libidn11:amd64 (1.33-2.1ubuntu1.2) ...
#10 21.75 Setting up fonts-lmodern (2.004.5-3) ...
#10 21.76 Setting up libgs9:amd64 (9.26~dfsg+0-0ubuntu0.18.04.18) ...
#10 21.76 Setting up lmodern (2.004.5-3) ...
#10 21.79 Setting up texlive-binaries (2017.20170613.44572-8ubuntu0.2) ...
#10 21.80 update-alternatives: using /usr/bin/xdvi-xaw to provide /usr/bin/xdvi.bin (xdvi.bin) in auto mode
#10 21.81 update-alternatives: using /usr/bin/bibtex.original to provide /usr/bin/bibtex (bibtex) in auto mode
#10 21.81 update-alternatives: warning: skip creation of /usr/share/man/man1/bibtex.1.gz because associated file /usr/share/man/man1/bibtex.original.1.gz (of link group bibtex) doesn't exist
#10 21.81 Setting up texlive-base (2017.20180305-1) ...
#10 22.56 tl-paper: setting paper size for dvips to a4: /var/lib/texmf/dvips/config/config-paper.ps
#10 22.79 tl-paper: setting paper size for dvipdfmx to a4: /var/lib/texmf/dvipdfmx/dvipdfmx-paper.cfg
#10 23.01 tl-paper: setting paper size for xdvi to a4: /var/lib/texmf/xdvi/XDvi-paper
#10 23.24 tl-paper: setting paper size for pdftex to a4: /var/lib/texmf/tex/generic/config/pdftexconfig.tex
#10 23.78 Setting up texlive-fonts-recommended (2017.20180305-1) ...
#10 23.80 Setting up texlive-latex-base (2017.20180305-1) ...
#10 23.82 Setting up texlive-latex-recommended (2017.20180305-1) ...
#10 23.83 Setting up texlive-luatex (2017.20180305-1) ...
#10 23.83 Processing triggers for fontconfig (2.12.6-0ubuntu2) ...
#10 24.34 Processing triggers for mime-support (3.60ubuntu1) ...
#10 24.36 Processing triggers for libc-bin (2.27-3ubuntu1.6) ...
#10 24.38 Processing triggers for tex-common (6.09) ...
#10 24.52 Running updmap-sys. This may take some time... done.
#10 24.89 Running mktexlsr /var/lib/texmf ... done.
#10 25.04 Building format(s) --all.
#10 25.04 	This may take some time... done.
#10 DONE 28.1s

#11 [ 7/16] RUN wget -qO /etc/apt/trusted.gpg.d/cran_ubuntu_key.asc         https://cloud.r-project.org/bin/linux/ubuntu/marutter_pubkey.asc &&     echo "deb https://cloud.r-project.org/bin/linux/ubuntu bionic-cran35/"         > /etc/apt/sources.list.d/cran.list &&     apt-get update -qq && apt-get install -y --no-install-recommends         r-base r-base-dev r-base-core     && rm -rf /var/lib/apt/lists/*
#11 10.05 Reading package lists...
#11 11.34 Building dependency tree...
#11 11.54 Reading state information...
#11 11.71 The following additional packages will be installed:
#11 11.71   libblas-dev libblas3 liblapack-dev liblapack3 libncurses5-dev libpcre2-16-0
#11 11.71   libpcre2-32-0 libpcre2-8-0 libpcre2-dev libpcre2-posix0 libreadline-dev
#11 11.72   libtcl8.6 libtinfo-dev libtk8.6 libxft2 libxmuu1 libxss1 r-cran-boot
#11 11.72   r-cran-class r-cran-cluster r-cran-codetools r-cran-foreign
#11 11.72   r-cran-kernsmooth r-cran-lattice r-cran-mass r-cran-matrix r-cran-mgcv
#11 11.72   r-cran-nlme r-cran-nnet r-cran-rpart r-cran-spatial r-cran-survival
#11 11.72   r-recommended tzdata xauth zip
#11 11.72 Suggested packages:
#11 11.72   liblapack-doc ncurses-doc readline-doc tcl8.6 tk8.6 elpa-ess r-doc-info
#11 11.72   | r-doc-pdf r-mathlib r-base-html texlive-plain-generic texlive-fonts-extra
#11 11.72   texlive-extra-utils texlive-latex-extra texinfo
#11 11.72 Recommended packages:
#11 11.72   r-base-html r-doc-html
#11 11.84 The following NEW packages will be installed:
#11 11.84   libblas-dev libblas3 liblapack-dev liblapack3 libncurses5-dev libpcre2-16-0
#11 11.84   libpcre2-32-0 libpcre2-8-0 libpcre2-dev libpcre2-posix0 libreadline-dev
#11 11.84   libtcl8.6 libtinfo-dev libtk8.6 libxft2 libxmuu1 libxss1 r-base r-base-core
#11 11.84   r-base-dev r-cran-boot r-cran-class r-cran-cluster r-cran-codetools
#11 11.84   r-cran-foreign r-cran-kernsmooth r-cran-lattice r-cran-mass r-cran-matrix
#11 11.84   r-cran-mgcv r-cran-nlme r-cran-nnet r-cran-rpart r-cran-spatial
#11 11.84   r-cran-survival r-recommended tzdata xauth zip
#11 12.43 0 upgraded, 39 newly installed, 0 to remove and 1 not upgraded.
#11 12.43 Need to get 53.0 MB of archives.
#11 12.43 After this operation, 104 MB of additional disk space will be used.
#11 12.43 Get:1 https://cloud.r-project.org/bin/linux/ubuntu bionic-cran35/ r-base-core 3.6.3-1bionic [24.7 MB]
#11 12.44 Get:2 http://archive.ubuntu.com/ubuntu bionic/main amd64 libxft2 amd64 2.3.2-1 [36.1 kB]
#11 13.16 Get:3 http://archive.ubuntu.com/ubuntu bionic/main amd64 libxss1 amd64 1:1.2.2-1 [8582 B]
#11 13.21 Get:4 http://archive.ubuntu.com/ubuntu bionic-updates/main amd64 tzdata all 2023c-0ubuntu0.18.04 [186 kB]
#11 13.99 Get:5 http://archive.ubuntu.com/ubuntu bionic/main amd64 libxmuu1 amd64 2:1.1.2-2 [9674 B]
#11 14.05 Get:6 http://archive.ubuntu.com/ubuntu bionic/main amd64 xauth amd64 1:1.0.10-1 [24.6 kB]
#11 14.12 Get:7 http://archive.ubuntu.com/ubuntu bionic/main amd64 libblas3 amd64 3.7.1-4ubuntu1 [140 kB]
#11 14.54 Get:8 http://archive.ubuntu.com/ubuntu bionic/main amd64 libblas-dev amd64 3.7.1-4ubuntu1 [143 kB]
#11 14.54 Get:9 http://archive.ubuntu.com/ubuntu bionic/main amd64 liblapack3 amd64 3.7.1-4ubuntu1 [2112 kB]
#11 14.90 Get:10 https://cloud.r-project.org/bin/linux/ubuntu bionic-cran35/ r-cran-boot 1.3-28-1cran1.1804.0 [620 kB]
#11 15.42 Get:11 https://cloud.r-project.org/bin/linux/ubuntu bionic-cran35/ r-cran-cluster 2.1.4-1.1804.0 [552 kB]
#11 15.64 Get:12 http://archive.ubuntu.com/ubuntu bionic/main amd64 liblapack-dev amd64 3.7.1-4ubuntu1 [2140 kB]
#11 15.86 Get:13 https://cloud.r-project.org/bin/linux/ubuntu bionic-cran35/ r-cran-foreign 0.8.76-1.1804.0 [233 kB]
#11 16.20 Get:14 http://archive.ubuntu.com/ubuntu bionic-updates/main amd64 libtinfo-dev amd64 6.1-1ubuntu1.18.04.1 [81.4 kB]
#11 16.20 Get:15 http://archive.ubuntu.com/ubuntu bionic-updates/main amd64 libncurses5-dev amd64 6.1-1ubuntu1.18.04.1 [174 kB]
#11 16.21 Get:16 http://archive.ubuntu.com/ubuntu bionic/universe amd64 libpcre2-16-0 amd64 10.31-2 [169 kB]
#11 16.21 Get:17 http://archive.ubuntu.com/ubuntu bionic/universe amd64 libpcre2-32-0 amd64 10.31-2 [160 kB]
#11 16.21 Get:18 http://archive.ubuntu.com/ubuntu bionic/universe amd64 libpcre2-8-0 amd64 10.31-2 [179 kB]
#11 16.21 Get:19 http://archive.ubuntu.com/ubuntu bionic/universe amd64 libpcre2-posix0 amd64 10.31-2 [5788 B]
#11 16.21 Get:20 http://archive.ubuntu.com/ubuntu bionic/universe amd64 libpcre2-dev amd64 10.31-2 [627 kB]
#11 16.53 Get:21 http://archive.ubuntu.com/ubuntu bionic/main amd64 libreadline-dev amd64 7.0-3 [133 kB]
#11 16.53 Get:22 http://archive.ubuntu.com/ubuntu bionic/main amd64 libtcl8.6 amd64 8.6.8+dfsg-3 [881 kB]
#11 16.55 Get:23 http://archive.ubuntu.com/ubuntu bionic/main amd64 libtk8.6 amd64 8.6.8-4 [693 kB]
#11 16.81 Get:24 http://archive.ubuntu.com/ubuntu bionic/main amd64 zip amd64 3.0-11build1 [167 kB]
#11 17.17 Get:25 https://cloud.r-project.org/bin/linux/ubuntu bionic-cran35/ r-cran-kernsmooth 2.23-20-1cran1.1804.0 [90.6 kB]
#11 17.68 Get:26 https://cloud.r-project.org/bin/linux/ubuntu bionic-cran35/ r-cran-lattice 0.20-45-3.1804.0 [1134 kB]
#11 17.97 Get:27 https://cloud.r-project.org/bin/linux/ubuntu bionic-cran35/ r-cran-nlme 3.1.162-1.1804.0 [2237 kB]
#11 18.47 Get:28 https://cloud.r-project.org/bin/linux/ubuntu bionic-cran35/ r-cran-matrix 1.5-1-1.1804.0 [3694 kB]
#11 18.64 Get:29 https://cloud.r-project.org/bin/linux/ubuntu bionic-cran35/ r-cran-mgcv 1.8-42-1cran1.1804.0 [3211 kB]
#11 18.98 Get:30 https://cloud.r-project.org/bin/linux/ubuntu bionic-cran35/ r-cran-survival 3.5-5-1cran1.1804.0 [5933 kB]
#11 19.50 Get:31 https://cloud.r-project.org/bin/linux/ubuntu bionic-cran35/ r-cran-rpart 4.1.19-1.1804.0 [912 kB]
#11 19.81 Get:32 https://cloud.r-project.org/bin/linux/ubuntu bionic-cran35/ r-cran-mass 7.3-58.3-1.1804.0 [1126 kB]
#11 20.11 Get:33 https://cloud.r-project.org/bin/linux/ubuntu bionic-cran35/ r-cran-class 7.3-21-1.1804.0 [87.8 kB]
#11 20.32 Get:34 https://cloud.r-project.org/bin/linux/ubuntu bionic-cran35/ r-cran-nnet 7.3-18-1.1804.0 [113 kB]
#11 20.52 Get:35 https://cloud.r-project.org/bin/linux/ubuntu bionic-cran35/ r-cran-spatial 7.3-11-2cranArtful0~ubuntu18.04.1~ppa1 [127 kB]
#11 21.03 Get:36 https://cloud.r-project.org/bin/linux/ubuntu bionic-cran35/ r-cran-codetools 0.2-19-1cran1.1804.0 [90.5 kB]
#11 21.45 Get:37 https://cloud.r-project.org/bin/linux/ubuntu bionic-cran35/ r-recommended 3.6.3-1bionic [2776 B]
#11 21.63 Get:38 https://cloud.r-project.org/bin/linux/ubuntu bionic-cran35/ r-base 3.6.3-1bionic [43.0 kB]
#11 22.29 Get:39 https://cloud.r-project.org/bin/linux/ubuntu bionic-cran35/ r-base-dev 3.6.3-1bionic [4488 B]
#11 22.49 debconf: delaying package configuration, since apt-utils is not installed
#11 22.54 Fetched 53.0 MB in 10s (5085 kB/s)
#11 22.58 Selecting previously unselected package libxft2:amd64.
#11 22.58 (Reading database ... (Reading database ... 5%(Reading database ... 10%(Reading database ... 15%(Reading database ... 20%(Reading database ... 25%(Reading database ... 30%(Reading database ... 35%(Reading database ... 40%(Reading database ... 45%(Reading database ... 50%(Reading database ... 55%(Reading database ... 60%(Reading database ... 65%(Reading database ... 70%(Reading database ... 75%(Reading database ... 80%(Reading database ... 85%(Reading database ... 90%(Reading database ... 95%(Reading database ... 100%(Reading database ... 47406 files and directories currently installed.)
#11 22.63 Preparing to unpack .../00-libxft2_2.3.2-1_amd64.deb ...
#11 22.63 Unpacking libxft2:amd64 (2.3.2-1) ...
#11 22.67 Selecting previously unselected package libxss1:amd64.
#11 22.68 Preparing to unpack .../01-libxss1_1%3a1.2.2-1_amd64.deb ...
#11 22.68 Unpacking libxss1:amd64 (1:1.2.2-1) ...
#11 22.72 Selecting previously unselected package tzdata.
#11 22.73 Preparing to unpack .../02-tzdata_2023c-0ubuntu0.18.04_all.deb ...
#11 22.73 Unpacking tzdata (2023c-0ubuntu0.18.04) ...
#11 22.95 Selecting previously unselected package libxmuu1:amd64.
#11 22.95 Preparing to unpack .../03-libxmuu1_2%3a1.1.2-2_amd64.deb ...
#11 22.95 Unpacking libxmuu1:amd64 (2:1.1.2-2) ...
#11 22.99 Selecting previously unselected package xauth.
#11 22.99 Preparing to unpack .../04-xauth_1%3a1.0.10-1_amd64.deb ...
#11 22.99 Unpacking xauth (1:1.0.10-1) ...
#11 23.03 Selecting previously unselected package libblas3:amd64.
#11 23.03 Preparing to unpack .../05-libblas3_3.7.1-4ubuntu1_amd64.deb ...
#11 23.04 Unpacking libblas3:amd64 (3.7.1-4ubuntu1) ...
#11 23.09 Selecting previously unselected package libblas-dev:amd64.
#11 23.09 Preparing to unpack .../06-libblas-dev_3.7.1-4ubuntu1_amd64.deb ...
#11 23.10 Unpacking libblas-dev:amd64 (3.7.1-4ubuntu1) ...
#11 23.15 Selecting previously unselected package liblapack3:amd64.
#11 23.16 Preparing to unpack .../07-liblapack3_3.7.1-4ubuntu1_amd64.deb ...
#11 23.17 Unpacking liblapack3:amd64 (3.7.1-4ubuntu1) ...
#11 23.43 Selecting previously unselected package liblapack-dev:amd64.
#11 23.44 Preparing to unpack .../08-liblapack-dev_3.7.1-4ubuntu1_amd64.deb ...
#11 23.44 Unpacking liblapack-dev:amd64 (3.7.1-4ubuntu1) ...
#11 23.73 Selecting previously unselected package libtinfo-dev:amd64.
#11 23.73 Preparing to unpack .../09-libtinfo-dev_6.1-1ubuntu1.18.04.1_amd64.deb ...
#11 23.73 Unpacking libtinfo-dev:amd64 (6.1-1ubuntu1.18.04.1) ...
#11 23.78 Selecting previously unselected package libncurses5-dev:amd64.
#11 23.78 Preparing to unpack .../10-libncurses5-dev_6.1-1ubuntu1.18.04.1_amd64.deb ...
#11 23.78 Unpacking libncurses5-dev:amd64 (6.1-1ubuntu1.18.04.1) ...
#11 23.84 Selecting previously unselected package libpcre2-16-0:amd64.
#11 23.85 Preparing to unpack .../11-libpcre2-16-0_10.31-2_amd64.deb ...
#11 23.85 Unpacking libpcre2-16-0:amd64 (10.31-2) ...
#11 23.90 Selecting previously unselected package libpcre2-32-0:amd64.
#11 23.91 Preparing to unpack .../12-libpcre2-32-0_10.31-2_amd64.deb ...
#11 23.91 Unpacking libpcre2-32-0:amd64 (10.31-2) ...
#11 23.98 Selecting previously unselected package libpcre2-8-0:amd64.
#11 23.99 Preparing to unpack .../13-libpcre2-8-0_10.31-2_amd64.deb ...
#11 23.99 Unpacking libpcre2-8-0:amd64 (10.31-2) ...
#11 24.04 Selecting previously unselected package libpcre2-posix0:amd64.
#11 24.05 Preparing to unpack .../14-libpcre2-posix0_10.31-2_amd64.deb ...
#11 24.05 Unpacking libpcre2-posix0:amd64 (10.31-2) ...
#11 24.08 Selecting previously unselected package libpcre2-dev:amd64.
#11 24.09 Preparing to unpack .../15-libpcre2-dev_10.31-2_amd64.deb ...
#11 24.09 Unpacking libpcre2-dev:amd64 (10.31-2) ...
#11 24.20 Selecting previously unselected package libreadline-dev:amd64.
#11 24.20 Preparing to unpack .../16-libreadline-dev_7.0-3_amd64.deb ...
#11 24.21 Unpacking libreadline-dev:amd64 (7.0-3) ...
#11 24.26 Selecting previously unselected package libtcl8.6:amd64.
#11 24.27 Preparing to unpack .../17-libtcl8.6_8.6.8+dfsg-3_amd64.deb ...
#11 24.27 Unpacking libtcl8.6:amd64 (8.6.8+dfsg-3) ...
#11 24.44 Selecting previously unselected package libtk8.6:amd64.
#11 24.44 Preparing to unpack .../18-libtk8.6_8.6.8-4_amd64.deb ...
#11 24.44 Unpacking libtk8.6:amd64 (8.6.8-4) ...
#11 24.55 Selecting previously unselected package zip.
#11 24.56 Preparing to unpack .../19-zip_3.0-11build1_amd64.deb ...
#11 24.56 Unpacking zip (3.0-11build1) ...
#11 24.62 Selecting previously unselected package r-base-core.
#11 24.63 Preparing to unpack .../20-r-base-core_3.6.3-1bionic_amd64.deb ...
#11 24.64 Unpacking r-base-core (3.6.3-1bionic) ...
#11 26.70 Selecting previously unselected package r-cran-boot.
#11 26.70 Preparing to unpack .../21-r-cran-boot_1.3-28-1cran1.1804.0_all.deb ...
#11 26.70 Unpacking r-cran-boot (1.3-28-1cran1.1804.0) ...
#11 26.79 Selecting previously unselected package r-cran-cluster.
#11 26.80 Preparing to unpack .../22-r-cran-cluster_2.1.4-1.1804.0_amd64.deb ...
#11 26.80 Unpacking r-cran-cluster (2.1.4-1.1804.0) ...
#11 26.87 Selecting previously unselected package r-cran-foreign.
#11 26.87 Preparing to unpack .../23-r-cran-foreign_0.8.76-1.1804.0_amd64.deb ...
#11 26.87 Unpacking r-cran-foreign (0.8.76-1.1804.0) ...
#11 26.94 Selecting previously unselected package r-cran-kernsmooth.
#11 26.94 Preparing to unpack .../24-r-cran-kernsmooth_2.23-20-1cran1.1804.0_amd64.deb ...
#11 26.94 Unpacking r-cran-kernsmooth (2.23-20-1cran1.1804.0) ...
#11 26.98 Selecting previously unselected package r-cran-lattice.
#11 26.99 Preparing to unpack .../25-r-cran-lattice_0.20-45-3.1804.0_amd64.deb ...
#11 26.99 Unpacking r-cran-lattice (0.20-45-3.1804.0) ...
#11 27.14 Selecting previously unselected package r-cran-nlme.
#11 27.15 Preparing to unpack .../26-r-cran-nlme_3.1.162-1.1804.0_amd64.deb ...
#11 27.15 Unpacking r-cran-nlme (3.1.162-1.1804.0) ...
#11 27.40 Selecting previously unselected package r-cran-matrix.
#11 27.40 Preparing to unpack .../27-r-cran-matrix_1.5-1-1.1804.0_amd64.deb ...
#11 27.40 Unpacking r-cran-matrix (1.5-1-1.1804.0) ...
#11 27.81 Selecting previously unselected package r-cran-mgcv.
#11 27.82 Preparing to unpack .../28-r-cran-mgcv_1.8-42-1cran1.1804.0_amd64.deb ...
#11 27.82 Unpacking r-cran-mgcv (1.8-42-1cran1.1804.0) ...
#11 28.01 Selecting previously unselected package r-cran-survival.
#11 28.01 Preparing to unpack .../29-r-cran-survival_3.5-5-1cran1.1804.0_amd64.deb ...
#11 28.01 Unpacking r-cran-survival (3.5-5-1cran1.1804.0) ...
#11 28.39 Selecting previously unselected package r-cran-rpart.
#11 28.39 Preparing to unpack .../30-r-cran-rpart_4.1.19-1.1804.0_amd64.deb ...
#11 28.39 Unpacking r-cran-rpart (4.1.19-1.1804.0) ...
#11 28.50 Selecting previously unselected package r-cran-mass.
#11 28.50 Preparing to unpack .../31-r-cran-mass_7.3-58.3-1.1804.0_amd64.deb ...
#11 28.51 Unpacking r-cran-mass (7.3-58.3-1.1804.0) ...
#11 28.65 Selecting previously unselected package r-cran-class.
#11 28.66 Preparing to unpack .../32-r-cran-class_7.3-21-1.1804.0_amd64.deb ...
#11 28.66 Unpacking r-cran-class (7.3-21-1.1804.0) ...
#11 28.70 Selecting previously unselected package r-cran-nnet.
#11 28.71 Preparing to unpack .../33-r-cran-nnet_7.3-18-1.1804.0_amd64.deb ...
#11 28.71 Unpacking r-cran-nnet (7.3-18-1.1804.0) ...
#11 28.76 Selecting previously unselected package r-cran-spatial.
#11 28.77 Preparing to unpack .../34-r-cran-spatial_7.3-11-2cranArtful0~ubuntu18.04.1~ppa1_amd64.deb ...
#11 28.77 Unpacking r-cran-spatial (7.3-11-2cranArtful0~ubuntu18.04.1~ppa1) ...
#11 28.82 Selecting previously unselected package r-cran-codetools.
#11 28.82 Preparing to unpack .../35-r-cran-codetools_0.2-19-1cran1.1804.0_all.deb ...
#11 28.82 Unpacking r-cran-codetools (0.2-19-1cran1.1804.0) ...
#11 28.87 Selecting previously unselected package r-recommended.
#11 28.87 Preparing to unpack .../36-r-recommended_3.6.3-1bionic_all.deb ...
#11 28.88 Unpacking r-recommended (3.6.3-1bionic) ...
#11 28.90 Selecting previously unselected package r-base.
#11 28.91 Preparing to unpack .../37-r-base_3.6.3-1bionic_all.deb ...
#11 28.91 Unpacking r-base (3.6.3-1bionic) ...
#11 28.94 Selecting previously unselected package r-base-dev.
#11 28.95 Preparing to unpack .../38-r-base-dev_3.6.3-1bionic_all.deb ...
#11 28.95 Unpacking r-base-dev (3.6.3-1bionic) ...
#11 29.00 Setting up tzdata (2023c-0ubuntu0.18.04) ...
#11 29.10 
#11 29.10 Current default time zone: 'Etc/UTC'
#11 29.10 Local time is now:      Tue Aug 11 08:21:17 UTC 2026.
#11 29.10 Universal Time is now:  Tue Aug 11 08:21:17 UTC 2026.
#11 29.10 Run 'dpkg-reconfigure tzdata' if you wish to change it.
#11 29.10 
#11 29.12 Setting up libxss1:amd64 (1:1.2.2-1) ...
#11 29.13 Setting up libtinfo-dev:amd64 (6.1-1ubuntu1.18.04.1) ...
#11 29.14 Setting up libxmuu1:amd64 (2:1.1.2-2) ...
#11 29.14 Setting up zip (3.0-11build1) ...
#11 29.15 Setting up xauth (1:1.0.10-1) ...
#11 29.15 Setting up libncurses5-dev:amd64 (6.1-1ubuntu1.18.04.1) ...
#11 29.15 Setting up libblas3:amd64 (3.7.1-4ubuntu1) ...
#11 29.16 update-alternatives: using /usr/lib/x86_64-linux-gnu/blas/libblas.so.3 to provide /usr/lib/x86_64-linux-gnu/libblas.so.3 (libblas.so.3-x86_64-linux-gnu) in auto mode
#11 29.17 Setting up libreadline-dev:amd64 (7.0-3) ...
#11 29.17 Setting up libtcl8.6:amd64 (8.6.8+dfsg-3) ...
#11 29.18 Setting up libpcre2-8-0:amd64 (10.31-2) ...
#11 29.18 Setting up libxft2:amd64 (2.3.2-1) ...
#11 29.20 Setting up libpcre2-32-0:amd64 (10.31-2) ...
#11 29.20 Setting up libpcre2-16-0:amd64 (10.31-2) ...
#11 29.21 Setting up libblas-dev:amd64 (3.7.1-4ubuntu1) ...
#11 29.21 update-alternatives: using /usr/lib/x86_64-linux-gnu/blas/libblas.so to provide /usr/lib/x86_64-linux-gnu/libblas.so (libblas.so-x86_64-linux-gnu) in auto mode
#11 29.22 Setting up liblapack3:amd64 (3.7.1-4ubuntu1) ...
#11 29.23 update-alternatives: using /usr/lib/x86_64-linux-gnu/lapack/liblapack.so.3 to provide /usr/lib/x86_64-linux-gnu/liblapack.so.3 (liblapack.so.3-x86_64-linux-gnu) in auto mode
#11 29.23 Setting up libtk8.6:amd64 (8.6.8-4) ...
#11 29.24 Setting up r-base-core (3.6.3-1bionic) ...
#11 29.44 
#11 29.44 Creating config file /etc/R/Renviron with new version
#11 29.56 Setting up r-cran-kernsmooth (2.23-20-1cran1.1804.0) ...
#11 29.56 Setting up r-cran-nnet (7.3-18-1.1804.0) ...
#11 29.57 Setting up r-cran-spatial (7.3-11-2cranArtful0~ubuntu18.04.1~ppa1) ...
#11 29.57 Setting up libpcre2-posix0:amd64 (10.31-2) ...
#11 29.58 Setting up r-cran-mass (7.3-58.3-1.1804.0) ...
#11 29.58 Setting up r-cran-cluster (2.1.4-1.1804.0) ...
#11 29.59 Setting up liblapack-dev:amd64 (3.7.1-4ubuntu1) ...
#11 29.59 update-alternatives: using /usr/lib/x86_64-linux-gnu/lapack/liblapack.so to provide /usr/lib/x86_64-linux-gnu/liblapack.so (liblapack.so-x86_64-linux-gnu) in auto mode
#11 29.60 Setting up r-cran-boot (1.3-28-1cran1.1804.0) ...
#11 29.60 Setting up r-cran-codetools (0.2-19-1cran1.1804.0) ...
#11 29.61 Setting up r-cran-lattice (0.20-45-3.1804.0) ...
#11 29.61 Setting up r-cran-nlme (3.1.162-1.1804.0) ...
#11 29.62 Setting up r-cran-foreign (0.8.76-1.1804.0) ...
#11 29.62 Setting up r-cran-class (7.3-21-1.1804.0) ...
#11 29.63 Setting up libpcre2-dev:amd64 (10.31-2) ...
#11 29.64 Setting up r-cran-matrix (1.5-1-1.1804.0) ...
#11 29.64 Setting up r-base-dev (3.6.3-1bionic) ...
#11 29.64 Setting up r-cran-mgcv (1.8-42-1cran1.1804.0) ...
#11 29.65 Setting up r-cran-survival (3.5-5-1cran1.1804.0) ...
#11 29.65 Setting up r-cran-rpart (4.1.19-1.1804.0) ...
#11 29.66 Setting up r-recommended (3.6.3-1bionic) ...
#11 29.66 Setting up r-base (3.6.3-1bionic) ...
#11 29.67 Processing triggers for tex-common (6.09) ...
#11 29.77 Running mktexlsr. This may take some time... done.
#11 29.89 Processing triggers for mime-support (3.60ubuntu1) ...
#11 29.91 Processing triggers for libc-bin (2.27-3ubuntu1.6) ...
#11 29.95 Processing triggers for hicolor-icon-theme (0.17-2) ...
#11 DONE 30.1s

#12 [ 8/16] RUN wget -qO /tmp/get-pip.py https://bootstrap.pypa.io/pip/2.7/get-pip.py &&     python2.7 /tmp/get-pip.py "pip==20.3.4" "setuptools==44.1.1" "wheel==0.37.1" &&     rm -f /tmp/get-pip.py &&     ln -sf /usr/bin/python2.7 /usr/local/bin/python &&     python2.7 -m pip --version
#12 2.363 DEPRECATION: Python 2.7 reached the end of its life on January 1st, 2020. Please upgrade your Python as Python 2.7 is no longer maintained. pip 21.0 will drop support for Python 2.7 in January 2021. More details about Python 2 support in pip can be found at https://pip.pypa.io/en/latest/development/release-process/#python-2-support pip 21.0 will remove support for this functionality.
#12 2.722 Collecting pip==20.3.4
#12 2.822   Downloading pip-20.3.4-py2.py3-none-any.whl (1.5 MB)
#12 3.589 Collecting setuptools==44.1.1
#12 3.603   Downloading setuptools-44.1.1-py2.py3-none-any.whl (583 kB)
#12 3.998 Collecting wheel==0.37.1
#12 4.014   Downloading wheel-0.37.1-py2.py3-none-any.whl (35 kB)
#12 4.052 Installing collected packages: pip, setuptools, wheel
#12 5.127 Successfully installed pip-20.3.4 setuptools-44.1.1 wheel-0.37.1
#12 5.573 pip 20.3.4 from /usr/local/lib/python2.7/dist-packages/pip (python 2.7)
#12 DONE 5.6s

#13 [ 9/16] COPY python_requirements_pinned.txt /tmp/python_requirements_pinned.txt
#13 DONE 0.0s

#14 [10/16] RUN python2.7 -m pip install --no-cache-dir -r /tmp/python_requirements_pinned.txt &&     python2.7 -c "import MySQLdb, ctags, yaml, progressbar, jira; print('python deps OK')"
#14 0.395 DEPRECATION: Python 2.7 reached the end of its life on January 1st, 2020. Please upgrade your Python as Python 2.7 is no longer maintained. pip 21.0 will drop support for Python 2.7 in January 2021. More details about Python 2 support in pip can be found at https://pip.pypa.io/en/latest/development/release-process/#python-2-support pip 21.0 will remove support for this functionality.
#14 0.815 Collecting PyYAML==5.4.1
#14 0.865   Downloading PyYAML-5.4.1-cp27-cp27mu-manylinux1_x86_64.whl (574 kB)
#14 1.225 Collecting progressbar==2.5
#14 1.239   Downloading progressbar-2.5.tar.gz (10 kB)
#14 1.826 Collecting python-ctags==1.0.6
#14 1.840   Downloading python-ctags-1.0.6.tar.gz (24 kB)
#14 2.330 Collecting MySQL-python==1.2.5
#14 2.345   Downloading MySQL-python-1.2.5.zip (108 kB)
#14 3.008 Collecting jira==2.0.0
#14 3.049   Downloading jira-2.0.0-py2.py3-none-any.whl (57 kB)
#14 3.482 Collecting subprocess32==3.5.4
#14 3.501   Downloading subprocess32-3.5.4-cp27-cp27mu-manylinux2014_x86_64.whl (69 kB)
#14 3.916 Collecting mock==3.0.5
#14 3.932   Downloading mock-3.0.5-py2.py3-none-any.whl (25 kB)
#14 4.413 Collecting pytest==4.6.11
#14 4.792   Downloading pytest-4.6.11-py2.py3-none-any.whl (231 kB)
#14 4.966 Collecting requests==2.27.1
#14 4.982   Downloading requests-2.27.1-py2.py3-none-any.whl (63 kB)
#14 5.122 Collecting urllib3==1.26.20
#14 5.140   Downloading urllib3-1.26.20-py2.py3-none-any.whl (144 kB)
#14 5.230 Collecting idna==2.10
#14 5.245   Downloading idna-2.10-py2.py3-none-any.whl (58 kB)
#14 5.809 Collecting chardet==4.0.0
#14 5.825   Downloading chardet-4.0.0-py2.py3-none-any.whl (178 kB)
#14 5.933 Collecting certifi==2021.10.8
#14 5.947   Downloading certifi-2021.10.8-py2.py3-none-any.whl (149 kB)
#14 6.012 Collecting six==1.16.0
#14 6.028   Downloading six-1.16.0-py2.py3-none-any.whl (11 kB)
#14 6.101 Collecting python-dateutil==2.8.2
#14 6.123   Downloading python_dateutil-2.8.2-py2.py3-none-any.whl (247 kB)
#14 6.431 Collecting defusedxml
#14 6.446   Downloading defusedxml-0.7.1-py2.py3-none-any.whl (25 kB)
#14 6.976 Collecting pbr>=3.0.0
#14 6.998   Downloading pbr-7.0.3-py2.py3-none-any.whl (131 kB)
#14 7.069 Collecting requests-oauthlib>=0.6.1
#14 7.093   Downloading requests_oauthlib-1.3.1-py2.py3-none-any.whl (23 kB)
#14 7.436 Collecting oauthlib[signedtoken]>=1.0.0
#14 7.462   Downloading oauthlib-3.1.0-py2.py3-none-any.whl (147 kB)
#14 7.542 Collecting requests-toolbelt
#14 7.558   Downloading requests_toolbelt-1.0.0-py2.py3-none-any.whl (54 kB)
#14 7.569 Requirement already satisfied: setuptools>=20.10.1 in /usr/local/lib/python2.7/dist-packages (from jira==2.0.0->-r /tmp/python_requirements_pinned.txt (line 17)) (44.1.1)
#14 7.899 Collecting funcsigs>=1; python_version < "3.3"
#14 7.917   Downloading funcsigs-1.0.2-py2.py3-none-any.whl (17 kB)
#14 8.334 Collecting more-itertools<6.0.0,>=4.0.0; python_version <= "2.7"
#14 8.681   Downloading more_itertools-5.0.0-py2-none-any.whl (52 kB)
#14 8.821 Collecting packaging
#14 8.838   Downloading packaging-20.9-py2.py3-none-any.whl (40 kB)
#14 9.333 Collecting importlib-metadata>=0.12; python_version < "3.8"
#14 9.349   Downloading importlib_metadata-2.1.3-py2.py3-none-any.whl (10 kB)
#14 9.694 Collecting atomicwrites>=1.0
#14 9.710   Downloading atomicwrites-1.4.1.tar.gz (14 kB)
#14 10.27 Collecting pluggy<1.0,>=0.12
#14 10.28   Downloading pluggy-0.13.1-py2.py3-none-any.whl (18 kB)
#14 10.38 Collecting attrs>=17.4.0
#14 10.73   Downloading attrs-21.4.0-py2.py3-none-any.whl (60 kB)
#14 10.87 Collecting wcwidth
#14 10.89   Downloading wcwidth-0.2.13-py2.py3-none-any.whl (34 kB)
#14 11.32 Collecting py>=1.5.0
#14 11.34   Downloading py-1.11.0-py2.py3-none-any.whl (98 kB)
#14 11.69 Collecting pathlib2>=2.2.0; python_version < "3.6"
#14 11.71   Downloading pathlib2-2.3.7.post1-py2.py3-none-any.whl (18 kB)
#14 11.83 Collecting pyjwt>=1.0.0; extra == "signedtoken"
#14 11.85   Downloading PyJWT-1.7.1-py2.py3-none-any.whl (18 kB)
#14 13.27 Collecting cryptography; extra == "signedtoken"
#14 13.29   Downloading cryptography-3.3.2-cp27-cp27mu-manylinux2010_x86_64.whl (2.6 MB)
#14 13.94 Collecting pyparsing>=2.0.2
#14 13.96   Downloading pyparsing-2.4.7-py2.py3-none-any.whl (67 kB)
#14 14.43 Collecting contextlib2; python_version < "3"
#14 14.69   Downloading contextlib2-0.6.0.post1-py2.py3-none-any.whl (9.8 kB)
#14 15.12 Collecting zipp>=0.5
#14 15.13   Downloading zipp-1.2.0-py2.py3-none-any.whl (4.8 kB)
#14 15.49 Collecting configparser>=3.5; python_version < "3"
#14 15.51   Downloading configparser-4.0.2-py2.py3-none-any.whl (22 kB)
#14 16.09 Collecting backports.functools-lru-cache>=1.2.1; python_version < "3.2"
#14 16.11   Downloading backports.functools_lru_cache-1.6.6-py2.py3-none-any.whl (5.9 kB)
#14 16.49 Collecting typing; python_version < "3.5"
#14 16.87   Downloading typing-3.10.0.0-py2-none-any.whl (26 kB)
#14 17.18 Collecting scandir; python_version < "3.5"
#14 17.20   Downloading scandir-1.10.0.tar.gz (33 kB)
#14 17.94 Collecting ipaddress; python_version < "3"
#14 17.96   Downloading ipaddress-1.0.23-py2.py3-none-any.whl (18 kB)
#14 18.70 Collecting cffi>=1.12
#14 18.72   Downloading cffi-1.15.1-cp27-cp27mu-manylinux1_x86_64.whl (390 kB)
#14 19.06 Collecting enum34; python_version < "3"
#14 19.08   Downloading enum34-1.1.10-py2-none-any.whl (11 kB)
#14 19.13 Collecting pycparser
#14 19.15   Downloading pycparser-2.21-py2.py3-none-any.whl (118 kB)
#14 19.16 Building wheels for collected packages: progressbar, python-ctags, MySQL-python, atomicwrites, scandir
#14 19.17   Building wheel for progressbar (setup.py): started
#14 19.37   Building wheel for progressbar (setup.py): finished with status 'done'
#14 19.37   Created wheel for progressbar: filename=progressbar-2.5-py2-none-any.whl size=12074 sha256=ac97bddd73d268a6616fd3702942cbd772ea53842678dd083a00b096a93f35ae
#14 19.37   Stored in directory: /tmp/pip-ephem-wheel-cache-N0UqFs/wheels/f0/6c/8e/f67af9134bb313f4b09192d032679fba946ae7711b6790521e
#14 19.38   Building wheel for python-ctags (setup.py): started
#14 20.06   Building wheel for python-ctags (setup.py): finished with status 'done'
#14 20.06   Created wheel for python-ctags: filename=python_ctags-1.0.6-cp27-cp27mu-linux_x86_64.whl size=42474 sha256=5bc156cf66f9460a76c4f4622eda040fae744cb97c99e4caed2275425a5ccfeb
#14 20.06   Stored in directory: /tmp/pip-ephem-wheel-cache-N0UqFs/wheels/89/47/32/bbd074afe251110cb6b033b01eb7b22604c23d4fa37468d3e6
#14 20.06   Building wheel for MySQL-python (setup.py): started
#14 20.63   Building wheel for MySQL-python (setup.py): finished with status 'done'
#14 20.63   Created wheel for MySQL-python: filename=MySQL_python-1.2.5-cp27-cp27mu-linux_x86_64.whl size=68691 sha256=aa48aadb1321a1c4578497a29b1309db0f178cdba88e37f84f86c9cb8a3c44b5
#14 20.63   Stored in directory: /tmp/pip-ephem-wheel-cache-N0UqFs/wheels/55/eb/3b/661bdcd5ca5a576f0331400468db9d5dcbda118fb6c85fd3ee
#14 20.63   Building wheel for atomicwrites (setup.py): started
#14 20.84   Building wheel for atomicwrites (setup.py): finished with status 'done'
#14 20.84   Created wheel for atomicwrites: filename=atomicwrites-1.4.1-py2.py3-none-any.whl size=6945 sha256=449dcf9123647432a2175a099da6d172ba200026893a64473366546272fa235b
#14 20.84   Stored in directory: /tmp/pip-ephem-wheel-cache-N0UqFs/wheels/2f/ad/c7/8f63590ada41ee3d04e3633845cdbb899543f2def32ca31003
#14 20.84   Building wheel for scandir (setup.py): started
#14 21.25   Building wheel for scandir (setup.py): finished with status 'done'
#14 21.25   Created wheel for scandir: filename=scandir-1.10.0-cp27-cp27mu-linux_x86_64.whl size=33228 sha256=fac07fae8181bf30b88245b02f953f33eb249482cb4933ddf9befbc8f5ac8194
#14 21.25   Stored in directory: /tmp/pip-ephem-wheel-cache-N0UqFs/wheels/58/2c/26/52406f7d1f19bcc47a6fbd1037a5f293492f5cf1d58c539edb
#14 21.26 Successfully built progressbar python-ctags MySQL-python atomicwrites scandir
#14 21.47 Installing collected packages: PyYAML, progressbar, python-ctags, MySQL-python, certifi, urllib3, chardet, idna, requests, defusedxml, pbr, pyjwt, ipaddress, pycparser, cffi, six, enum34, cryptography, oauthlib, requests-oauthlib, requests-toolbelt, jira, subprocess32, funcsigs, mock, more-itertools, pyparsing, packaging, contextlib2, zipp, configparser, typing, scandir, pathlib2, importlib-metadata, atomicwrites, pluggy, attrs, backports.functools-lru-cache, wcwidth, py, pytest, python-dateutil
#14 23.28 Successfully installed MySQL-python-1.2.5 PyYAML-5.4.1 atomicwrites-1.4.1 attrs-21.4.0 backports.functools-lru-cache-1.6.6 certifi-2021.10.8 cffi-1.15.1 chardet-4.0.0 configparser-4.0.2 contextlib2-0.6.0.post1 cryptography-3.3.2 defusedxml-0.7.1 enum34-1.1.10 funcsigs-1.0.2 idna-2.10 importlib-metadata-2.1.3 ipaddress-1.0.23 jira-2.0.0 mock-3.0.5 more-itertools-5.0.0 oauthlib-3.1.0 packaging-20.9 pathlib2-2.3.7.post1 pbr-7.0.3 pluggy-0.13.1 progressbar-2.5 py-1.11.0 pycparser-2.21 pyjwt-1.7.1 pyparsing-2.4.7 pytest-4.6.11 python-ctags-1.0.6 python-dateutil-2.8.2 requests-2.27.1 requests-oauthlib-1.3.1 requests-toolbelt-1.0.0 scandir-1.10.0 six-1.16.0 subprocess32-3.5.4 typing-3.10.0.0 urllib3-1.26.20 wcwidth-0.2.13 zipp-1.2.0
#14 23.92 python deps OK
#14 DONE 24.0s

#15 [11/16] COPY install_r_packages.R /tmp/install_r_packages.R
#15 DONE 0.0s

#16 [12/16] RUN Rscript /tmp/install_r_packages.R && rm -f /tmp/install_r_packages.R
#16 0.373 == R 3.6.3 ==
#16 0.373 == CRAN snapshot: 2020-04-01 
#16 0.373 == Bioconductor : 3.10 
#16 0.373 == Using 12 cores
#16 0.373 
#16 0.396 
#16 0.396 == Installing required CRAN packages (29): optparse, logging, yaml, stringr, RMySQL, RCurl, RJSONIO, rjson, plyr, reshape, data.table, zoo, xts, lubridate, igraph, ggplot2, scales, gridExtra, xtable, colorspace, arules, corrgram, dtw, ineq, lsa, tm, markovchain, psych, robustbase
#16 0.400 Installing packages into ‘/usr/local/lib/R/site-library’
#16 0.400 (as ‘lib’ is unspecified)
#16 284.5 Warning: dependencies ‘Rcampdf’, ‘tm.lexicon.GeneralInquirer’ are not available
#16 284.5 also installing the dependencies ‘rematch’, ‘forcats’, ‘cellranger’, ‘zip’, ‘ps’, ‘backports’, ‘haven’, ‘readxl’, ‘openxlsx’, ‘processx’, ‘xopen’, ‘brew’, ‘commonmark’, ‘ini’, ‘lazyeval’, ‘openssl’, ‘desc’, ‘pkgbuild’, ‘rprojroot’, ‘carData’, ‘pbkrtest’, ‘rio’, ‘TTR’, ‘miniUI’, ‘webshot’, ‘utf8’, ‘checkmate’, ‘e1071’, ‘systemfonts’, ‘callr’, ‘git2r’, ‘memoise’, ‘rcmdcheck’, ‘remotes’, ‘roxygen2’, ‘rversions’, ‘sessioninfo’, ‘fontBitstreamVera’, ‘fontLiberation’, ‘clipr’, ‘clisymbols’, ‘fs’, ‘gh’, ‘whisker’, ‘miscTools’, ‘bibtex’, ‘gbRd’, ‘gtools’, ‘gdata’, ‘caTools’, ‘askpass’, ‘arm’, ‘pcaPP’, ‘prettyunits’, ‘jsonlite’, ‘rex’, ‘httr’, ‘evaluate’, ‘highr’, ‘markdown’, ‘xfun’, ‘cli’, ‘ellipsis’, ‘pkgload’, ‘praise’, ‘base64enc’, ‘mime’, ‘tinytex’, ‘plogr’, ‘bit’, ‘R.oo’, ‘R.methodsS3’, ‘RcppCCTZ’, ‘car’, ‘lmtest’, ‘sandwich’, ‘Formula’, ‘quadprog’, ‘quantmod’, ‘BiocGenerics’, ‘crosstalk’, ‘manipulateWidget’, ‘fansi’, ‘pillar’, ‘assertthat’, ‘tidyselect’, ‘latticeExtra’, ‘acepack’, ‘htmlTable’, ‘sp’, ‘TH.data’, ‘SparseM’, ‘MatrixModels’, ‘classInt’, ‘units’, ‘gdtools’, ‘devtools’, ‘diffobj’, ‘fontquiver’, ‘freetypeharfbuzz’, ‘purrr’, ‘usethis’, ‘vctrs’, ‘bdsmatrix’, ‘maxLik’, ‘Rdpack’, ‘httpuv’, ‘sourcetools’, ‘later’, ‘promises’, ‘fastmap’, ‘scatterplot3d’, ‘DT’, ‘plotly’, ‘visNetwork’, ‘TSP’, ‘qap’, ‘gclus’, ‘dendextend’, ‘gplots’, ‘registry’, ‘sys’, ‘qpdf’, ‘shape’, ‘downloader’, ‘influenceR’, ‘readr’, ‘rstudioapi’, ‘tidyr’, ‘truncnorm’, ‘RefManageR’, ‘numDeriv’, ‘pbivnorm’, ‘matrixcalc’, ‘mi’, ‘minqa’, ‘nloptr’, ‘RcppEigen’, ‘rrcov’, ‘progress’, ‘getopt’, ‘covr’, ‘knitr’, ‘testthat’, ‘crayon’, ‘RUnit’, ‘glue’, ‘magrittr’, ‘stringi’, ‘htmltools’, ‘htmlwidgets’, ‘rmarkdown’, ‘DBI’, ‘RMariaDB’, ‘curl’, ‘bitops’, ‘XML’, ‘Rcpp’, ‘abind’, ‘doParallel’, ‘foreach’, ‘iterators’, ‘itertools’, ‘bit64’, ‘R.utils’, ‘nanotime’, ‘AER’, ‘coda’, ‘chron’, ‘fts’, ‘mondate’, ‘strucchange’, ‘timeDate’, ‘timeSeries’, ‘tis’, ‘tseries’, ‘pkgconfig’, ‘ape’, ‘digest’, ‘graph’, ‘igraphdata’, ‘rgl’, ‘withr’, ‘gtable’, ‘isoband’, ‘rlang’, ‘tibble’, ‘dplyr’, ‘ggplot2movies’, ‘hexbin’, ‘Hmisc’, ‘mapproj’, ‘maps’, ‘maptools’, ‘multcomp’, ‘munsell’, ‘profvis’, ‘quantreg’, ‘rgeos’, ‘sf’, ‘svglite’, ‘vdiffr’, ‘farver’, ‘labeling’, ‘R6’, ‘RColorBrewer’, ‘viridisLite’, ‘lifecycle’, ‘dichromat’, ‘hms’, ‘egg’, ‘plm’, ‘kernlab’, ‘mvtnorm’, ‘vcd’, ‘shiny’, ‘shinyjs’, ‘png’, ‘jpeg’, ‘rcartocolor’, ‘scico’, ‘viridis’, ‘wesanderson’, ‘pmml’, ‘arulesViz’, ‘seriation’, ‘gridBase’, ‘sfsmisc’, ‘proxy’, ‘SnowballC’, ‘NLP’, ‘slam’, ‘xml2’, ‘BH’, ‘antiword’, ‘filehash’, ‘pdftools’, ‘Rgraphviz’, ‘Rpoppler’, ‘matlab’, ‘expm’, ‘RcppParallel’, ‘RcppArmadillo’, ‘diagram’, ‘DiagrammeR’, ‘msm’, ‘etm’, ‘Rsolnp’, ‘knitcitations’, ‘ctmcd’, ‘bookdown’, ‘rticles’, ‘mnormt’, ‘psychTools’, ‘GPArotation’, ‘lavaan’, ‘sem’, ‘lme4’, ‘Rcsdp’, ‘DEoptimR’, ‘robust’, ‘fit.models’, ‘MPV’, ‘GGally’, ‘reshape2’, ‘catdata’, ‘skewt’
#16 284.5 
#16 284.6 trying URL 'https://packagemanager.posit.co/cran/__linux__/bionic/2020-04-01/src/contrib/rematch_1.0.1.tar.gz'
#16 287.7 Content type 'binary/octet-stream' length 11945 bytes (11 KB)
#16 287.7 ==================================================
#16 287.7 downloaded 11 KB
#16 287.7 
#16 287.7 trying URL 'https://packagemanager.posit.co/cran/__linux__/bionic/2020-04-01/src/contrib/forcats_0.5.0.tar.gz'
#16 290.1 Content type 'binary/octet-stream' length 354411 bytes (346 KB)
#16 290.1 ==================================================
#16 290.6 downloaded 346 KB
#16 290.6 
#16 290.6 trying URL 'https://packagemanager.posit.co/cran/__linux__/bionic/2020-04-01/src/contrib/cellranger_1.1.0.tar.gz'
#16 293.0 Content type 'binary/octet-stream' length 101568 bytes (99 KB)
#16 293.0 ==================================================
#16 293.4 downloaded 99 KB
#16 293.4 
#16 293.4 trying URL 'https://packagemanager.posit.co/cran/__linux__/bionic/2020-04-01/src/contrib/zip_2.0.4.tar.gz'
#16 296.1 Content type 'binary/octet-stream' length 529467 bytes (517 KB)
#16 296.1 ==================================================
#16 296.7 downloaded 517 KB
#16 296.7 
#16 296.7 trying URL 'https://packagemanager.posit.co/cran/__linux__/bionic/2020-04-01/src/contrib/ps_1.3.2.tar.gz'
#16 299.1 Content type 'binary/octet-stream' length 265225 bytes (259 KB)
#16 299.1 ==================================================
#16 299.6 downloaded 259 KB
#16 299.6 
#16 299.6 trying URL 'https://packagemanager.posit.co/cran/__linux__/bionic/2020-04-01/src/contrib/backports_1.1.5.tar.gz'
#16 301.9 Content type 'binary/octet-stream' length 58693 bytes (57 KB)
#16 301.9 ==================================================
#16 302.2 downloaded 57 KB
#16 302.2 
#16 302.2 trying URL 'https://packagemanager.posit.co/cran/__linux__/bionic/2020-04-01/src/contrib/haven_2.2.0.tar.gz'
#16 304.9 Content type 'binary/octet-stream' length 1351257 bytes (1.3 MB)
#16 305.0 ==================================================
#16 305.7 downloaded 1.3 MB
#16 305.7 
#16 305.7 trying URL 'https://packagemanager.posit.co/cran/__linux__/bionic/2020-04-01/src/contrib/readxl_1.3.1.tar.gz'
#16 308.3 Content type 'binary/octet-stream' length 2262239 bytes (2.2 MB)
#16 308.6 ==================================================
#16 309.4 downloaded 2.2 MB
#16 309.4 
#16 309.4 trying URL 'https://packagemanager.posit.co/cran/__linux__/bionic/2020-04-01/src/contrib/openxlsx_4.1.4.tar.gz'
#16 311.9 Content type 'binary/octet-stream' length 3535217 bytes (3.4 MB)
#16 312.2 ==================================================
#16 313.2 downloaded 3.4 MB
#16 313.2 
#16 313.2 trying URL 'https://packagemanager.posit.co/cran/__linux__/bionic/2020-04-01/src/contrib/processx_3.4.2.tar.gz'
#16 315.5 Content type 'binary/octet-stream' length 351089 bytes (342 KB)
#16 315.5 ==================================================
#16 316.2 downloaded 342 KB
#16 316.2 
#16 316.2 trying URL 'https://packagemanager.posit.co/cran/__linux__/bionic/2020-04-01/src/contrib/xopen_1.0.0.tar.gz'
#16 318.8 Content type 'binary/octet-stream' length 22165 bytes (21 KB)
#16 318.8 ==================================================
#16 318.8 downloaded 21 KB
#16 318.8 
#16 318.8 trying URL 'https://packagemanager.posit.co/cran/__linux__/bionic/2020-04-01/src/contrib/brew_1.0-6.tar.gz'
#16 321.5 Content type 'binary/octet-stream' length 109731 bytes (107 KB)
#16 321.5 ==================================================
#16 321.8 downloaded 107 KB
#16 321.8 
#16 321.8 trying URL 'https://packagemanager.posit.co/cran/__linux__/bionic/2020-04-01/src/contrib/commonmark_1.7.tar.gz'
#16 325.3 Content type 'binary/octet-stream' length 418784 bytes (408 KB)
#16 325.3 ==================================================
#16 326.1 downloaded 408 KB
#16 326.1 
#16 326.1 trying URL 'https://packagemanager.posit.co/cran/__linux__/bionic/2020-04-01/src/contrib/ini_0.3.1.tar.gz'
#16 328.7 Content type 'binary/octet-stream' length 13087 bytes (12 KB)
#16 328.7 ==================================================
#16 328.7 downloaded 12 KB
#16 328.7 
#16 328.7 trying URL 'https://packagemanager.posit.co/cran/__linux__/bionic/2020-04-01/src/contrib/lazyeval_0.2.2.tar.gz'
#16 331.4 Content type 'binary/octet-stream' length 164307 bytes (160 KB)
#16 331.4 ==================================================
#16 331.8 downloaded 160 KB
#16 331.8 
#16 331.8 trying URL 'https://packagemanager.posit.co/cran/__linux__/bionic/2020-04-01/src/contrib/openssl_1.4.1.tar.gz'
#16 334.4 Content type 'binary/octet-stream' length 1378193 bytes (1.3 MB)
#16 334.9 ==================================================
#16 335.4 downloaded 1.3 MB
#16 335.4 
#16 335.4 trying URL 'https://packagemanager.posit.co/cran/__linux__/bionic/2020-04-01/src/contrib/desc_1.2.0.tar.gz'
#16 337.9 Content type 'binary/octet-stream' length 275364 bytes (268 KB)
#16 337.9 ==================================================
#16 338.4 downloaded 268 KB
#16 338.4 
#16 338.4 trying URL 'https://packagemanager.posit.co/cran/__linux__/bionic/2020-04-01/src/contrib/pkgbuild_1.0.6.tar.gz'
#16 340.8 Content type 'binary/octet-stream' length 134989 bytes (131 KB)
#16 340.8 ==================================================
#16 341.1 downloaded 131 KB
#16 341.1 
#16 341.1 trying URL 'https://packagemanager.posit.co/cran/__linux__/bionic/2020-04-01/src/contrib/rprojroot_1.3-2.tar.gz'
#16 343.7 Content type 'binary/octet-stream' length 81896 bytes (79 KB)
#16 343.7 ==================================================
#16 344.1 downloaded 79 KB
#16 344.1 
#16 344.2 trying URL 'https://packagemanager.posit.co/cran/__linux__/bionic/2020-04-01/src/contrib/carData_3.0-3.tar.gz'
#16 346.7 Content type 'binary/octet-stream' length 1818714 bytes (1.7 MB)
#16 346.9 ==================================================
#16 347.9 downloaded 1.7 MB
#16 347.9 
#16 347.9 trying URL 'https://packagemanager.posit.co/cran/__linux__/bionic/2020-04-01/src/contrib/pbkrtest_0.4-8.6.tar.gz'
#16 350.5 Content type 'binary/octet-stream' length 272639 bytes (266 KB)
#16 350.5 ==================================================
#16 351.1 downloaded 266 KB
#16 351.1 
#16 351.1 trying URL 'https://packagemanager.posit.co/cran/__linux__/bionic/2020-04-01/src/contrib/rio_0.5.16.tar.gz'
#16 353.6 Content type 'binary/octet-stream' length 504069 bytes (492 KB)
#16 353.6 ==================================================
#16 354.4 downloaded 492 KB
#16 354.4 
#16 354.4 trying URL 'https://packagemanager.posit.co/cran/__linux__/bionic/2020-04-01/src/contrib/TTR_0.23-6.tar.gz'
#16 357.5 Content type 'binary/octet-stream' length 515043 bytes (502 KB)
#16 357.5 ==================================================
#16 358.1 downloaded 502 KB
#16 358.1 
#16 358.1 trying URL 'https://packagemanager.posit.co/cran/__linux__/bionic/2020-04-01/src/contrib/miniUI_0.1.1.1.tar.gz'
#16 361.4 Content type 'binary/octet-stream' length 34233 bytes (33 KB)
#16 361.4 ==================================================
#16 361.4 downloaded 33 KB
#16 361.4 
#16 361.4 trying URL 'https://packagemanager.posit.co/cran/__linux__/bionic/2020-04-01/src/contrib/webshot_0.5.2.tar.gz'
#16 363.8 Content type 'binary/octet-stream' length 134484 bytes (131 KB)
#16 363.8 ==================================================
#16 364.3 downloaded 131 KB
#16 364.3 
#16 364.3 trying URL 'https://packagemanager.posit.co/cran/__linux__/bionic/2020-04-01/src/contrib/utf8_1.1.4.tar.gz'
#16 366.7 Content type 'binary/octet-stream' length 221165 bytes (215 KB)
#16 366.7 ==================================================
#16 367.3 downloaded 215 KB
#16 367.3 
#16 367.3 trying URL 'https://packagemanager.posit.co/cran/__linux__/bionic/2020-04-01/src/contrib/checkmate_2.0.0.tar.gz'
#16 369.8 Content type 'binary/octet-stream' length 696938 bytes (680 KB)
#16 369.8 ==================================================
#16 370.4 downloaded 680 KB
#16 370.4 
#16 370.5 trying URL 'https://packagemanager.posit.co/cran/__linux__/bionic/2020-04-01/src/contrib/e1071_1.7-3.tar.gz'
#16 373.3 Content type 'binary/octet-stream' length 890676 bytes (869 KB)
#16 373.5 ==================================================
#16 374.2 downloaded 869 KB
#16 374.2 
#16 374.3 trying URL 'https://packagemanager.posit.co/cran/__linux__/bionic/2020-04-01/src/contrib/systemfonts_0.1.1.tar.gz'
#16 376.6 Content type 'application/x-tar' length 24350 bytes (23 KB)
#16 376.6 ==================================================
#16 376.6 downloaded 23 KB
#16 376.6 
#16 376.6 trying URL 'https://packagemanager.posit.co/cran/__linux__/bionic/2020-04-01/src/contrib/callr_3.4.3.tar.gz'
#16 378.9 Content type 'binary/octet-stream' length 386480 bytes (377 KB)
#16 378.9 ==================================================
#16 379.5 downloaded 377 KB
#16 379.5 
#16 379.5 trying URL 'https://packagemanager.posit.co/cran/__linux__/bionic/2020-04-01/src/contrib/git2r_0.26.1.tar.gz'
#16 382.1 Content type 'binary/octet-stream' length 2474842 bytes (2.4 MB)
#16 382.4 ==================================================
#16 383.4 downloaded 2.4 MB
#16 383.4 
#16 383.4 trying URL 'https://packagemanager.posit.co/cran/__linux__/bionic/2020-04-01/src/contrib/memoise_1.1.0.tar.gz'
#16 385.8 Content type 'binary/octet-stream' length 34612 bytes (33 KB)
#16 385.8 ==================================================
#16 386.1 downloaded 33 KB
#16 386.1 
#16 386.1 trying URL 'https://packagemanager.posit.co/cran/__linux__/bionic/2020-04-01/src/contrib/rcmdcheck_1.3.3.tar.gz'
#16 388.6 Content type 'binary/octet-stream' length 132903 bytes (129 KB)
#16 388.6 ==================================================
#16 389.0 downloaded 129 KB
#16 389.0 
#16 389.0 trying URL 'https://packagemanager.posit.co/cran/__linux__/bionic/2020-04-01/src/contrib/remotes_2.1.1.tar.gz'
#16 391.4 Content type 'binary/octet-stream' length 358873 bytes (350 KB)
#16 391.4 ==================================================
#16 392.0 downloaded 350 KB
#16 392.0 
#16 392.0 trying URL 'https://packagemanager.posit.co/cran/__linux__/bionic/2020-04-01/src/contrib/roxygen2_7.1.0.tar.gz'
#16 394.4 Content type 'binary/octet-stream' length 1224257 bytes (1.2 MB)
#16 394.4 ==================================================
#16 395.3 downloaded 1.2 MB
#16 395.3 
#16 395.3 trying URL 'https://packagemanager.posit.co/cran/__linux__/bionic/2020-04-01/src/contrib/rversions_2.0.1.tar.gz'
#16 397.8 Content type 'binary/octet-stream' length 66429 bytes (64 KB)
#16 397.8 ==================================================
#16 398.2 downloaded 64 KB
#16 398.2 
#16 398.3 trying URL 'https://packagemanager.posit.co/cran/__linux__/bionic/2020-04-01/src/contrib/sessioninfo_1.1.1.tar.gz'
#16 401.2 Content type 'binary/octet-stream' length 44275 bytes (43 KB)
#16 401.2 ==================================================
#16 401.2 downloaded 43 KB
#16 401.2 
#16 401.2 trying URL 'https://packagemanager.posit.co/cran/__linux__/bionic/2020-04-01/src/contrib/fontBitstreamVera_0.1.1.tar.gz'
#16 405.0 Content type 'binary/octet-stream' length 699246 bytes (682 KB)
#16 405.0 ==================================================
#16 405.2 downloaded 682 KB
#16 405.2 
#16 405.2 trying URL 'https://packagemanager.posit.co/cran/__linux__/bionic/2020-04-01/src/contrib/fontLiberation_0.1.0.tar.gz'
#16 408.7 Content type 'binary/octet-stream' length 4538862 bytes (4.3 MB)
#16 408.7 ==================================================
#16 409.3 downloaded 4.3 MB
#16 409.3 
#16 409.3 trying URL 'https://packagemanager.posit.co/cran/__linux__/bionic/2020-04-01/src/contrib/clipr_0.7.0.tar.gz'
#16 411.6 Content type 'binary/octet-stream' length 47701 bytes (46 KB)
#16 411.6 ==================================================
#16 411.8 downloaded 46 KB
#16 411.8 
#16 411.8 trying URL 'https://packagemanager.posit.co/cran/__linux__/bionic/2020-04-01/src/contrib/clisymbols_1.2.0.tar.gz'
#16 414.2 Content type 'binary/octet-stream' length 17749 bytes (17 KB)
#16 414.2 ==================================================
#16 414.2 downloaded 17 KB
#16 414.2 
#16 414.2 trying URL 'https://packagemanager.posit.co/cran/__linux__/bionic/2020-04-01/src/contrib/fs_1.3.2.tar.gz'
#16 416.7 Content type 'binary/octet-stream' length 1239989 bytes (1.2 MB)
#16 416.8 ==================================================
#16 417.6 downloaded 1.2 MB
#16 417.6 
#16 417.6 trying URL 'https://packagemanager.posit.co/cran/__linux__/bionic/2020-04-01/src/contrib/gh_1.1.0.tar.gz'
#16 420.0 Content type 'binary/octet-stream' length 108158 bytes (105 KB)
#16 420.0 ==================================================
#16 420.4 downloaded 105 KB
#16 420.4 
#16 420.4 trying URL 'https://packagemanager.posit.co/cran/__linux__/bionic/2020-04-01/src/contrib/whisker_0.4.tar.gz'
#16 422.8 Content type 'binary/octet-stream' length 65840 bytes (64 KB)
#16 422.8 ==================================================
#16 423.1 downloaded 64 KB
#16 423.1 
#16 423.1 trying URL 'https://packagemanager.posit.co/cran/__linux__/bionic/2020-04-01/src/contrib/miscTools_0.6-26.tar.gz'
#16 425.7 Content type 'binary/octet-stream' length 85984 bytes (83 KB)
#16 425.7 ==================================================
#16 426.1 downloaded 83 KB
#16 426.1 
#16 426.1 trying URL 'https://packagemanager.posit.co/cran/__linux__/bionic/2020-04-01/src/contrib/bibtex_0.4.2.2.tar.gz'
#16 428.6 Content type 'binary/octet-stream' length 130150 bytes (127 KB)
#16 428.6 ==================================================
#16 428.9 downloaded 127 KB
#16 428.9 
#16 428.9 trying URL 'https://packagemanager.posit.co/cran/__linux__/bionic/2020-04-01/src/contrib/gbRd_0.4-11.tar.gz'
#16 432.2 Content type 'binary/octet-stream' length 40793 bytes (39 KB)
#16 432.2 ==================================================
#16 432.3 downloaded 39 KB
#16 432.3 
#16 432.3 trying URL 'https://packagemanager.posit.co/cran/__linux__/bionic/2020-04-01/src/contrib/gtools_3.8.1.tar.gz'
#16 434.7 Content type 'binary/octet-stream' length 320856 bytes (313 KB)
#16 434.7 ==================================================
#16 435.2 downloaded 313 KB
#16 435.2 
#16 435.2 trying URL 'https://packagemanager.posit.co/cran/__linux__/bionic/2020-04-01/src/contrib/gdata_2.18.0.tar.gz'
#16 437.7 Content type 'binary/octet-stream' length 1216550 bytes (1.2 MB)
#16 437.8 ==================================================
#16 438.5 downloaded 1.2 MB
#16 438.5 
#16 438.6 trying URL 'https://packagemanager.posit.co/cran/__linux__/bionic/2020-04-01/src/contrib/caTools_1.18.0.tar.gz'
#16 441.1 Content type 'binary/octet-stream' length 239953 bytes (234 KB)
#16 441.1 ==================================================
#16 441.6 downloaded 234 KB
#16 441.6 
#16 441.6 trying URL 'https://packagemanager.posit.co/cran/__linux__/bionic/2020-04-01/src/contrib/askpass_1.1.tar.gz'
#16 444.1 Content type 'binary/octet-stream' length 23439 bytes (22 KB)
#16 444.1 ==================================================
#16 444.1 downloaded 22 KB
#16 444.1 
#16 444.1 trying URL 'https://packagemanager.posit.co/cran/__linux__/bionic/2020-04-01/src/contrib/arm_1.10-1.tar.gz'
#16 446.6 Content type 'binary/octet-stream' length 351555 bytes (343 KB)
#16 446.6 ==================================================
#16 447.1 downloaded 343 KB
#16 447.1 
#16 447.2 trying URL 'https://packagemanager.posit.co/cran/__linux__/bionic/2020-04-01/src/contrib/pcaPP_1.9-73.tar.gz'
#16 450.5 Content type 'binary/octet-stream' length 700526 bytes (684 KB)
#16 450.5 ==================================================
#16 451.2 downloaded 684 KB
#16 451.2 
#16 451.2 trying URL 'https://packagemanager.posit.co/cran/__linux__/bionic/2020-04-01/src/contrib/prettyunits_1.1.1.tar.gz'
#16 453.6 Content type 'binary/octet-stream' length 34653 bytes (33 KB)
#16 453.6 ==================================================
#16 453.6 downloaded 33 KB
#16 453.6 
#16 453.6 trying URL 'https://packagemanager.posit.co/cran/__linux__/bionic/2020-04-01/src/contrib/jsonlite_1.6.1.tar.gz'
#16 455.8 Content type 'binary/octet-stream' length 1160064 bytes (1.1 MB)
#16 456.0 ==================================================
#16 456.8 downloaded 1.1 MB
#16 456.8 
#16 456.8 trying URL 'https://packagemanager.posit.co/cran/__linux__/bionic/2020-04-01/src/contrib/rex_1.1.2.tar.gz'
#16 459.6 Content type 'binary/octet-stream' length 122918 bytes (120 KB)
#16 459.6 ==================================================
#16 459.7 downloaded 120 KB
#16 459.7 
#16 459.7 trying URL 'https://packagemanager.posit.co/cran/__linux__/bionic/2020-04-01/src/contrib/httr_1.4.1.tar.gz'
#16 462.0 Content type 'binary/octet-stream' length 502555 bytes (490 KB)
#16 462.0 ==================================================
#16 462.6 downloaded 490 KB
#16 462.6 
#16 462.7 trying URL 'https://packagemanager.posit.co/cran/__linux__/bionic/2020-04-01/src/contrib/evaluate_0.14.tar.gz'
#16 465.2 Content type 'binary/octet-stream' length 74208 bytes (72 KB)
#16 465.2 ==================================================
#16 465.3 downloaded 72 KB
#16 465.3 
#16 465.3 trying URL 'https://packagemanager.posit.co/cran/__linux__/bionic/2020-04-01/src/contrib/highr_0.8.tar.gz'
#16 467.5 Content type 'binary/octet-stream' length 41092 bytes (40 KB)
#16 467.5 ==================================================
#16 467.7 downloaded 40 KB
#16 467.7 
#16 467.7 trying URL 'https://packagemanager.posit.co/cran/__linux__/bionic/2020-04-01/src/contrib/markdown_1.1.tar.gz'
#16 470.0 Content type 'binary/octet-stream' length 215674 bytes (210 KB)
#16 470.0 ==================================================
#16 470.5 downloaded 210 KB
#16 470.5 
#16 470.6 trying URL 'https://packagemanager.posit.co/cran/__linux__/bionic/2020-04-01/src/contrib/xfun_0.12.tar.gz'
#16 472.7 Content type 'binary/octet-stream' length 173903 bytes (169 KB)
#16 472.7 ==================================================
#16 473.1 downloaded 169 KB
#16 473.1 
#16 473.1 trying URL 'https://packagemanager.posit.co/cran/__linux__/bionic/2020-04-01/src/contrib/cli_2.0.2.tar.gz'
#16 475.5 Content type 'binary/octet-stream' length 390769 bytes (381 KB)
#16 475.5 ==================================================
#16 476.2 downloaded 381 KB
#16 476.2 
#16 476.2 trying URL 'https://packagemanager.posit.co/cran/__linux__/bionic/2020-04-01/src/contrib/ellipsis_0.3.0.tar.gz'
#16 478.6 Content type 'binary/octet-stream' length 36024 bytes (35 KB)
#16 478.6 ==================================================
#16 478.8 downloaded 35 KB
#16 478.8 
#16 478.8 trying URL 'https://packagemanager.posit.co/cran/__linux__/bionic/2020-04-01/src/contrib/pkgload_1.0.2.tar.gz'
#16 481.2 Content type 'binary/octet-stream' length 148500 bytes (145 KB)
#16 481.2 ==================================================
#16 481.6 downloaded 145 KB
#16 481.6 
#16 481.6 trying URL 'https://packagemanager.posit.co/cran/__linux__/bionic/2020-04-01/src/contrib/praise_1.0.0.tar.gz'
#16 484.7 Content type 'binary/octet-stream' length 16012 bytes (15 KB)
#16 484.7 ==================================================
#16 484.7 downloaded 15 KB
#16 484.7 
#16 484.7 trying URL 'https://packagemanager.posit.co/cran/__linux__/bionic/2020-04-01/src/contrib/base64enc_0.1-3.tar.gz'
#16 487.2 Content type 'binary/octet-stream' length 36959 bytes (36 KB)
#16 487.2 ==================================================
#16 487.2 downloaded 36 KB
#16 487.2 
#16 487.2 trying URL 'https://packagemanager.posit.co/cran/__linux__/bionic/2020-04-01/src/contrib/mime_0.9.tar.gz'
#16 489.9 Content type 'binary/octet-stream' length 37124 bytes (36 KB)
#16 489.9 ==================================================
#16 490.1 downloaded 36 KB
#16 490.1 
#16 490.2 trying URL 'https://packagemanager.posit.co/cran/__linux__/bionic/2020-04-01/src/contrib/tinytex_0.20.tar.gz'
#16 492.7 Content type 'binary/octet-stream' length 99942 bytes (97 KB)
#16 492.7 ==================================================
#16 492.9 downloaded 97 KB
#16 492.9 
#16 492.9 trying URL 'https://packagemanager.posit.co/cran/__linux__/bionic/2020-04-01/src/contrib/plogr_0.2.0.tar.gz'
#16 495.5 Content type 'binary/octet-stream' length 12650 bytes (12 KB)
#16 495.5 ==================================================
#16 495.5 downloaded 12 KB
#16 495.5 
#16 495.5 trying URL 'https://packagemanager.posit.co/cran/__linux__/bionic/2020-04-01/src/contrib/bit_1.1-15.2.tar.gz'
#16 497.9 Content type 'binary/octet-stream' length 252448 bytes (246 KB)
#16 497.9 ==================================================
#16 498.3 downloaded 246 KB
#16 498.3 
#16 498.3 trying URL 'https://packagemanager.posit.co/cran/__linux__/bionic/2020-04-01/src/contrib/R.oo_1.23.0.tar.gz'
#16 500.8 Content type 'binary/octet-stream' length 973692 bytes (950 KB)
#16 500.9 ==================================================
#16 501.6 downloaded 950 KB
#16 501.6 
#16 501.6 trying URL 'https://packagemanager.posit.co/cran/__linux__/bionic/2020-04-01/src/contrib/R.methodsS3_1.8.0.tar.gz'
#16 504.0 Content type 'binary/octet-stream' length 79544 bytes (77 KB)
#16 504.0 ==================================================
#16 504.4 downloaded 77 KB
#16 504.4 
#16 504.4 trying URL 'https://packagemanager.posit.co/cran/__linux__/bionic/2020-04-01/src/contrib/RcppCCTZ_0.2.7.tar.gz'
#16 507.0 Content type 'binary/octet-stream' length 1124981 bytes (1.1 MB)
#16 507.1 ==================================================
#16 508.0 downloaded 1.1 MB
#16 508.0 
#16 508.0 trying URL 'https://packagemanager.posit.co/cran/__linux__/bionic/2020-04-01/src/contrib/car_3.0-7.tar.gz'
#16 510.5 Content type 'binary/octet-stream' length 1549665 bytes (1.5 MB)
#16 510.8 ==================================================
#16 511.6 downloaded 1.5 MB
#16 511.6 
#16 511.6 trying URL 'https://packagemanager.posit.co/cran/__linux__/bionic/2020-04-01/src/contrib/lmtest_0.9-37.tar.gz'
#16 513.9 Content type 'binary/octet-stream' length 350717 bytes (342 KB)
#16 513.9 ==================================================
#16 514.5 downloaded 342 KB
#16 514.5 
#16 514.5 trying URL 'https://packagemanager.posit.co/cran/__linux__/bionic/2020-04-01/src/contrib/sandwich_2.5-1.tar.gz'
#16 517.1 Content type 'binary/octet-stream' length 1388616 bytes (1.3 MB)
#16 517.2 ==================================================
#16 518.1 downloaded 1.3 MB
#16 518.1 
#16 518.1 trying URL 'https://packagemanager.posit.co/cran/__linux__/bionic/2020-04-01/src/contrib/Formula_1.2-3.tar.gz'
#16 520.9 Content type 'binary/octet-stream' length 179517 bytes (175 KB)
#16 520.9 ==================================================
#16 521.3 downloaded 175 KB
#16 521.3 
#16 521.3 trying URL 'https://packagemanager.posit.co/cran/__linux__/bionic/2020-04-01/src/contrib/quadprog_1.5-8.tar.gz'
#16 524.6 Content type 'binary/octet-stream' length 41678 bytes (40 KB)
#16 524.6 ==================================================
#16 524.7 downloaded 40 KB
#16 524.7 
#16 524.7 trying URL 'https://packagemanager.posit.co/cran/__linux__/bionic/2020-04-01/src/contrib/quantmod_0.4-16.tar.gz'
#16 527.1 Content type 'binary/octet-stream' length 959774 bytes (937 KB)
#16 527.4 ==================================================
#16 528.1 downloaded 937 KB
#16 528.1 
#16 528.1 trying URL 'https://bioconductor.org/packages/3.10/bioc/src/contrib/BiocGenerics_0.32.0.tar.gz'
#16 529.9 Content type 'application/octet-stream' length 46806 bytes (45 KB)
#16 529.9 ==================================================
#16 530.0 downloaded 45 KB
#16 530.0 
#16 530.0 trying URL 'https://packagemanager.posit.co/cran/__linux__/bionic/2020-04-01/src/contrib/crosstalk_1.1.0.1.tar.gz'
#16 532.2 Content type 'binary/octet-stream' length 773360 bytes (755 KB)
#16 532.2 ==================================================
#16 533.0 downloaded 755 KB
#16 533.0 
#16 533.0 trying URL 'https://packagemanager.posit.co/cran/__linux__/bionic/2020-04-01/src/contrib/manipulateWidget_0.10.1.tar.gz'
#16 535.7 Content type 'binary/octet-stream' length 1762568 bytes (1.7 MB)
#16 535.8 ==================================================
#16 536.7 downloaded 1.7 MB
#16 536.7 
#16 536.7 trying URL 'https://packagemanager.posit.co/cran/__linux__/bionic/2020-04-01/src/contrib/fansi_0.4.1.tar.gz'
#16 539.2 Content type 'binary/octet-stream' length 237022 bytes (231 KB)
#16 539.2 ==================================================
#16 539.6 downloaded 231 KB
#16 539.6 
#16 539.6 trying URL 'https://packagemanager.posit.co/cran/__linux__/bionic/2020-04-01/src/contrib/pillar_1.4.3.tar.gz'
#16 542.3 Content type 'binary/octet-stream' length 177009 bytes (172 KB)
#16 542.3 ==================================================
#16 542.6 downloaded 172 KB
#16 542.6 
#16 542.6 trying URL 'https://packagemanager.posit.co/cran/__linux__/bionic/2020-04-01/src/contrib/assertthat_0.2.1.tar.gz'
#16 544.9 Content type 'binary/octet-stream' length 52327 bytes (51 KB)
#16 544.9 ==================================================
#16 544.9 downloaded 51 KB
#16 544.9 
#16 545.0 trying URL 'https://packagemanager.posit.co/cran/__linux__/bionic/2020-04-01/src/contrib/tidyselect_1.0.0.tar.gz'
#16 547.5 Content type 'binary/octet-stream' length 241995 bytes (236 KB)
#16 547.5 ==================================================
#16 547.9 downloaded 236 KB
#16 547.9 
#16 547.9 trying URL 'https://packagemanager.posit.co/cran/__linux__/bionic/2020-04-01/src/contrib/latticeExtra_0.6-29.tar.gz'
#16 550.3 Content type 'binary/octet-stream' length 2199750 bytes (2.1 MB)
#16 550.6 ==================================================
#16 551.5 downloaded 2.1 MB
#16 551.5 
#16 551.5 trying URL 'https://packagemanager.posit.co/cran/__linux__/bionic/2020-04-01/src/contrib/acepack_1.4.1.tar.gz'
#16 553.8 Content type 'binary/octet-stream' length 82697 bytes (80 KB)
#16 553.8 ==================================================
#16 554.2 downloaded 80 KB
#16 554.2 
#16 554.2 trying URL 'https://packagemanager.posit.co/cran/__linux__/bionic/2020-04-01/src/contrib/htmlTable_1.13.3.tar.gz'
#16 556.5 Content type 'binary/octet-stream' length 329842 bytes (322 KB)
#16 556.5 ==================================================
#16 557.0 downloaded 322 KB
#16 557.0 
#16 557.0 trying URL 'https://packagemanager.posit.co/cran/__linux__/bionic/2020-04-01/src/contrib/sp_1.4-1.tar.gz'
#16 559.6 Content type 'binary/octet-stream' length 1895115 bytes (1.8 MB)
#16 559.7 ==================================================
#16 560.6 downloaded 1.8 MB
#16 560.6 
#16 560.6 trying URL 'https://packagemanager.posit.co/cran/__linux__/bionic/2020-04-01/src/contrib/TH.data_1.0-10.tar.gz'
#16 563.1 Content type 'binary/octet-stream' length 8472672 bytes (8.1 MB)
#16 563.4 ==================================================
#16 564.6 downloaded 8.1 MB
#16 564.6 
#16 564.6 trying URL 'https://packagemanager.posit.co/cran/__linux__/bionic/2020-04-01/src/contrib/SparseM_1.78.tar.gz'
#16 567.2 Content type 'binary/octet-stream' length 1091110 bytes (1.0 MB)
#16 567.2 ==================================================
#16 568.0 downloaded 1.0 MB
#16 568.0 
#16 568.0 trying URL 'https://packagemanager.posit.co/cran/__linux__/bionic/2020-04-01/src/contrib/MatrixModels_0.4-1.tar.gz'
#16 570.4 Content type 'binary/octet-stream' length 361825 bytes (353 KB)
#16 570.4 ==================================================
#16 571.1 downloaded 353 KB
#16 571.1 
#16 571.1 trying URL 'https://packagemanager.posit.co/cran/__linux__/bionic/2020-04-01/src/contrib/classInt_0.4-2.tar.gz'
#16 573.8 Content type 'binary/octet-stream' length 77894 bytes (76 KB)
#16 573.8 ==================================================
#16 574.1 downloaded 76 KB
#16 574.1 
#16 574.1 trying URL 'https://packagemanager.posit.co/cran/__linux__/bionic/2020-04-01/src/contrib/units_0.6-6.tar.gz'
#16 576.7 Content type 'binary/octet-stream' length 1405089 bytes (1.3 MB)
#16 576.8 ==================================================
#16 577.6 downloaded 1.3 MB
#16 577.6 
#16 577.6 trying URL 'https://packagemanager.posit.co/cran/__linux__/bionic/2020-04-01/src/contrib/gdtools_0.2.1.tar.gz'
#16 580.0 Content type 'application/x-tar' length 32061 bytes (31 KB)
#16 580.0 ==================================================
#16 580.0 downloaded 31 KB
#16 580.0 
#16 580.0 trying URL 'https://packagemanager.posit.co/cran/__linux__/bionic/2020-04-01/src/contrib/devtools_2.2.2.tar.gz'
#16 582.5 Content type 'binary/octet-stream' length 350289 bytes (342 KB)
#16 582.5 ==================================================
#16 582.9 downloaded 342 KB
#16 582.9 
#16 582.9 trying URL 'https://packagemanager.posit.co/cran/__linux__/bionic/2020-04-01/src/contrib/diffobj_0.2.4.tar.gz'
#16 585.2 Content type 'binary/octet-stream' length 975056 bytes (952 KB)
#16 585.4 ==================================================
#16 586.1 downloaded 952 KB
#16 586.1 
#16 586.1 trying URL 'https://packagemanager.posit.co/cran/__linux__/bionic/2020-04-01/src/contrib/fontquiver_0.2.1.tar.gz'
#16 588.6 Content type 'binary/octet-stream' length 2279431 bytes (2.2 MB)
#16 588.7 ==================================================
#16 589.9 downloaded 2.2 MB
#16 589.9 
#16 589.9 trying URL 'https://packagemanager.posit.co/cran/__linux__/bionic/2020-04-01/src/contrib/freetypeharfbuzz_0.2.5.tar.gz'
#16 592.6 Content type 'binary/octet-stream' length 2578316 bytes (2.5 MB)
#16 592.6 ==================================================
#16 593.7 downloaded 2.5 MB
#16 593.7 
#16 593.8 trying URL 'https://packagemanager.posit.co/cran/__linux__/bionic/2020-04-01/src/contrib/purrr_0.3.3.tar.gz'
#16 596.2 Content type 'binary/octet-stream' length 427101 bytes (417 KB)
#16 596.2 ==================================================
#16 596.9 downloaded 417 KB
#16 596.9 
#16 596.9 trying URL 'https://packagemanager.posit.co/cran/__linux__/bionic/2020-04-01/src/contrib/usethis_1.5.1.tar.gz'
#16 599.3 Content type 'binary/octet-stream' length 919924 bytes (898 KB)
#16 599.4 ==================================================
#16 600.1 downloaded 898 KB
#16 600.1 
#16 600.1 trying URL 'https://packagemanager.posit.co/cran/__linux__/bionic/2020-04-01/src/contrib/vctrs_0.2.4.tar.gz'
#16 602.7 Content type 'binary/octet-stream' length 1151786 bytes (1.1 MB)
#16 602.7 ==================================================
#16 603.6 downloaded 1.1 MB
#16 603.6 
#16 603.6 trying URL 'https://packagemanager.posit.co/cran/__linux__/bionic/2020-04-01/src/contrib/bdsmatrix_1.3-4.tar.gz'
#16 606.0 Content type 'binary/octet-stream' length 260450 bytes (254 KB)
#16 606.0 ==================================================
#16 606.5 downloaded 254 KB
#16 606.5 
#16 606.5 trying URL 'https://packagemanager.posit.co/cran/__linux__/bionic/2020-04-01/src/contrib/maxLik_1.3-8.tar.gz'
#16 609.0 Content type 'binary/octet-stream' length 320318 bytes (312 KB)
#16 609.0 ==================================================
#16 609.6 downloaded 312 KB
#16 609.6 
#16 609.6 trying URL 'https://packagemanager.posit.co/cran/__linux__/bionic/2020-04-01/src/contrib/Rdpack_0.11-1.tar.gz'
#16 612.1 Content type 'binary/octet-stream' length 953424 bytes (931 KB)
#16 612.2 ==================================================
#16 613.0 downloaded 931 KB
#16 613.0 
#16 613.0 trying URL 'https://packagemanager.posit.co/cran/__linux__/bionic/2020-04-01/src/contrib/httpuv_1.5.2.tar.gz'
#16 615.5 Content type 'binary/octet-stream' length 4148084 bytes (4.0 MB)
#16 615.8 ==================================================
#16 616.8 downloaded 4.0 MB
#16 616.8 
#16 616.9 trying URL 'https://packagemanager.posit.co/cran/__linux__/bionic/2020-04-01/src/contrib/sourcetools_0.1.7.tar.gz'
#16 619.2 Content type 'binary/octet-stream' length 160736 bytes (156 KB)
#16 619.2 ==================================================
#16 619.6 downloaded 156 KB
#16 619.6 
#16 619.6 trying URL 'https://packagemanager.posit.co/cran/__linux__/bionic/2020-04-01/src/contrib/later_1.0.0.tar.gz'
#16 CANCELED
ERROR: failed to build: failed to solve: Canceled: context canceled
