#0 building with "default" instance using docker driver

#1 [internal] load build definition from Dockerfile
#1 transferring dockerfile: 8.30kB done
#1 DONE 0.0s

#2 [internal] load metadata for docker.io/library/ubuntu:18.04
#2 DONE 0.0s

#3 [internal] load .dockerignore
#3 transferring context: 2B done
#3 DONE 0.0s

#4 [ 1/18] FROM docker.io/library/ubuntu:18.04
#4 DONE 0.0s

#5 [internal] load build context
#5 transferring context: 6.64kB done
#5 DONE 0.0s

#6 [ 8/18] COPY python_requirements_pinned.txt /tmp/python_requirements_pinned.txt
#6 CACHED

#7 [ 5/18] RUN apt-get update -qq && apt-get install -y --no-install-recommends         texlive-luatex texlive-latex-base texlive-latex-recommended         texlive-fonts-recommended lmodern     && rm -rf /var/lib/apt/lists/*
#7 CACHED

#8 [ 4/18] RUN printf '%s\n'         '[mysqld]'         'sql_mode='         'character-set-server=utf8'         'collation-server=utf8_general_ci'         'max_allowed_packet=256M'         'innodb_buffer_pool_size=512M'         'socket=/var/run/mysqld/mysqld.sock'         ''         '[client]'         'socket=/var/run/mysqld/mysqld.sock'         'default-character-set=utf8'         > /etc/mysql/conf.d/codeface.cnf
#8 CACHED

#9 [ 7/18] RUN wget -qO /tmp/get-pip.py https://bootstrap.pypa.io/pip/2.7/get-pip.py &&     python2.7 /tmp/get-pip.py "pip==20.3.4" "setuptools==44.1.1" "wheel==0.37.1" &&     rm -f /tmp/get-pip.py &&     ln -sf /usr/bin/python2.7 /usr/local/bin/python &&     python2.7 -m pip --version
#9 CACHED

#10 [ 6/18] RUN wget -qO /etc/apt/trusted.gpg.d/cran_ubuntu_key.asc         https://cloud.r-project.org/bin/linux/ubuntu/marutter_pubkey.asc &&     echo "deb https://cloud.r-project.org/bin/linux/ubuntu bionic-cran35/"         > /etc/apt/sources.list.d/cran.list &&     apt-get update -qq && apt-get install -y --no-install-recommends         r-base r-base-dev r-base-core     && rm -rf /var/lib/apt/lists/*
#10 CACHED

#11 [ 2/18] RUN apt-get update -qq && apt-get install -y --no-install-recommends         ca-certificates curl wget gnupg dirmngr lsb-release apt-transport-https         build-essential gfortran pkg-config make cmake         git subversion         python2.7 python2.7-dev libpython2.7-dev         exuberant-ctags sloccount graphviz doxygen astyle xsltproc         libgraphviz-dev libxml2-dev libxslt1-dev libcurl4-openssl-dev         libssl-dev libssh2-1-dev libyaml-dev libcairo2-dev libxt-dev         libhunspell-dev libpoppler-dev libpoppler-glib-dev libarchive13         libfontconfig1-dev libfreetype6-dev libpng-dev libjpeg-dev libtiff5-dev         zlib1g-dev libbz2-dev liblzma-dev libpcre3-dev         vim less procps net-tools iproute2 sudo unzip     && rm -rf /var/lib/apt/lists/*
#11 CACHED

#12 [ 3/18] RUN echo "mysql-server mysql-server/root_password password codeface" | debconf-set-selections &&     echo "mysql-server mysql-server/root_password_again password codeface" | debconf-set-selections &&     apt-get update -qq && apt-get install -y --no-install-recommends         mysql-server mysql-client libmysqlclient-dev     && rm -rf /var/lib/apt/lists/*
#12 CACHED

#13 [ 9/18] RUN python2.7 -m pip install --no-cache-dir -r /tmp/python_requirements_pinned.txt &&     python2.7 -c "import MySQLdb, ctags, yaml, progressbar, jira; print('python deps OK')"
#13 CACHED

#14 [10/18] RUN apt-get update -qq && apt-get install -y --no-install-recommends         libglpk-dev libgmp-dev libmpfr-dev libicu-dev         libblas-dev liblapack-dev     && rm -rf /var/lib/apt/lists/*
#14 CACHED

#15 [11/18] COPY install_r_packages.R /tmp/install_r_packages.R
#15 DONE 0.0s

#16 [12/18] RUN RPKG_MODE=required Rscript /tmp/install_r_packages.R
#16 0.458 == R 3.6.3 | CRAN snapshot 2020-04-01 | Bioc 3.10 | mode: required | cores: 12 ==
#16 0.484 
#16 0.484 == Installing required CRAN packages (30 roots): optparse, logging, yaml, stringr, RMySQL, RCurl, RJSONIO, rjson, plyr, reshape, data.table, zoo, xts, lubridate, igraph, ggplot2, svglite, scales, gridExtra, xtable, colorspace, arules, corrgram, dtw, ineq, lsa, tm, markovchain, psych, robustbase
#16 0.489 Installing packages into ‘/usr/local/lib/R/site-library’
#16 0.489 (as ‘lib’ is unspecified)
#16 287.5 also installing the dependencies ‘ps’, ‘processx’, ‘callr’, ‘prettyunits’, ‘backports’, ‘desc’, ‘pkgbuild’, ‘rprojroot’, ‘rstudioapi’, ‘iterators’, ‘ellipsis’, ‘evaluate’, ‘pkgload’, ‘praise’, ‘assertthat’, ‘utf8’, ‘vctrs’, ‘foreach’, ‘viridis’, ‘gtools’, ‘gdata’, ‘caTools’, ‘testthat’, ‘cli’, ‘crayon’, ‘fansi’, ‘pillar’, ‘systemfonts’, ‘TSP’, ‘qap’, ‘gclus’, ‘dendextend’, ‘gplots’, ‘registry’, ‘getopt’, ‘glue’, ‘magrittr’, ‘stringi’, ‘DBI’, ‘bitops’, ‘Rcpp’, ‘pkgconfig’, ‘digest’, ‘gtable’, ‘isoband’, ‘rlang’, ‘tibble’, ‘withr’, ‘gdtools’, ‘BH’, ‘farver’, ‘labeling’, ‘munsell’, ‘R6’, ‘RColorBrewer’, ‘viridisLite’, ‘lifecycle’, ‘seriation’, ‘proxy’, ‘SnowballC’, ‘NLP’, ‘slam’, ‘xml2’, ‘matlab’, ‘expm’, ‘RcppParallel’, ‘RcppArmadillo’, ‘mnormt’, ‘DEoptimR’
#16 287.5 
#16 287.5 trying URL 'https://packagemanager.posit.co/cran/__linux__/bionic/2020-04-01/src/contrib/ps_1.3.2.tar.gz'
#16 289.2 Content type 'binary/octet-stream' length 265225 bytes (259 KB)
#16 289.2 ==================================================
#16 289.3 downloaded 259 KB
#16 289.3 
#16 289.3 trying URL 'https://packagemanager.posit.co/cran/__linux__/bionic/2020-04-01/src/contrib/processx_3.4.2.tar.gz'
#16 290.8 Content type 'binary/octet-stream' length 351089 bytes (342 KB)
#16 290.8 ==================================================
#16 290.9 downloaded 342 KB
#16 290.9 
#16 290.9 trying URL 'https://packagemanager.posit.co/cran/__linux__/bionic/2020-04-01/src/contrib/callr_3.4.3.tar.gz'
#16 292.3 Content type 'binary/octet-stream' length 386480 bytes (377 KB)
#16 292.3 ==================================================
#16 292.4 downloaded 377 KB
#16 292.4 
#16 292.4 trying URL 'https://packagemanager.posit.co/cran/__linux__/bionic/2020-04-01/src/contrib/prettyunits_1.1.1.tar.gz'
#16 293.9 Content type 'binary/octet-stream' length 34653 bytes (33 KB)
#16 293.9 ==================================================
#16 293.9 downloaded 33 KB
#16 293.9 
#16 293.9 trying URL 'https://packagemanager.posit.co/cran/__linux__/bionic/2020-04-01/src/contrib/backports_1.1.5.tar.gz'
#16 295.6 Content type 'binary/octet-stream' length 58693 bytes (57 KB)
#16 295.6 ==================================================
#16 295.6 downloaded 57 KB
#16 295.6 
#16 295.6 trying URL 'https://packagemanager.posit.co/cran/__linux__/bionic/2020-04-01/src/contrib/desc_1.2.0.tar.gz'
#16 297.2 Content type 'binary/octet-stream' length 275364 bytes (268 KB)
#16 297.2 ==================================================
#16 297.2 downloaded 268 KB
#16 297.2 
#16 297.3 trying URL 'https://packagemanager.posit.co/cran/__linux__/bionic/2020-04-01/src/contrib/pkgbuild_1.0.6.tar.gz'
#16 298.8 Content type 'binary/octet-stream' length 134989 bytes (131 KB)
#16 298.8 ==================================================
#16 298.9 downloaded 131 KB
#16 298.9 
#16 298.9 trying URL 'https://packagemanager.posit.co/cran/__linux__/bionic/2020-04-01/src/contrib/rprojroot_1.3-2.tar.gz'
#16 300.4 Content type 'binary/octet-stream' length 81896 bytes (79 KB)
#16 300.4 ==================================================
#16 300.4 downloaded 79 KB
#16 300.4 
#16 300.4 trying URL 'https://packagemanager.posit.co/cran/__linux__/bionic/2020-04-01/src/contrib/rstudioapi_0.11.tar.gz'
#16 301.9 Content type 'binary/octet-stream' length 258884 bytes (252 KB)
#16 301.9 ==================================================
#16 302.0 downloaded 252 KB
#16 302.0 
#16 302.0 trying URL 'https://packagemanager.posit.co/cran/__linux__/bionic/2020-04-01/src/contrib/iterators_1.0.12.tar.gz'
#16 303.7 Content type 'binary/octet-stream' length 337817 bytes (329 KB)
#16 303.7 ==================================================
#16 303.7 downloaded 329 KB
#16 303.7 
#16 303.7 trying URL 'https://packagemanager.posit.co/cran/__linux__/bionic/2020-04-01/src/contrib/ellipsis_0.3.0.tar.gz'
#16 305.3 Content type 'binary/octet-stream' length 36024 bytes (35 KB)
#16 305.3 ==================================================
#16 305.3 downloaded 35 KB
#16 305.3 
#16 305.3 trying URL 'https://packagemanager.posit.co/cran/__linux__/bionic/2020-04-01/src/contrib/evaluate_0.14.tar.gz'
#16 306.7 Content type 'binary/octet-stream' length 74208 bytes (72 KB)
#16 306.7 ==================================================
#16 306.8 downloaded 72 KB
#16 306.8 
#16 306.8 trying URL 'https://packagemanager.posit.co/cran/__linux__/bionic/2020-04-01/src/contrib/pkgload_1.0.2.tar.gz'
#16 308.6 Content type 'binary/octet-stream' length 148500 bytes (145 KB)
#16 308.6 ==================================================
#16 308.7 downloaded 145 KB
#16 308.7 
#16 308.7 trying URL 'https://packagemanager.posit.co/cran/__linux__/bionic/2020-04-01/src/contrib/praise_1.0.0.tar.gz'
#16 310.2 Content type 'binary/octet-stream' length 16012 bytes (15 KB)
#16 310.2 ==================================================
#16 310.2 downloaded 15 KB
#16 310.2 
#16 310.2 trying URL 'https://packagemanager.posit.co/cran/__linux__/bionic/2020-04-01/src/contrib/assertthat_0.2.1.tar.gz'
#16 311.7 Content type 'binary/octet-stream' length 52327 bytes (51 KB)
#16 311.7 ==================================================
#16 311.7 downloaded 51 KB
#16 311.7 
#16 311.7 trying URL 'https://packagemanager.posit.co/cran/__linux__/bionic/2020-04-01/src/contrib/utf8_1.1.4.tar.gz'
#16 313.2 Content type 'binary/octet-stream' length 221165 bytes (215 KB)
#16 313.2 ==================================================
#16 313.3 downloaded 215 KB
#16 313.3 
#16 313.3 trying URL 'https://packagemanager.posit.co/cran/__linux__/bionic/2020-04-01/src/contrib/vctrs_0.2.4.tar.gz'
#16 314.7 Content type 'binary/octet-stream' length 1151786 bytes (1.1 MB)
#16 314.7 ==================================================
#16 314.8 downloaded 1.1 MB
#16 314.8 
#16 314.8 trying URL 'https://packagemanager.posit.co/cran/__linux__/bionic/2020-04-01/src/contrib/foreach_1.4.8.tar.gz'
#16 316.3 Content type 'binary/octet-stream' length 134914 bytes (131 KB)
#16 316.3 ==================================================
#16 316.3 downloaded 131 KB
#16 316.3 
#16 316.3 trying URL 'https://packagemanager.posit.co/cran/__linux__/bionic/2020-04-01/src/contrib/viridis_0.5.1.tar.gz'
#16 318.1 Content type 'binary/octet-stream' length 1863977 bytes (1.8 MB)
#16 318.1 ==================================================
#16 318.2 downloaded 1.8 MB
#16 318.2 
#16 318.2 trying URL 'https://packagemanager.posit.co/cran/__linux__/bionic/2020-04-01/src/contrib/gtools_3.8.1.tar.gz'
#16 319.7 Content type 'binary/octet-stream' length 320856 bytes (313 KB)
#16 319.7 ==================================================
#16 319.7 downloaded 313 KB
#16 319.7 
#16 319.7 trying URL 'https://packagemanager.posit.co/cran/__linux__/bionic/2020-04-01/src/contrib/gdata_2.18.0.tar.gz'
#16 321.3 Content type 'binary/octet-stream' length 1216550 bytes (1.2 MB)
#16 321.3 ==================================================
#16 321.4 downloaded 1.2 MB
#16 321.4 
#16 321.4 trying URL 'https://packagemanager.posit.co/cran/__linux__/bionic/2020-04-01/src/contrib/caTools_1.18.0.tar.gz'
#16 322.8 Content type 'binary/octet-stream' length 239953 bytes (234 KB)
#16 322.8 ==================================================
#16 322.9 downloaded 234 KB
#16 322.9 
#16 322.9 trying URL 'https://packagemanager.posit.co/cran/__linux__/bionic/2020-04-01/src/contrib/testthat_2.3.2.tar.gz'
#16 324.4 Content type 'binary/octet-stream' length 2197150 bytes (2.1 MB)
#16 324.4 ==================================================
#16 324.5 downloaded 2.1 MB
#16 324.5 
#16 324.5 trying URL 'https://packagemanager.posit.co/cran/__linux__/bionic/2020-04-01/src/contrib/cli_2.0.2.tar.gz'
#16 326.0 Content type 'binary/octet-stream' length 390769 bytes (381 KB)
#16 326.0 ==================================================
#16 326.0 downloaded 381 KB
#16 326.0 
#16 326.1 trying URL 'https://packagemanager.posit.co/cran/__linux__/bionic/2020-04-01/src/contrib/crayon_1.3.4.tar.gz'
#16 327.5 Content type 'binary/octet-stream' length 744826 bytes (727 KB)
#16 327.5 ==================================================
#16 327.6 downloaded 727 KB
#16 327.6 
#16 327.6 trying URL 'https://packagemanager.posit.co/cran/__linux__/bionic/2020-04-01/src/contrib/fansi_0.4.1.tar.gz'
#16 329.1 Content type 'binary/octet-stream' length 237022 bytes (231 KB)
#16 329.1 ==================================================
#16 329.2 downloaded 231 KB
#16 329.2 
#16 329.2 trying URL 'https://packagemanager.posit.co/cran/__linux__/bionic/2020-04-01/src/contrib/pillar_1.4.3.tar.gz'
#16 330.6 Content type 'binary/octet-stream' length 177009 bytes (172 KB)
#16 330.6 ==================================================
#16 330.6 downloaded 172 KB
#16 330.6 
#16 330.6 trying URL 'https://packagemanager.posit.co/cran/__linux__/bionic/2020-04-01/src/contrib/systemfonts_0.1.1.tar.gz'
#16 332.2 Content type 'application/x-tar' length 24350 bytes (23 KB)
#16 332.2 ==================================================
#16 332.2 downloaded 23 KB
#16 332.2 
#16 332.2 trying URL 'https://packagemanager.posit.co/cran/__linux__/bionic/2020-04-01/src/contrib/TSP_1.1-9.tar.gz'
#16 333.7 Content type 'binary/octet-stream' length 1020943 bytes (997 KB)
#16 333.7 ==================================================
#16 333.7 downloaded 997 KB
#16 333.7 
#16 333.8 trying URL 'https://packagemanager.posit.co/cran/__linux__/bionic/2020-04-01/src/contrib/qap_0.1-1.tar.gz'
#16 335.4 Content type 'binary/octet-stream' length 469278 bytes (458 KB)
#16 335.4 ==================================================
#16 335.4 downloaded 458 KB
#16 335.4 
#16 335.4 trying URL 'https://packagemanager.posit.co/cran/__linux__/bionic/2020-04-01/src/contrib/gclus_1.3.2.tar.gz'
#16 337.0 Content type 'binary/octet-stream' length 416713 bytes (406 KB)
#16 337.0 ==================================================
#16 337.0 downloaded 406 KB
#16 337.0 
#16 337.0 trying URL 'https://packagemanager.posit.co/cran/__linux__/bionic/2020-04-01/src/contrib/dendextend_1.13.4.tar.gz'
#16 338.5 Content type 'binary/octet-stream' length 5004034 bytes (4.8 MB)
#16 338.5 ==================================================
#16 338.6 downloaded 4.8 MB
#16 338.6 
#16 338.6 trying URL 'https://packagemanager.posit.co/cran/__linux__/bionic/2020-04-01/src/contrib/gplots_3.0.3.tar.gz'
#16 340.1 Content type 'binary/octet-stream' length 588587 bytes (574 KB)
#16 340.1 ==================================================
#16 340.1 downloaded 574 KB
#16 340.1 
#16 340.1 trying URL 'https://packagemanager.posit.co/cran/__linux__/bionic/2020-04-01/src/contrib/registry_0.5-1.tar.gz'
#16 341.7 Content type 'binary/octet-stream' length 194111 bytes (189 KB)
#16 341.7 ==================================================
#16 341.7 downloaded 189 KB
#16 341.7 
#16 341.7 trying URL 'https://packagemanager.posit.co/cran/__linux__/bionic/2020-04-01/src/contrib/getopt_1.20.3.tar.gz'
#16 343.2 Content type 'binary/octet-stream' length 33808 bytes (33 KB)
#16 343.2 ==================================================
#16 343.2 downloaded 33 KB
#16 343.2 
#16 343.2 trying URL 'https://packagemanager.posit.co/cran/__linux__/bionic/2020-04-01/src/contrib/glue_1.3.2.tar.gz'
#16 344.8 Content type 'binary/octet-stream' length 142489 bytes (139 KB)
#16 344.8 ==================================================
#16 344.9 downloaded 139 KB
#16 344.9 
#16 344.9 trying URL 'https://packagemanager.posit.co/cran/__linux__/bionic/2020-04-01/src/contrib/magrittr_1.5.tar.gz'
#16 346.4 Content type 'binary/octet-stream' length 154388 bytes (150 KB)
#16 346.4 ==================================================
#16 346.4 downloaded 150 KB
#16 346.4 
#16 346.4 trying URL 'https://packagemanager.posit.co/cran/__linux__/bionic/2020-04-01/src/contrib/stringi_1.4.6.tar.gz'
#16 348.0 Content type 'binary/octet-stream' length 2481768 bytes (2.4 MB)
#16 348.0 ==================================================
#16 348.1 downloaded 2.4 MB
#16 348.1 
#16 348.1 trying URL 'https://packagemanager.posit.co/cran/__linux__/bionic/2020-04-01/src/contrib/DBI_1.1.0.tar.gz'
#16 349.5 Content type 'binary/octet-stream' length 588223 bytes (574 KB)
#16 349.5 ==================================================
#16 349.6 downloaded 574 KB
#16 349.6 
#16 349.6 trying URL 'https://packagemanager.posit.co/cran/__linux__/bionic/2020-04-01/src/contrib/bitops_1.0-6.tar.gz'
#16 351.2 Content type 'binary/octet-stream' length 27467 bytes (26 KB)
#16 351.2 ==================================================
#16 351.2 downloaded 26 KB
#16 351.2 
#16 351.2 trying URL 'https://packagemanager.posit.co/cran/__linux__/bionic/2020-04-01/src/contrib/Rcpp_1.0.4.tar.gz'
#16 352.6 Content type 'binary/octet-stream' length 3159327 bytes (3.0 MB)
#16 352.6 ==================================================
#16 352.8 downloaded 3.0 MB
#16 352.8 
#16 352.8 trying URL 'https://packagemanager.posit.co/cran/__linux__/bionic/2020-04-01/src/contrib/pkgconfig_2.0.3.tar.gz'
#16 354.2 Content type 'binary/octet-stream' length 17417 bytes (17 KB)
#16 354.2 ==================================================
#16 354.2 downloaded 17 KB
#16 354.2 
#16 354.2 trying URL 'https://packagemanager.posit.co/cran/__linux__/bionic/2020-04-01/src/contrib/digest_0.6.25.tar.gz'
#16 355.9 Content type 'binary/octet-stream' length 263523 bytes (257 KB)
#16 355.9 ==================================================
#16 355.9 downloaded 257 KB
#16 355.9 
#16 355.9 trying URL 'https://packagemanager.posit.co/cran/__linux__/bionic/2020-04-01/src/contrib/gtable_0.3.0.tar.gz'
#16 357.6 Content type 'binary/octet-stream' length 429498 bytes (419 KB)
#16 357.6 ==================================================
#16 357.6 downloaded 419 KB
#16 357.6 
#16 357.6 trying URL 'https://packagemanager.posit.co/cran/__linux__/bionic/2020-04-01/src/contrib/isoband_0.2.0.tar.gz'
#16 359.5 Content type 'binary/octet-stream' length 4136657 bytes (3.9 MB)
#16 359.5 ==================================================
#16 359.6 downloaded 3.9 MB
#16 359.6 
#16 359.6 trying URL 'https://packagemanager.posit.co/cran/__linux__/bionic/2020-04-01/src/contrib/rlang_0.4.5.tar.gz'
#16 361.0 Content type 'binary/octet-stream' length 1180237 bytes (1.1 MB)
#16 361.0 ==================================================
#16 361.1 downloaded 1.1 MB
#16 361.1 
#16 361.1 trying URL 'https://packagemanager.posit.co/cran/__linux__/bionic/2020-04-01/src/contrib/tibble_2.1.3.tar.gz'
#16 362.7 Content type 'binary/octet-stream' length 325185 bytes (317 KB)
#16 362.7 ==================================================
#16 362.7 downloaded 317 KB
#16 362.7 
#16 362.7 trying URL 'https://packagemanager.posit.co/cran/__linux__/bionic/2020-04-01/src/contrib/withr_2.1.2.tar.gz'
#16 364.2 Content type 'binary/octet-stream' length 152624 bytes (149 KB)
#16 364.2 ==================================================
#16 364.2 downloaded 149 KB
#16 364.2 
#16 364.2 trying URL 'https://packagemanager.posit.co/cran/__linux__/bionic/2020-04-01/src/contrib/gdtools_0.2.1.tar.gz'
#16 365.8 Content type 'application/x-tar' length 32061 bytes (31 KB)
#16 365.8 ==================================================
#16 365.8 downloaded 31 KB
#16 365.8 
#16 365.8 trying URL 'https://packagemanager.posit.co/cran/__linux__/bionic/2020-04-01/src/contrib/BH_1.72.0-3.tar.gz'
#16 367.5 Content type 'binary/octet-stream' length 10986626 bytes (10.5 MB)
#16 367.5 ==================================================
#16 367.9 downloaded 10.5 MB
#16 367.9 
#16 367.9 trying URL 'https://packagemanager.posit.co/cran/__linux__/bionic/2020-04-01/src/contrib/farver_2.0.3.tar.gz'
#16 369.5 Content type 'binary/octet-stream' length 2067007 bytes (2.0 MB)
#16 369.5 ==================================================
#16 369.6 downloaded 2.0 MB
#16 369.6 
#16 369.6 trying URL 'https://packagemanager.posit.co/cran/__linux__/bionic/2020-04-01/src/contrib/labeling_0.3.tar.gz'
#16 371.2 Content type 'binary/octet-stream' length 60858 bytes (59 KB)
#16 371.2 ==================================================
#16 371.2 downloaded 59 KB
#16 371.2 
#16 371.3 trying URL 'https://packagemanager.posit.co/cran/__linux__/bionic/2020-04-01/src/contrib/munsell_0.5.0.tar.gz'
#16 372.9 Content type 'binary/octet-stream' length 242943 bytes (237 KB)
#16 372.9 ==================================================
#16 372.9 downloaded 237 KB
#16 372.9 
#16 372.9 trying URL 'https://packagemanager.posit.co/cran/__linux__/bionic/2020-04-01/src/contrib/R6_2.4.1.tar.gz'
#16 374.5 Content type 'binary/octet-stream' length 57389 bytes (56 KB)
#16 374.5 ==================================================
#16 374.5 downloaded 56 KB
#16 374.5 
#16 374.5 trying URL 'https://packagemanager.posit.co/cran/__linux__/bionic/2020-04-01/src/contrib/RColorBrewer_1.1-2.tar.gz'
#16 376.0 Content type 'binary/octet-stream' length 52878 bytes (51 KB)
#16 376.0 ==================================================
#16 376.0 downloaded 51 KB
#16 376.0 
#16 376.0 trying URL 'https://packagemanager.posit.co/cran/__linux__/bionic/2020-04-01/src/contrib/viridisLite_0.3.0.tar.gz'
#16 377.8 Content type 'binary/octet-stream' length 57035 bytes (55 KB)
#16 377.8 ==================================================
#16 377.9 downloaded 55 KB
#16 377.9 
#16 377.9 trying URL 'https://packagemanager.posit.co/cran/__linux__/bionic/2020-04-01/src/contrib/lifecycle_0.2.0.tar.gz'
#16 379.3 Content type 'binary/octet-stream' length 93615 bytes (91 KB)
#16 379.3 ==================================================
#16 379.4 downloaded 91 KB
#16 379.4 
#16 379.4 trying URL 'https://packagemanager.posit.co/cran/__linux__/bionic/2020-04-01/src/contrib/seriation_1.2-8.tar.gz'
#16 380.8 Content type 'binary/octet-stream' length 1227582 bytes (1.2 MB)
#16 380.8 ==================================================
#16 380.8 downloaded 1.2 MB
#16 380.8 
#16 380.9 trying URL 'https://packagemanager.posit.co/cran/__linux__/bionic/2020-04-01/src/contrib/proxy_0.4-23.tar.gz'
#16 382.2 Content type 'binary/octet-stream' length 246358 bytes (240 KB)
#16 382.2 ==================================================
#16 382.3 downloaded 240 KB
#16 382.3 
#16 382.3 trying URL 'https://packagemanager.posit.co/cran/__linux__/bionic/2020-04-01/src/contrib/SnowballC_0.6.0.tar.gz'
#16 383.9 Content type 'binary/octet-stream' length 3165935 bytes (3.0 MB)
#16 384.0 ==================================================
#16 384.1 downloaded 3.0 MB
#16 384.1 
#16 384.1 trying URL 'https://packagemanager.posit.co/cran/__linux__/bionic/2020-04-01/src/contrib/NLP_0.2-0.tar.gz'
#16 385.5 Content type 'binary/octet-stream' length 393716 bytes (384 KB)
#16 385.5 ==================================================
#16 385.5 downloaded 384 KB
#16 385.5 
#16 385.5 trying URL 'https://packagemanager.posit.co/cran/__linux__/bionic/2020-04-01/src/contrib/slam_0.1-47.tar.gz'
#16 387.1 Content type 'binary/octet-stream' length 216556 bytes (211 KB)
#16 387.1 ==================================================
#16 387.2 downloaded 211 KB
#16 387.2 
#16 387.2 trying URL 'https://packagemanager.posit.co/cran/__linux__/bionic/2020-04-01/src/contrib/xml2_1.2.5.tar.gz'
#16 388.8 Content type 'binary/octet-stream' length 1832432 bytes (1.7 MB)
#16 388.8 ==================================================
#16 388.9 downloaded 1.7 MB
#16 388.9 
#16 388.9 trying URL 'https://packagemanager.posit.co/cran/__linux__/bionic/2020-04-01/src/contrib/matlab_1.0.2.tar.gz'
#16 390.5 Content type 'binary/octet-stream' length 171032 bytes (167 KB)
#16 390.5 ==================================================
#16 390.5 downloaded 167 KB
#16 390.5 
#16 390.5 trying URL 'https://packagemanager.posit.co/cran/__linux__/bionic/2020-04-01/src/contrib/expm_0.999-4.tar.gz'
#16 392.0 Content type 'binary/octet-stream' length 241854 bytes (236 KB)
#16 392.0 ==================================================
#16 392.0 downloaded 236 KB
#16 392.0 
#16 392.1 trying URL 'https://packagemanager.posit.co/cran/__linux__/bionic/2020-04-01/src/contrib/RcppParallel_5.0.0.tar.gz'
#16 393.7 Content type 'binary/octet-stream' length 1725199 bytes (1.6 MB)
#16 393.7 ==================================================
#16 393.8 downloaded 1.6 MB
#16 393.8 
#16 393.8 trying URL 'https://packagemanager.posit.co/cran/__linux__/bionic/2020-04-01/src/contrib/RcppArmadillo_0.9.850.1.0.tar.gz'
#16 395.2 Content type 'binary/octet-stream' length 1976470 bytes (1.9 MB)
#16 395.2 ==================================================
#16 395.3 downloaded 1.9 MB
#16 395.3 
#16 395.3 trying URL 'https://packagemanager.posit.co/cran/__linux__/bionic/2020-04-01/src/contrib/mnormt_1.5-6.tar.gz'
#16 396.7 Content type 'binary/octet-stream' length 102860 bytes (100 KB)
#16 396.7 ==================================================
#16 396.7 downloaded 100 KB
#16 396.7 
#16 396.7 trying URL 'https://packagemanager.posit.co/cran/__linux__/bionic/2020-04-01/src/contrib/DEoptimR_1.0-8.tar.gz'
#16 398.2 Content type 'binary/octet-stream' length 39466 bytes (38 KB)
#16 398.2 ==================================================
#16 398.2 downloaded 38 KB
#16 398.2 
#16 398.2 trying URL 'https://packagemanager.posit.co/cran/__linux__/bionic/2020-04-01/src/contrib/optparse_1.6.4.tar.gz'
#16 399.6 Content type 'binary/octet-stream' length 67496 bytes (65 KB)
#16 399.6 ==================================================
#16 399.6 downloaded 65 KB
#16 399.6 
#16 399.6 trying URL 'https://packagemanager.posit.co/cran/__linux__/bionic/2020-04-01/src/contrib/logging_0.10-108.tar.gz'
#16 401.3 Content type 'binary/octet-stream' length 88007 bytes (85 KB)
#16 401.3 ==================================================
#16 401.3 downloaded 85 KB
#16 401.3 
#16 401.3 trying URL 'https://packagemanager.posit.co/cran/__linux__/bionic/2020-04-01/src/contrib/yaml_2.2.1.tar.gz'
#16 402.9 Content type 'binary/octet-stream' length 248203 bytes (242 KB)
#16 402.9 ==================================================
#16 402.9 downloaded 242 KB
#16 402.9 
#16 402.9 trying URL 'https://packagemanager.posit.co/cran/__linux__/bionic/2020-04-01/src/contrib/stringr_1.4.0.tar.gz'
#16 404.4 Content type 'binary/octet-stream' length 204970 bytes (200 KB)
#16 404.4 ==================================================
#16 404.5 downloaded 200 KB
#16 404.5 
#16 404.5 trying URL 'https://packagemanager.posit.co/cran/__linux__/bionic/2020-04-01/src/contrib/RMySQL_0.10.20.tar.gz'
#16 406.0 Content type 'binary/octet-stream' length 267467 bytes (261 KB)
#16 406.0 ==================================================
#16 406.1 downloaded 261 KB
#16 406.1 
#16 406.1 trying URL 'https://packagemanager.posit.co/cran/__linux__/bionic/2020-04-01/src/contrib/RCurl_1.98-1.1.tar.gz'
#16 407.5 Content type 'binary/octet-stream' length 1026574 bytes (1002 KB)
#16 407.5 ==================================================
#16 407.6 downloaded 1002 KB
#16 407.6 
#16 407.6 trying URL 'https://packagemanager.posit.co/cran/__linux__/bionic/2020-04-01/src/contrib/RJSONIO_1.3-1.4.tar.gz'
#16 409.0 Content type 'binary/octet-stream' length 1464685 bytes (1.4 MB)
#16 409.0 ==================================================
#16 409.1 downloaded 1.4 MB
#16 409.1 
#16 409.1 trying URL 'https://packagemanager.posit.co/cran/__linux__/bionic/2020-04-01/src/contrib/rjson_0.2.20.tar.gz'
#16 410.7 Content type 'binary/octet-stream' length 189189 bytes (184 KB)
#16 410.7 ==================================================
#16 410.7 downloaded 184 KB
#16 410.7 
#16 410.7 trying URL 'https://packagemanager.posit.co/cran/__linux__/bionic/2020-04-01/src/contrib/plyr_1.8.6.tar.gz'
#16 412.2 Content type 'binary/octet-stream' length 1082679 bytes (1.0 MB)
#16 412.2 ==================================================
#16 412.3 downloaded 1.0 MB
#16 412.3 
#16 412.3 trying URL 'https://packagemanager.posit.co/cran/__linux__/bionic/2020-04-01/src/contrib/reshape_0.8.8.tar.gz'
#16 413.7 Content type 'binary/octet-stream' length 166799 bytes (162 KB)
#16 413.7 ==================================================
#16 413.8 downloaded 162 KB
#16 413.8 
#16 413.8 trying URL 'https://packagemanager.posit.co/cran/__linux__/bionic/2020-04-01/src/contrib/data.table_1.12.8.tar.gz'
#16 415.2 Content type 'binary/octet-stream' length 2246949 bytes (2.1 MB)
#16 415.2 ==================================================
#16 415.3 downloaded 2.1 MB
#16 415.3 
#16 415.3 trying URL 'https://packagemanager.posit.co/cran/__linux__/bionic/2020-04-01/src/contrib/zoo_1.8-7.tar.gz'
#16 416.8 Content type 'binary/octet-stream' length 1103692 bytes (1.1 MB)
#16 416.8 ==================================================
#16 416.9 downloaded 1.1 MB
#16 416.9 
#16 416.9 trying URL 'https://packagemanager.posit.co/cran/__linux__/bionic/2020-04-01/src/contrib/xts_0.12-0.tar.gz'
#16 418.5 Content type 'binary/octet-stream' length 976248 bytes (953 KB)
#16 418.5 ==================================================
#16 418.5 downloaded 953 KB
#16 418.5 
#16 418.5 trying URL 'https://packagemanager.posit.co/cran/__linux__/bionic/2020-04-01/src/contrib/lubridate_1.7.4.tar.gz'
#16 420.0 Content type 'binary/octet-stream' length 1744159 bytes (1.7 MB)
#16 420.0 ==================================================
#16 420.1 downloaded 1.7 MB
#16 420.1 
#16 420.1 trying URL 'https://packagemanager.posit.co/cran/__linux__/bionic/2020-04-01/src/contrib/igraph_1.2.5.tar.gz'
#16 421.6 Content type 'binary/octet-stream' length 7481364 bytes (7.1 MB)
#16 421.7 ==================================================
#16 422.0 downloaded 7.1 MB
#16 422.0 
#16 422.0 trying URL 'https://packagemanager.posit.co/cran/__linux__/bionic/2020-04-01/src/contrib/ggplot2_3.3.0.tar.gz'
#16 423.6 Content type 'binary/octet-stream' length 3996355 bytes (3.8 MB)
#16 423.6 ==================================================
#16 423.7 downloaded 3.8 MB
#16 423.7 
#16 423.7 trying URL 'https://packagemanager.posit.co/cran/__linux__/bionic/2020-04-01/src/contrib/svglite_1.2.3.tar.gz'
#16 425.4 Content type 'application/x-tar' length 43530 bytes (42 KB)
#16 425.4 ==================================================
#16 425.4 downloaded 42 KB
#16 425.4 
#16 425.4 trying URL 'https://packagemanager.posit.co/cran/__linux__/bionic/2020-04-01/src/contrib/scales_1.1.0.tar.gz'
#16 427.0 Content type 'binary/octet-stream' length 549111 bytes (536 KB)
#16 427.0 ==================================================
#16 427.0 downloaded 536 KB
#16 427.0 
#16 427.0 trying URL 'https://packagemanager.posit.co/cran/__linux__/bionic/2020-04-01/src/contrib/gridExtra_2.3.tar.gz'
#16 428.7 Content type 'binary/octet-stream' length 1106530 bytes (1.1 MB)
#16 428.7 ==================================================
#16 428.7 downloaded 1.1 MB
#16 428.7 
#16 428.7 trying URL 'https://packagemanager.posit.co/cran/__linux__/bionic/2020-04-01/src/contrib/xtable_1.8-4.tar.gz'
#16 430.1 Content type 'binary/octet-stream' length 701607 bytes (685 KB)
#16 430.1 ==================================================
#16 430.2 downloaded 685 KB
#16 430.2 
#16 430.2 trying URL 'https://packagemanager.posit.co/cran/__linux__/bionic/2020-04-01/src/contrib/colorspace_1.4-1.tar.gz'
#16 431.9 Content type 'binary/octet-stream' length 2516747 bytes (2.4 MB)
#16 431.9 ==================================================
#16 432.0 downloaded 2.4 MB
#16 432.0 
#16 432.0 trying URL 'https://packagemanager.posit.co/cran/__linux__/bionic/2020-04-01/src/contrib/arules_1.6-4.tar.gz'
#16 434.0 Content type 'binary/octet-stream' length 2746075 bytes (2.6 MB)
#16 434.0 ==================================================
#16 434.3 downloaded 2.6 MB
#16 434.3 
#16 434.3 trying URL 'https://packagemanager.posit.co/cran/__linux__/bionic/2020-04-01/src/contrib/corrgram_1.13.tar.gz'
#16 435.9 Content type 'binary/octet-stream' length 318899 bytes (311 KB)
#16 435.9 ==================================================
#16 436.0 downloaded 311 KB
#16 436.0 
#16 436.0 trying URL 'https://packagemanager.posit.co/cran/__linux__/bionic/2020-04-01/src/contrib/dtw_1.21-3.tar.gz'
#16 437.6 Content type 'binary/octet-stream' length 778406 bytes (760 KB)
#16 437.6 ==================================================
#16 437.7 downloaded 760 KB
#16 437.7 
#16 437.7 trying URL 'https://packagemanager.posit.co/cran/__linux__/bionic/2020-04-01/src/contrib/ineq_0.2-13.tar.gz'
#16 439.1 Content type 'binary/octet-stream' length 87691 bytes (85 KB)
#16 439.1 ==================================================
#16 439.1 downloaded 85 KB
#16 439.1 
#16 439.1 trying URL 'https://packagemanager.posit.co/cran/__linux__/bionic/2020-04-01/src/contrib/lsa_0.73.1.tar.gz'
#16 440.7 Content type 'binary/octet-stream' length 202976 bytes (198 KB)
#16 440.7 ==================================================
#16 440.7 downloaded 198 KB
#16 440.7 
#16 440.7 trying URL 'https://packagemanager.posit.co/cran/__linux__/bionic/2020-04-01/src/contrib/tm_0.7-7.tar.gz'
#16 442.2 Content type 'binary/octet-stream' length 1304824 bytes (1.2 MB)
#16 442.2 ==================================================
#16 442.3 downloaded 1.2 MB
#16 442.3 
#16 442.3 trying URL 'https://packagemanager.posit.co/cran/__linux__/bionic/2020-04-01/src/contrib/markovchain_0.8.4.tar.gz'
#16 443.9 Content type 'binary/octet-stream' length 4653131 bytes (4.4 MB)
#16 443.9 ==================================================
#16 444.2 downloaded 4.4 MB
#16 444.2 
#16 444.2 trying URL 'https://packagemanager.posit.co/cran/__linux__/bionic/2020-04-01/src/contrib/psych_1.9.12.31.tar.gz'
#16 445.7 Content type 'binary/octet-stream' length 3795321 bytes (3.6 MB)
#16 445.7 ==================================================
#16 446.0 downloaded 3.6 MB
#16 446.0 
#16 446.0 trying URL 'https://packagemanager.posit.co/cran/__linux__/bionic/2020-04-01/src/contrib/robustbase_0.93-6.tar.gz'
#16 447.6 Content type 'binary/octet-stream' length 3254405 bytes (3.1 MB)
#16 447.6 ==================================================
#16 447.7 downloaded 3.1 MB
#16 447.7 
#16 449.2 begin installing package ‘crayon’
#16 449.2 begin installing package ‘ps’
#16 449.2 begin installing package ‘backports’
#16 449.2 begin installing package ‘prettyunits’
#16 449.2 begin installing package ‘praise’
#16 449.2 begin installing package ‘iterators’
#16 449.2 begin installing package ‘assertthat’
#16 449.2 begin installing package ‘evaluate’
#16 449.2 begin installing package ‘gtools’
#16 449.2 begin installing package ‘fansi’
#16 449.2 begin installing package ‘utf8’
#16 449.2 begin installing package ‘rstudioapi’
#16 449.7 * installing *binary* package ‘evaluate’ ...
#16 449.7 * DONE (evaluate)
#16 449.7 begin installing package ‘systemfonts’
#16 449.8 * installing *binary* package ‘backports’ ...
#16 449.8 * DONE (backports)
#16 449.8 begin installing package ‘qap’
#16 449.8 * installing *binary* package ‘prettyunits’ ...
#16 449.8 * DONE (prettyunits)
#16 449.8 begin installing package ‘gclus’
#16 449.8 * installing *binary* package ‘assertthat’ ...
#16 449.8 * DONE (assertthat)
#16 449.8 * installing *binary* package ‘praise’ ...
#16 449.8 * DONE (praise)
#16 449.8 begin installing package ‘getopt’
#16 449.8 begin installing package ‘registry’
#16 449.8 * installing *binary* package ‘ps’ ...
#16 449.8 * DONE (ps)
#16 449.8 begin installing package ‘glue’
#16 449.8 * installing *binary* package ‘fansi’ ...
#16 449.8 * DONE (fansi)
#16 449.8 begin installing package ‘magrittr’
#16 449.8 * installing *binary* package ‘utf8’ ...
#16 449.8 * DONE (utf8)
#16 449.8 begin installing package ‘stringi’
#16 449.9 * installing *binary* package ‘gtools’ ...
#16 449.9 * DONE (gtools)
#16 449.9 begin installing package ‘DBI’
#16 449.9 * installing *binary* package ‘rstudioapi’ ...
#16 449.9 * DONE (rstudioapi)
#16 449.9 begin installing package ‘bitops’
#16 449.9 * installing *binary* package ‘crayon’ ...
#16 449.9 * DONE (crayon)
#16 449.9 begin installing package ‘Rcpp’
#16 449.9 * installing *binary* package ‘iterators’ ...
#16 449.9 * DONE (iterators)
#16 449.9 begin installing package ‘pkgconfig’
#16 450.3 * installing *binary* package ‘getopt’ ...
#16 450.3 * DONE (getopt)
#16 450.3 begin installing package ‘digest’
#16 450.4 * installing *binary* package ‘magrittr’ ...
#16 450.4 * DONE (magrittr)
#16 450.4 begin installing package ‘gtable’
#16 450.4 * installing *binary* package ‘gclus’ ...
#16 450.4 * DONE (gclus)
#16 450.4 begin installing package ‘rlang’
#16 450.4 * installing *binary* package ‘bitops’ ...
#16 450.4 * DONE (bitops)
#16 450.4 * installing *binary* package ‘registry’ ...
#16 450.4 * DONE (registry)
#16 450.4 begin installing package ‘withr’
#16 450.4 begin installing package ‘BH’
#16 450.4 * installing *binary* package ‘glue’ ...
#16 450.4 * DONE (glue)
#16 450.4 begin installing package ‘farver’
#16 450.5 * installing *binary* package ‘pkgconfig’ ...
#16 450.5 * DONE (pkgconfig)
#16 450.5 begin installing package ‘labeling’
#16 450.5 * installing *binary* package ‘DBI’ ...
#16 450.5 * DONE (DBI)
#16 450.5 begin installing package ‘R6’
#16 450.8 * installing *binary* package ‘qap’ ...
#16 450.8 * DONE (qap)
#16 450.8 begin installing package ‘RColorBrewer’
#16 450.9 * installing *binary* package ‘stringi’ ...
#16 450.9 * DONE (stringi)
#16 450.9 begin installing package ‘viridisLite’
#16 451.0 * installing *binary* package ‘digest’ ...
#16 451.0 * DONE (digest)
#16 451.0 begin installing package ‘proxy’
#16 451.0 * installing *binary* package ‘labeling’ ...
#16 451.0 * DONE (labeling)
#16 451.0 begin installing package ‘SnowballC’
#16 451.0 * installing *binary* package ‘withr’ ...
#16 451.0 * DONE (withr)
#16 451.0 begin installing package ‘NLP’
#16 451.0 * installing *binary* package ‘R6’ ...
#16 451.0 * DONE (R6)
#16 451.0 begin installing package ‘slam’
#16 451.1 * installing *binary* package ‘gtable’ ...
#16 451.1 * DONE (gtable)
#16 451.1 begin installing package ‘matlab’
#16 451.1 * installing *binary* package ‘rlang’ ...
#16 451.1 * DONE (rlang)
#16 451.1 begin installing package ‘expm’
#16 451.4 * installing *binary* package ‘farver’ ...
#16 451.4 * DONE (farver)
#16 451.4 begin installing package ‘RcppParallel’
#16 451.4 * installing *binary* package ‘RColorBrewer’ ...
#16 451.4 * DONE (RColorBrewer)
#16 451.4 begin installing package ‘mnormt’
#16 451.4 * installing *binary* package ‘viridisLite’ ...
#16 451.4 * DONE (viridisLite)
#16 451.4 begin installing package ‘DEoptimR’
#16 451.6 * installing *binary* package ‘slam’ ...
#16 451.6 * DONE (slam)
#16 451.6 begin installing package ‘logging’
#16 451.6 * installing *binary* package ‘proxy’ ...
#16 451.6 * DONE (proxy)
#16 451.6 begin installing package ‘yaml’
#16 451.6 * installing *binary* package ‘matlab’ ...
#16 451.6 * DONE (matlab)
#16 451.6 begin installing package ‘RJSONIO’
#16 451.7 * installing *binary* package ‘NLP’ ...
#16 451.7 * DONE (NLP)
#16 451.7 begin installing package ‘rjson’
#16 451.7 * installing *binary* package ‘expm’ ...
#16 451.7 * DONE (expm)
#16 451.7 begin installing package ‘data.table’
#16 451.9 * installing *binary* package ‘SnowballC’ ...
#16 451.9 * DONE (SnowballC)
#16 451.9 begin installing package ‘zoo’
#16 451.9 * installing *binary* package ‘mnormt’ ...
#16 451.9 * DONE (mnormt)
#16 451.9 begin installing package ‘xtable’
#16 451.9 * installing *binary* package ‘DEoptimR’ ...
#16 451.9 * DONE (DEoptimR)
#16 451.9 begin installing package ‘colorspace’
#16 452.1 * installing *binary* package ‘logging’ ...
#16 452.1 * DONE (logging)
#16 452.1 begin installing package ‘arules’
#16 452.1 * installing *binary* package ‘Rcpp’ ...
#16 452.1 * DONE (Rcpp)
#16 452.1 begin installing package ‘ineq’
#16 452.2 * installing *binary* package ‘yaml’ ...
#16 452.2 * DONE (yaml)
#16 452.2 begin installing package ‘processx’
#16 452.2 * installing *binary* package ‘rjson’ ...
#16 452.2 * DONE (rjson)
#16 452.2 begin installing package ‘rprojroot’
#16 452.5 * installing *binary* package ‘RcppParallel’ ...
#16 452.5 * DONE (RcppParallel)
#16 452.5 begin installing package ‘ellipsis’
#16 452.5 * installing *binary* package ‘RJSONIO’ ...
#16 452.5 * DONE (RJSONIO)
#16 452.5 begin installing package ‘foreach’
#16 452.5 * installing *binary* package ‘xtable’ ...
#16 452.5 * DONE (xtable)
#16 452.5 begin installing package ‘gdata’
#16 452.7 * installing *binary* package ‘zoo’ ...
#16 452.7 * DONE (zoo)
#16 452.7 begin installing package ‘caTools’
#16 452.7 * installing *binary* package ‘data.table’ ...
#16 452.7 * DONE (data.table)
#16 452.7 * installing *binary* package ‘ineq’ ...
#16 452.7 * DONE (ineq)
#16 452.7 begin installing package ‘cli’
#16 452.7 begin installing package ‘lifecycle’
#16 452.8 * installing *binary* package ‘rprojroot’ ...
#16 452.8 * DONE (rprojroot)
#16 452.8 begin installing package ‘xml2’
#16 452.9 * installing *binary* package ‘processx’ ...
#16 452.9 * DONE (processx)
#16 452.9 begin installing package ‘RcppArmadillo’
#16 452.9 * installing *binary* package ‘arules’ ...
#16 452.9 * DONE (arules)
#16 452.9 begin installing package ‘optparse’
#16 453.0 * installing *binary* package ‘colorspace’ ...
#16 453.0 * DONE (colorspace)
#16 453.0 begin installing package ‘stringr’
#16 453.0 * installing *binary* package ‘ellipsis’ ...
#16 453.0 * DONE (ellipsis)
#16 453.0 begin installing package ‘RMySQL’
#16 453.1 * installing *binary* package ‘foreach’ ...
#16 453.1 * DONE (foreach)
#16 453.1 begin installing package ‘RCurl’
#16 453.3 * installing *binary* package ‘caTools’ ...
#16 453.3 * DONE (caTools)
#16 453.3 * installing *binary* package ‘lifecycle’ ...
#16 453.3 * DONE (lifecycle)
#16 453.3 begin installing package ‘plyr’
#16 453.3 begin installing package ‘xts’
#16 453.3 * installing *binary* package ‘cli’ ...
#16 453.3 * DONE (cli)
#16 453.3 begin installing package ‘igraph’
#16 453.4 * installing *binary* package ‘gdata’ ...
#16 453.4 * DONE (gdata)
#16 453.4 begin installing package ‘gridExtra’
#16 453.5 * installing *binary* package ‘optparse’ ...
#16 453.5 * DONE (optparse)
#16 453.5 begin installing package ‘dtw’
#16 453.6 * installing *binary* package ‘RMySQL’ ...
#16 453.6 * DONE (RMySQL)
#16 453.6 begin installing package ‘lsa’
#16 453.6 * installing *binary* package ‘stringr’ ...
#16 453.6 * DONE (stringr)
#16 453.7 begin installing package ‘psych’
#16 453.9 * installing *binary* package ‘RCurl’ ...
#16 453.9 * DONE (RCurl)
#16 453.9 begin installing package ‘robustbase’
#16 453.9 * installing *binary* package ‘xml2’ ...
#16 453.9 * DONE (xml2)
#16 453.9 begin installing package ‘callr’
#16 453.9 * installing *binary* package ‘plyr’ ...
#16 453.9 * DONE (plyr)
#16 453.9 begin installing package ‘desc’
#16 454.0 * installing *source* package ‘systemfonts’ ...
#16 454.0 ** package ‘systemfonts’ successfully unpacked and MD5 sums checked
#16 454.0 ** using staged installation
#16 454.0 Found pkg-config cflags and libs!
#16 454.0 Using PKG_CFLAGS=-I/usr/include/freetype2 -I/usr/include/libpng16 -I/usr/include/freetype2 -I/usr/include/libpng16
#16 454.0 Using PKG_LIBS=-lfontconfig -lfreetype
#16 454.0 ** libs
#16 454.0 make[1]: Entering directory '/tmp/Rtmp62XHFF/R.INSTALL19ac23e149/systemfonts/src'
#16 454.0 rm -f systemfonts.so systemfonts.o init.o unix/FontManagerLinux.o
#16 454.0 g++ -std=gnu++11 -I"/usr/share/R/include" -DNDEBUG -I/usr/include/freetype2 -I/usr/include/libpng16 -I/usr/include/freetype2 -I/usr/include/libpng16 -DSTRICT_R_HEADERS    -fpic  -g -O2 -fdebug-prefix-map=/build/r-base-V28x5H/r-base-3.6.3=. -fstack-protector-strong -Wformat -Werror=format-security -Wdate-time -D_FORTIFY_SOURCE=2 -g  -c systemfonts.cpp -o systemfonts.o
#16 454.0 g++ -std=gnu++11 -I"/usr/share/R/include" -DNDEBUG -I/usr/include/freetype2 -I/usr/include/libpng16 -I/usr/include/freetype2 -I/usr/include/libpng16 -DSTRICT_R_HEADERS    -fpic  -g -O2 -fdebug-prefix-map=/build/r-base-V28x5H/r-base-3.6.3=. -fstack-protector-strong -Wformat -Werror=format-security -Wdate-time -D_FORTIFY_SOURCE=2 -g  -c init.cpp -o init.o
#16 454.0 g++ -std=gnu++11 -I"/usr/share/R/include" -DNDEBUG -I/usr/include/freetype2 -I/usr/include/libpng16 -I/usr/include/freetype2 -I/usr/include/libpng16 -DSTRICT_R_HEADERS    -fpic  -g -O2 -fdebug-prefix-map=/build/r-base-V28x5H/r-base-3.6.3=. -fstack-protector-strong -Wformat -Werror=format-security -Wdate-time -D_FORTIFY_SOURCE=2 -g  -c unix/FontManagerLinux.cpp -o unix/FontManagerLinux.o
#16 454.0 g++ -std=gnu++11 -shared -L/usr/lib/R/lib -Wl,-Bsymbolic-functions -Wl,-z,relro -o systemfonts.so systemfonts.o init.o unix/FontManagerLinux.o -lfontconfig -lfreetype -L/usr/lib/R/lib -lR
#16 454.0 make[1]: Leaving directory '/tmp/Rtmp62XHFF/R.INSTALL19ac23e149/systemfonts/src'
#16 454.0 installing to /usr/local/lib/R/site-library/00LOCK-systemfonts/00new/systemfonts/libs
#16 454.0 ** R
#16 454.0 ** inst
#16 454.0 ** byte-compile and prepare package for lazy loading
#16 454.0 ** help
#16 454.0 *** installing help indices
#16 454.0 ** building package indices
#16 454.0 ** installing vignettes
#16 454.0 ** testing if installed package can be loaded from temporary location
#16 454.0 ** checking absolute paths in shared objects and dynamic libraries
#16 454.0 ** testing if installed package can be loaded from final location
#16 454.0 ** testing if installed package keeps a record of temporary installation path
#16 454.0 * DONE (systemfonts)
#16 454.0 begin installing package ‘vctrs’
#16 454.0 * installing *binary* package ‘xts’ ...
#16 454.0 * DONE (xts)
#16 454.0 begin installing package ‘TSP’
#16 454.1 * installing *binary* package ‘gridExtra’ ...
#16 454.1 * DONE (gridExtra)
#16 454.1 begin installing package ‘gplots’
#16 454.2 * installing *binary* package ‘dtw’ ...
#16 454.2 * DONE (dtw)
#16 454.2 begin installing package ‘reshape’
#16 454.2 * installing *binary* package ‘lsa’ ...
#16 454.2 * DONE (lsa)
#16 454.2 begin installing package ‘lubridate’
#16 454.5 * installing *binary* package ‘callr’ ...
#16 454.5 * DONE (callr)
#16 454.5 begin installing package ‘gdtools’
#16 454.5 * installing *binary* package ‘desc’ ...
#16 454.5 * DONE (desc)
#16 454.5 begin installing package ‘munsell’
#16 454.5 * installing *binary* package ‘psych’ ...
#16 454.5 * DONE (psych)
#16 454.5 begin installing package ‘pkgbuild’
#16 454.7 * installing *binary* package ‘RcppArmadillo’ ...
#16 454.7 * DONE (RcppArmadillo)
#16 454.7 * installing *binary* package ‘TSP’ ...
#16 454.7 * DONE (TSP)
#16 454.7 * installing *binary* package ‘reshape’ ...
#16 454.7 * DONE (reshape)
#16 454.7 * installing *binary* package ‘vctrs’ ...
#16 454.7 * DONE (vctrs)
#16 454.7 begin installing package ‘pillar’
#16 454.7 * installing *binary* package ‘robustbase’ ...
#16 454.7 * DONE (robustbase)
#16 454.7 * installing *binary* package ‘gplots’ ...
#16 454.7 * DONE (gplots)
#16 455.0 * installing *binary* package ‘lubridate’ ...
#16 455.0 * DONE (lubridate)
#16 455.0 * installing *binary* package ‘pkgbuild’ ...
#16 455.0 * DONE (pkgbuild)
#16 455.0 begin installing package ‘pkgload’
#16 455.1 * installing *binary* package ‘munsell’ ...
#16 455.1 * DONE (munsell)
#16 455.1 begin installing package ‘scales’
#16 455.1 * installing *binary* package ‘igraph’ ...
#16 455.1 * DONE (igraph)
#16 455.1 begin installing package ‘markovchain’
#16 455.1 * installing *binary* package ‘pillar’ ...
#16 455.1 * DONE (pillar)
#16 455.1 begin installing package ‘tibble’
#16 455.4 * installing *binary* package ‘pkgload’ ...
#16 455.4 * DONE (pkgload)
#16 455.4 begin installing package ‘testthat’
#16 455.5 * installing *binary* package ‘scales’ ...
#16 455.5 * DONE (scales)
#16 455.6 * installing *binary* package ‘tibble’ ...
#16 455.6 * DONE (tibble)
#16 456.0 * installing *binary* package ‘testthat’ ...
#16 456.0 * DONE (testthat)
#16 456.0 begin installing package ‘isoband’
#16 456.1 * installing *binary* package ‘markovchain’ ...
#16 456.1 * DONE (markovchain)
#16 456.8 * installing *binary* package ‘isoband’ ...
#16 456.8 * DONE (isoband)
#16 456.8 begin installing package ‘ggplot2’
#16 457.4 * installing *binary* package ‘ggplot2’ ...
#16 457.4 * DONE (ggplot2)
#16 457.4 begin installing package ‘viridis’
#16 457.8 * installing *binary* package ‘viridis’ ...
#16 457.8 * DONE (viridis)
#16 457.8 begin installing package ‘dendextend’
#16 458.5 * installing *binary* package ‘dendextend’ ...
#16 458.5 * DONE (dendextend)
#16 458.5 begin installing package ‘seriation’
#16 458.9 * installing *binary* package ‘seriation’ ...
#16 458.9 * DONE (seriation)
#16 458.9 begin installing package ‘corrgram’
#16 459.3 * installing *binary* package ‘corrgram’ ...
#16 459.3 * DONE (corrgram)
#16 464.1 * installing *binary* package ‘BH’ ...
#16 464.1 * DONE (BH)
#16 464.1 begin installing package ‘tm’
#16 464.6 * installing *binary* package ‘tm’ ...
#16 464.6 * DONE (tm)
#16 481.1 * installing *source* package ‘gdtools’ ...
#16 481.1 ** package ‘gdtools’ successfully unpacked and MD5 sums checked
#16 481.1 ** using staged installation
#16 481.1 Found pkg-config cflags and libs!
#16 481.1 Using PKG_CFLAGS=-I/usr/include/cairo -I/usr/include/glib-2.0 -I/usr/lib/x86_64-linux-gnu/glib-2.0/include -I/usr/include/pixman-1 -I/usr/include/freetype2 -I/usr/include/libpng16 -I/usr/include/freetype2 -I/usr/include/libpng16
#16 481.1 Using PKG_LIBS=-lcairo -lfreetype
#16 481.1 ** libs
#16 481.1 make[1]: Entering directory '/tmp/RtmpBatHaA/R.INSTALL6f076fc019/gdtools/src'
#16 481.1 rm -f gdtools.so CairoContext.o RcppExports.o font_metrics.o gdtools.o raster_to_base64.o versions.o
#16 481.1 g++ -std=gnu++11 -I"/usr/share/R/include" -DNDEBUG -I/usr/include/cairo -I/usr/include/glib-2.0 -I/usr/lib/x86_64-linux-gnu/glib-2.0/include -I/usr/include/pixman-1 -I/usr/include/freetype2 -I/usr/include/libpng16 -I/usr/include/freetype2 -I/usr/include/libpng16 -I../inst/include/ -I"/usr/local/lib/R/site-library/Rcpp/include"  -fvisibility=hidden -fpic  -g -O2 -fdebug-prefix-map=/build/r-base-V28x5H/r-base-3.6.3=. -fstack-protector-strong -Wformat -Werror=format-security -Wdate-time -D_FORTIFY_SOURCE=2 -g  -c CairoContext.cpp -o CairoContext.o
#16 481.1 g++ -std=gnu++11 -I"/usr/share/R/include" -DNDEBUG -I/usr/include/cairo -I/usr/include/glib-2.0 -I/usr/lib/x86_64-linux-gnu/glib-2.0/include -I/usr/include/pixman-1 -I/usr/include/freetype2 -I/usr/include/libpng16 -I/usr/include/freetype2 -I/usr/include/libpng16 -I../inst/include/ -I"/usr/local/lib/R/site-library/Rcpp/include"  -fvisibility=hidden -fpic  -g -O2 -fdebug-prefix-map=/build/r-base-V28x5H/r-base-3.6.3=. -fstack-protector-strong -Wformat -Werror=format-security -Wdate-time -D_FORTIFY_SOURCE=2 -g  -c RcppExports.cpp -o RcppExports.o
#16 481.1 g++ -std=gnu++11 -I"/usr/share/R/include" -DNDEBUG -I/usr/include/cairo -I/usr/include/glib-2.0 -I/usr/lib/x86_64-linux-gnu/glib-2.0/include -I/usr/include/pixman-1 -I/usr/include/freetype2 -I/usr/include/libpng16 -I/usr/include/freetype2 -I/usr/include/libpng16 -I../inst/include/ -I"/usr/local/lib/R/site-library/Rcpp/include"  -fvisibility=hidden -fpic  -g -O2 -fdebug-prefix-map=/build/r-base-V28x5H/r-base-3.6.3=. -fstack-protector-strong -Wformat -Werror=format-security -Wdate-time -D_FORTIFY_SOURCE=2 -g  -c font_metrics.cpp -o font_metrics.o
#16 481.1 g++ -std=gnu++11 -I"/usr/share/R/include" -DNDEBUG -I/usr/include/cairo -I/usr/include/glib-2.0 -I/usr/lib/x86_64-linux-gnu/glib-2.0/include -I/usr/include/pixman-1 -I/usr/include/freetype2 -I/usr/include/libpng16 -I/usr/include/freetype2 -I/usr/include/libpng16 -I../inst/include/ -I"/usr/local/lib/R/site-library/Rcpp/include"  -fvisibility=hidden -fpic  -g -O2 -fdebug-prefix-map=/build/r-base-V28x5H/r-base-3.6.3=. -fstack-protector-strong -Wformat -Werror=format-security -Wdate-time -D_FORTIFY_SOURCE=2 -g  -c gdtools.cpp -o gdtools.o
#16 481.1 g++ -std=gnu++11 -I"/usr/share/R/include" -DNDEBUG -I/usr/include/cairo -I/usr/include/glib-2.0 -I/usr/lib/x86_64-linux-gnu/glib-2.0/include -I/usr/include/pixman-1 -I/usr/include/freetype2 -I/usr/include/libpng16 -I/usr/include/freetype2 -I/usr/include/libpng16 -I../inst/include/ -I"/usr/local/lib/R/site-library/Rcpp/include"  -fvisibility=hidden -fpic  -g -O2 -fdebug-prefix-map=/build/r-base-V28x5H/r-base-3.6.3=. -fstack-protector-strong -Wformat -Werror=format-security -Wdate-time -D_FORTIFY_SOURCE=2 -g  -c raster_to_base64.cpp -o raster_to_base64.o
#16 481.1 g++ -std=gnu++11 -I"/usr/share/R/include" -DNDEBUG -I/usr/include/cairo -I/usr/include/glib-2.0 -I/usr/lib/x86_64-linux-gnu/glib-2.0/include -I/usr/include/pixman-1 -I/usr/include/freetype2 -I/usr/include/libpng16 -I/usr/include/freetype2 -I/usr/include/libpng16 -I../inst/include/ -I"/usr/local/lib/R/site-library/Rcpp/include"  -fvisibility=hidden -fpic  -g -O2 -fdebug-prefix-map=/build/r-base-V28x5H/r-base-3.6.3=. -fstack-protector-strong -Wformat -Werror=format-security -Wdate-time -D_FORTIFY_SOURCE=2 -g  -c versions.cpp -o versions.o
#16 481.1 g++ -std=gnu++11 -shared -L/usr/lib/R/lib -Wl,-Bsymbolic-functions -Wl,-z,relro -o gdtools.so CairoContext.o RcppExports.o font_metrics.o gdtools.o raster_to_base64.o versions.o -lcairo -lfreetype -L/usr/lib/R/lib -lR
#16 481.1 make[1]: Leaving directory '/tmp/RtmpBatHaA/R.INSTALL6f076fc019/gdtools/src'
#16 481.1 installing to /usr/local/lib/R/site-library/00LOCK-gdtools/00new/gdtools/libs
#16 481.1 ** R
#16 481.1 ** inst
#16 481.1 ** byte-compile and prepare package for lazy loading
#16 481.1 ** help
#16 481.1 *** installing help indices
#16 481.1 ** building package indices
#16 481.1 ** testing if installed package can be loaded from temporary location
#16 481.1 ** checking absolute paths in shared objects and dynamic libraries
#16 481.1 ** testing if installed package can be loaded from final location
#16 481.1 ** testing if installed package keeps a record of temporary installation path
#16 481.1 * DONE (gdtools)
#16 481.1 begin installing package ‘svglite’
#16 493.8 * installing *source* package ‘svglite’ ...
#16 493.8 ** package ‘svglite’ successfully unpacked and MD5 sums checked
#16 493.8 ** using staged installation
#16 493.8 ** libs
#16 493.8 make[1]: Entering directory '/tmp/RtmpJW9tVp/R.INSTALL8d76b8271af/svglite/src'
#16 493.8 g++ -std=gnu++11 -I"/usr/share/R/include" -DNDEBUG  -I"/usr/local/lib/R/site-library/Rcpp/include" -I"/usr/local/lib/R/site-library/gdtools/include" -I"/usr/local/lib/R/site-library/BH/include"   -fpic  -g -O2 -fdebug-prefix-map=/build/r-base-V28x5H/r-base-3.6.3=. -fstack-protector-strong -Wformat -Werror=format-security -Wdate-time -D_FORTIFY_SOURCE=2 -g  -c RcppExports.cpp -o RcppExports.o
#16 493.8 g++ -std=gnu++11 -I"/usr/share/R/include" -DNDEBUG  -I"/usr/local/lib/R/site-library/Rcpp/include" -I"/usr/local/lib/R/site-library/gdtools/include" -I"/usr/local/lib/R/site-library/BH/include"   -fpic  -g -O2 -fdebug-prefix-map=/build/r-base-V28x5H/r-base-3.6.3=. -fstack-protector-strong -Wformat -Werror=format-security -Wdate-time -D_FORTIFY_SOURCE=2 -g  -c devSVG.cpp -o devSVG.o
#16 493.8 In file included from /usr/local/lib/R/site-library/BH/include/boost/smart_ptr/shared_ptr.hpp:28:0,
#16 493.8                  from /usr/local/lib/R/site-library/BH/include/boost/shared_ptr.hpp:17,
#16 493.8                  from devSVG.cpp:24:
#16 493.8 /usr/local/lib/R/site-library/BH/include/boost/smart_ptr/detail/shared_count.hpp:356:33: warning: ‘template<class> class std::auto_ptr’ is deprecated [-Wdeprecated-declarations]
#16 493.8      explicit shared_count( std::auto_ptr<Y> & r ): pi_( new sp_counted_impl_p<Y>( r.get() ) )
#16 493.8                                  ^~~~~~~~
#16 493.8 In file included from /usr/include/c++/7/bits/locale_conv.h:41:0,
#16 493.8                  from /usr/include/c++/7/locale:43,
#16 493.8                  from /usr/include/c++/7/iomanip:43,
#16 493.8                  from /usr/local/lib/R/site-library/Rcpp/include/RcppCommon.h:52,
#16 493.8                  from /usr/local/lib/R/site-library/Rcpp/include/Rcpp.h:27,
#16 493.8                  from devSVG.cpp:19:
#16 493.8 /usr/include/c++/7/bits/unique_ptr.h:51:28: note: declared here
#16 493.8    template<typename> class auto_ptr;
#16 493.8                             ^~~~~~~~
#16 493.8 In file included from /usr/local/lib/R/site-library/BH/include/boost/shared_ptr.hpp:17:0,
#16 493.8                  from devSVG.cpp:24:
#16 493.8 /usr/local/lib/R/site-library/BH/include/boost/smart_ptr/shared_ptr.hpp:256:65: warning: ‘template<class> class std::auto_ptr’ is deprecated [-Wdeprecated-declarations]
#16 493.8  template< class T, class R > struct sp_enable_if_auto_ptr< std::auto_ptr< T >, R >
#16 493.8                                                                  ^~~~~~~~
#16 493.8 In file included from /usr/include/c++/7/bits/locale_conv.h:41:0,
#16 493.8                  from /usr/include/c++/7/locale:43,
#16 493.8                  from /usr/include/c++/7/iomanip:43,
#16 493.8                  from /usr/local/lib/R/site-library/Rcpp/include/RcppCommon.h:52,
#16 493.8                  from /usr/local/lib/R/site-library/Rcpp/include/Rcpp.h:27,
#16 493.8                  from devSVG.cpp:19:
#16 493.8 /usr/include/c++/7/bits/unique_ptr.h:51:28: note: declared here
#16 493.8    template<typename> class auto_ptr;
#16 493.8                             ^~~~~~~~
#16 493.8 In file included from /usr/local/lib/R/site-library/BH/include/boost/shared_ptr.hpp:17:0,
#16 493.8                  from devSVG.cpp:24:
#16 493.8 /usr/local/lib/R/site-library/BH/include/boost/smart_ptr/shared_ptr.hpp:471:31: warning: ‘template<class> class std::auto_ptr’ is deprecated [-Wdeprecated-declarations]
#16 493.8      explicit shared_ptr( std::auto_ptr<Y> & r ): px(r.get()), pn()
#16 493.8                                ^~~~~~~~
#16 493.8 In file included from /usr/include/c++/7/bits/locale_conv.h:41:0,
#16 493.8                  from /usr/include/c++/7/locale:43,
#16 493.8                  from /usr/include/c++/7/iomanip:43,
#16 493.8                  from /usr/local/lib/R/site-library/Rcpp/include/RcppCommon.h:52,
#16 493.8                  from /usr/local/lib/R/site-library/Rcpp/include/Rcpp.h:27,
#16 493.8                  from devSVG.cpp:19:
#16 493.8 /usr/include/c++/7/bits/unique_ptr.h:51:28: note: declared here
#16 493.8    template<typename> class auto_ptr;
#16 493.8                             ^~~~~~~~
#16 493.8 In file included from /usr/local/lib/R/site-library/BH/include/boost/shared_ptr.hpp:17:0,
#16 493.8                  from devSVG.cpp:24:
#16 493.8 /usr/local/lib/R/site-library/BH/include/boost/smart_ptr/shared_ptr.hpp:484:22: warning: ‘template<class> class std::auto_ptr’ is deprecated [-Wdeprecated-declarations]
#16 493.8      shared_ptr( std::auto_ptr<Y> && r ): px(r.get()), pn()
#16 493.8                       ^~~~~~~~
#16 493.8 In file included from /usr/include/c++/7/bits/locale_conv.h:41:0,
#16 493.8                  from /usr/include/c++/7/locale:43,
#16 493.8                  from /usr/include/c++/7/iomanip:43,
#16 493.8                  from /usr/local/lib/R/site-library/Rcpp/include/RcppCommon.h:52,
#16 493.8                  from /usr/local/lib/R/site-library/Rcpp/include/Rcpp.h:27,
#16 493.8                  from devSVG.cpp:19:
#16 493.8 /usr/include/c++/7/bits/unique_ptr.h:51:28: note: declared here
#16 493.8    template<typename> class auto_ptr;
#16 493.8                             ^~~~~~~~
#16 493.8 In file included from /usr/local/lib/R/site-library/BH/include/boost/shared_ptr.hpp:17:0,
#16 493.8                  from devSVG.cpp:24:
#16 493.8 /usr/local/lib/R/site-library/BH/include/boost/smart_ptr/shared_ptr.hpp:567:34: warning: ‘template<class> class std::auto_ptr’ is deprecated [-Wdeprecated-declarations]
#16 493.8      shared_ptr & operator=( std::auto_ptr<Y> & r )
#16 493.8                                   ^~~~~~~~
#16 493.8 In file included from /usr/include/c++/7/bits/locale_conv.h:41:0,
#16 493.8                  from /usr/include/c++/7/locale:43,
#16 493.8                  from /usr/include/c++/7/iomanip:43,
#16 493.8                  from /usr/local/lib/R/site-library/Rcpp/include/RcppCommon.h:52,
#16 493.8                  from /usr/local/lib/R/site-library/Rcpp/include/Rcpp.h:27,
#16 493.8                  from devSVG.cpp:19:
#16 493.8 /usr/include/c++/7/bits/unique_ptr.h:51:28: note: declared here
#16 493.8    template<typename> class auto_ptr;
#16 493.8                             ^~~~~~~~
#16 493.8 In file included from /usr/local/lib/R/site-library/BH/include/boost/shared_ptr.hpp:17:0,
#16 493.8                  from devSVG.cpp:24:
#16 493.8 /usr/local/lib/R/site-library/BH/include/boost/smart_ptr/shared_ptr.hpp:576:34: warning: ‘template<class> class std::auto_ptr’ is deprecated [-Wdeprecated-declarations]
#16 493.8      shared_ptr & operator=( std::auto_ptr<Y> && r )
#16 493.8                                   ^~~~~~~~
#16 493.8 In file included from /usr/include/c++/7/bits/locale_conv.h:41:0,
#16 493.8                  from /usr/include/c++/7/locale:43,
#16 493.8                  from /usr/include/c++/7/iomanip:43,
#16 493.8                  from /usr/local/lib/R/site-library/Rcpp/include/RcppCommon.h:52,
#16 493.8                  from /usr/local/lib/R/site-library/Rcpp/include/Rcpp.h:27,
#16 493.8                  from devSVG.cpp:19:
#16 493.8 /usr/include/c++/7/bits/unique_ptr.h:51:28: note: declared here
#16 493.8    template<typename> class auto_ptr;
#16 493.8                             ^~~~~~~~
#16 493.8 In file included from /usr/local/lib/R/site-library/BH/include/boost/shared_ptr.hpp:17:0,
#16 493.8                  from devSVG.cpp:24:
#16 493.8 /usr/local/lib/R/site-library/BH/include/boost/smart_ptr/shared_ptr.hpp: In member function ‘boost::shared_ptr<T>& boost::shared_ptr<T>::operator=(std::auto_ptr<_Up>&&)’:
#16 493.8 /usr/local/lib/R/site-library/BH/include/boost/smart_ptr/shared_ptr.hpp:578:38: warning: ‘template<class> class std::auto_ptr’ is deprecated [-Wdeprecated-declarations]
#16 493.8          this_type( static_cast< std::auto_ptr<Y> && >( r ) ).swap( *this );
#16 493.8                                       ^~~~~~~~
#16 493.8 In file included from /usr/include/c++/7/bits/locale_conv.h:41:0,
#16 493.8                  from /usr/include/c++/7/locale:43,
#16 493.8                  from /usr/include/c++/7/iomanip:43,
#16 493.8                  from /usr/local/lib/R/site-library/Rcpp/include/RcppCommon.h:52,
#16 493.8                  from /usr/local/lib/R/site-library/Rcpp/include/Rcpp.h:27,
#16 493.8                  from devSVG.cpp:19:
#16 493.8 /usr/include/c++/7/bits/unique_ptr.h:51:28: note: declared here
#16 493.8    template<typename> class auto_ptr;
#16 493.8                             ^~~~~~~~
#16 493.8 g++ -std=gnu++11 -shared -L/usr/lib/R/lib -Wl,-Bsymbolic-functions -Wl,-z,relro -o svglite.so RcppExports.o devSVG.o -L/usr/lib/R/lib -lR
#16 493.8 make[1]: Leaving directory '/tmp/RtmpJW9tVp/R.INSTALL8d76b8271af/svglite/src'
#16 493.8 installing to /usr/local/lib/R/site-library/00LOCK-svglite/00new/svglite/libs
#16 493.8 ** R
#16 493.8 ** inst
#16 493.8 ** byte-compile and prepare package for lazy loading
#16 493.8 ** help
#16 493.8 *** installing help indices
#16 493.8 ** building package indices
#16 493.8 ** installing vignettes
#16 493.8 ** testing if installed package can be loaded from temporary location
#16 493.8 ** checking absolute paths in shared objects and dynamic libraries
#16 493.8 ** testing if installed package can be loaded from final location
#16 493.8 ** testing if installed package keeps a record of temporary installation path
#16 493.8 * DONE (svglite)
#16 493.8 
#16 493.8 The downloaded source packages are in
#16 493.8 	‘/tmp/RtmpELq8Vo/downloaded_packages’
#16 493.9 
#16 493.9 == Installing required Bioconductor packages (3 roots): graph, Rgraphviz, BiRewire
#16 493.9 Installing packages into ‘/usr/local/lib/R/site-library’
#16 493.9 (as ‘lib’ is unspecified)
#16 494.6 also installing the dependencies ‘BiocGenerics’, ‘tsne’
#16 494.6 
#16 494.6 trying URL 'https://bioconductor.org/packages/3.10/bioc/src/contrib/BiocGenerics_0.32.0.tar.gz'
#16 496.3 Content type 'application/octet-stream' length 46806 bytes (45 KB)
#16 496.3 ==================================================
#16 496.8 downloaded 45 KB
#16 496.8 
#16 496.8 trying URL 'https://packagemanager.posit.co/cran/__linux__/bionic/2020-04-01/src/contrib/tsne_0.1-3.tar.gz'
#16 498.3 Content type 'binary/octet-stream' length 21448 bytes (20 KB)
#16 498.3 ==================================================
#16 498.3 downloaded 20 KB
#16 498.3 
#16 498.3 trying URL 'https://bioconductor.org/packages/3.10/bioc/src/contrib/graph_1.64.0.tar.gz'
#16 500.1 Content type 'application/octet-stream' length 957811 bytes (935 KB)
#16 500.4 ==================================================
#16 501.8 downloaded 935 KB
#16 501.8 
#16 501.8 trying URL 'https://bioconductor.org/packages/3.10/bioc/src/contrib/Rgraphviz_2.30.0.tar.gz'
#16 505.5 Content type 'application/octet-stream' length 7454164 bytes (7.1 MB)
#16 506.2 ==================================================
#16 507.8 downloaded 7.1 MB
#16 507.8 
#16 507.8 trying URL 'https://bioconductor.org/packages/3.10/bioc/src/contrib/BiRewire_3.18.0.tar.gz'
#16 510.0 Content type 'application/octet-stream' length 652998 bytes (637 KB)
#16 510.0 ==================================================
#16 511.3 downloaded 637 KB
#16 511.3 
#16 512.7 begin installing package ‘BiocGenerics’
#16 512.7 begin installing package ‘tsne’
#16 513.1 * installing *binary* package ‘tsne’ ...
#16 513.1 * DONE (tsne)
#16 513.1 begin installing package ‘BiRewire’
#16 517.4 * installing *source* package ‘BiocGenerics’ ...
#16 517.4 ** using staged installation
#16 517.4 ** R
#16 517.4 ** inst
#16 517.4 ** byte-compile and prepare package for lazy loading
#16 517.4 Creating a new generic function for ‘append’ in package ‘BiocGenerics’
#16 517.4 Creating a new generic function for ‘as.data.frame’ in package ‘BiocGenerics’
#16 517.4 Creating a new generic function for ‘cbind’ in package ‘BiocGenerics’
#16 517.4 Creating a new generic function for ‘rbind’ in package ‘BiocGenerics’
#16 517.4 Creating a new generic function for ‘do.call’ in package ‘BiocGenerics’
#16 517.4 Creating a new generic function for ‘duplicated’ in package ‘BiocGenerics’
#16 517.4 Creating a new generic function for ‘anyDuplicated’ in package ‘BiocGenerics’
#16 517.4 Creating a new generic function for ‘eval’ in package ‘BiocGenerics’
#16 517.4 Creating a new generic function for ‘pmax’ in package ‘BiocGenerics’
#16 517.4 Creating a new generic function for ‘pmin’ in package ‘BiocGenerics’
#16 517.4 Creating a new generic function for ‘pmax.int’ in package ‘BiocGenerics’
#16 517.4 Creating a new generic function for ‘pmin.int’ in package ‘BiocGenerics’
#16 517.4 Creating a new generic function for ‘Reduce’ in package ‘BiocGenerics’
#16 517.4 Creating a new generic function for ‘Filter’ in package ‘BiocGenerics’
#16 517.4 Creating a new generic function for ‘Find’ in package ‘BiocGenerics’
#16 517.4 Creating a new generic function for ‘Map’ in package ‘BiocGenerics’
#16 517.4 Creating a new generic function for ‘Position’ in package ‘BiocGenerics’
#16 517.4 Creating a new generic function for ‘get’ in package ‘BiocGenerics’
#16 517.4 Creating a new generic function for ‘mget’ in package ‘BiocGenerics’
#16 517.4 Creating a new generic function for ‘grep’ in package ‘BiocGenerics’
#16 517.4 Creating a new generic function for ‘grepl’ in package ‘BiocGenerics’
#16 517.4 Creating a new generic function for ‘is.unsorted’ in package ‘BiocGenerics’
#16 517.4 Creating a new generic function for ‘lapply’ in package ‘BiocGenerics’
#16 517.4 Creating a new generic function for ‘sapply’ in package ‘BiocGenerics’
#16 517.4 Creating a new generic function for ‘mapply’ in package ‘BiocGenerics’
#16 517.4 Creating a new generic function for ‘match’ in package ‘BiocGenerics’
#16 517.4 Creating a new generic function for ‘order’ in package ‘BiocGenerics’
#16 517.4 Creating a new generic function for ‘paste’ in package ‘BiocGenerics’
#16 517.4 Creating a new generic function for ‘rank’ in package ‘BiocGenerics’
#16 517.4 Creating a new generic function for ‘rownames’ in package ‘BiocGenerics’
#16 517.4 Creating a new generic function for ‘colnames’ in package ‘BiocGenerics’
#16 517.4 Creating a new generic function for ‘union’ in package ‘BiocGenerics’
#16 517.4 Creating a new generic function for ‘intersect’ in package ‘BiocGenerics’
#16 517.4 Creating a new generic function for ‘setdiff’ in package ‘BiocGenerics’
#16 517.4 Creating a new generic function for ‘sort’ in package ‘BiocGenerics’
#16 517.4 Creating a new generic function for ‘table’ in package ‘BiocGenerics’
#16 517.4 Creating a new generic function for ‘tapply’ in package ‘BiocGenerics’
#16 517.4 Creating a new generic function for ‘unique’ in package ‘BiocGenerics’
#16 517.4 Creating a new generic function for ‘unsplit’ in package ‘BiocGenerics’
#16 517.4 Creating a new generic function for ‘var’ in package ‘BiocGenerics’
#16 517.4 Creating a new generic function for ‘sd’ in package ‘BiocGenerics’
#16 517.4 Creating a new generic function for ‘which’ in package ‘BiocGenerics’
#16 517.4 Creating a new generic function for ‘which.max’ in package ‘BiocGenerics’
#16 517.4 Creating a new generic function for ‘which.min’ in package ‘BiocGenerics’
#16 517.4 Creating a new generic function for ‘IQR’ in package ‘BiocGenerics’
#16 517.4 Creating a new generic function for ‘mad’ in package ‘BiocGenerics’
#16 517.4 Creating a new generic function for ‘xtabs’ in package ‘BiocGenerics’
#16 517.4 Creating a new generic function for ‘clusterCall’ in package ‘BiocGenerics’
#16 517.4 Creating a new generic function for ‘clusterApply’ in package ‘BiocGenerics’
#16 517.4 Creating a new generic function for ‘clusterApplyLB’ in package ‘BiocGenerics’
#16 517.4 Creating a new generic function for ‘clusterEvalQ’ in package ‘BiocGenerics’
#16 517.4 Creating a new generic function for ‘clusterExport’ in package ‘BiocGenerics’
#16 517.4 Creating a new generic function for ‘clusterMap’ in package ‘BiocGenerics’
#16 517.4 Creating a new generic function for ‘parLapply’ in package ‘BiocGenerics’
#16 517.4 Creating a new generic function for ‘parSapply’ in package ‘BiocGenerics’
#16 517.4 Creating a new generic function for ‘parApply’ in package ‘BiocGenerics’
#16 517.4 Creating a new generic function for ‘parRapply’ in package ‘BiocGenerics’
#16 517.4 Creating a new generic function for ‘parCapply’ in package ‘BiocGenerics’
#16 517.4 Creating a new generic function for ‘parLapplyLB’ in package ‘BiocGenerics’
#16 517.4 Creating a new generic function for ‘parSapplyLB’ in package ‘BiocGenerics’
#16 517.4 Creating a new generic function for ‘basename’ in package ‘BiocGenerics’
#16 517.4 Creating a new generic function for ‘dirname’ in package ‘BiocGenerics’
#16 517.4 ** help
#16 517.4 *** installing help indices
#16 517.4 ** building package indices
#16 517.4 ** testing if installed package can be loaded from temporary location
#16 517.4 ** testing if installed package can be loaded from final location
#16 517.4 ** testing if installed package keeps a record of temporary installation path
#16 517.4 * DONE (BiocGenerics)
#16 517.4 begin installing package ‘graph’
#16 520.4 * installing *source* package ‘BiRewire’ ...
#16 520.4 ** using staged installation
#16 520.4 ** libs
#16 520.4 make[1]: Entering directory '/tmp/RtmpPAF9xQ/R.INSTALL9466162a0a0/BiRewire/src'
#16 520.4 gcc -std=gnu99 -I"/usr/share/R/include" -DNDEBUG     -fpic  -g -O2 -fdebug-prefix-map=/build/r-base-V28x5H/r-base-3.6.3=. -fstack-protector-strong -Wformat -Werror=format-security -Wdate-time -D_FORTIFY_SOURCE=2 -g  -c BiRewire.c -o BiRewire.o
#16 520.4 gcc -std=gnu99 -I"/usr/share/R/include" -DNDEBUG     -fpic  -g -O2 -fdebug-prefix-map=/build/r-base-V28x5H/r-base-3.6.3=. -fstack-protector-strong -Wformat -Werror=format-security -Wdate-time -D_FORTIFY_SOURCE=2 -g  -c interface.c -o interface.o
#16 520.4 gcc -std=gnu99 -shared -L/usr/lib/R/lib -Wl,-Bsymbolic-functions -Wl,-z,relro -o BiRewire.so BiRewire.o interface.o -L/usr/lib/R/lib -lR
#16 520.4 make[1]: Leaving directory '/tmp/RtmpPAF9xQ/R.INSTALL9466162a0a0/BiRewire/src'
#16 520.4 installing to /usr/local/lib/R/site-library/00LOCK-BiRewire/00new/BiRewire/libs
#16 520.4 ** R
#16 520.4 ** data
#16 520.4 ** inst
#16 520.4 ** byte-compile and prepare package for lazy loading
#16 520.4 ** help
#16 520.4 *** installing help indices
#16 520.4 ** building package indices
#16 520.4 ** installing vignettes
#16 520.4 ** testing if installed package can be loaded from temporary location
#16 520.4 ** checking absolute paths in shared objects and dynamic libraries
#16 520.4 ** testing if installed package can be loaded from final location
#16 520.4 ** testing if installed package keeps a record of temporary installation path
#16 520.4 * DONE (BiRewire)
#16 527.5 * installing *source* package ‘graph’ ...
#16 527.5 ** using staged installation
#16 527.5 ** libs
#16 527.5 make[1]: Entering directory '/tmp/RtmppfJGvc/R.INSTALL98b595efa2/graph/src'
#16 527.5 gcc -std=gnu99 -I"/usr/share/R/include" -DNDEBUG     -fpic  -g -O2 -fdebug-prefix-map=/build/r-base-V28x5H/r-base-3.6.3=. -fstack-protector-strong -Wformat -Werror=format-security -Wdate-time -D_FORTIFY_SOURCE=2 -g  -c graph.c -o graph.o
#16 527.5 gcc -std=gnu99 -shared -L/usr/lib/R/lib -Wl,-Bsymbolic-functions -Wl,-z,relro -o graph.so graph.o -L/usr/lib/R/lib -lR
#16 527.5 mv graph.so BioC_graph.so
#16 527.5 make[1]: Leaving directory '/tmp/RtmppfJGvc/R.INSTALL98b595efa2/graph/src'
#16 527.5 installing to /usr/local/lib/R/site-library/00LOCK-graph/00new/graph/libs
#16 527.5 ** R
#16 527.5 ** data
#16 527.5 ** inst
#16 527.5 ** byte-compile and prepare package for lazy loading
#16 527.5 ** help
#16 527.5 *** installing help indices
#16 527.5 ** building package indices
#16 527.5 ** installing vignettes
#16 527.5 ** testing if installed package can be loaded from temporary location
#16 527.5 ** checking absolute paths in shared objects and dynamic libraries
#16 527.5 ** testing if installed package can be loaded from final location
#16 527.5 ** testing if installed package keeps a record of temporary installation path
#16 527.5 * DONE (graph)
#16 527.5 begin installing package ‘Rgraphviz’
#16 613.0 * installing *source* package ‘Rgraphviz’ ...
#16 613.0 ** using staged installation
#16 613.0 configure: Using bundled Graphviz.
#16 613.0 configure: Searching for the compilers specified by R.
#16 613.0 checking for gcc... gcc -std=gnu99
#16 613.0 checking whether the C compiler works... yes
#16 613.0 checking for C compiler default output file name... a.out
#16 613.0 checking for suffix of executables... 
#16 613.0 checking whether we are cross compiling... no
#16 613.0 checking for suffix of object files... o
#16 613.0 checking whether we are using the GNU C compiler... yes
#16 613.0 checking whether gcc -std=gnu99 accepts -g... yes
#16 613.0 checking for gcc -std=gnu99 option to accept ISO C89... none needed
#16 613.0 checking how to run the C preprocessor... gcc -std=gnu99 -E
#16 613.0 checking whether we are using the GNU C++ compiler... yes
#16 613.0 checking whether g++ -std=gnu++11 accepts -g... yes
#16 613.0 configure: Preparing to compile Graphviz.
#16 613.0 configure: Configuring bundled Graphviz.
#16 613.0 checking build system type... x86_64-unknown-linux-gnu
#16 613.0 checking host system type... x86_64-unknown-linux-gnu
#16 613.0 checking for a BSD-compatible install... /usr/bin/install -c
#16 613.0 checking whether build environment is sane... yes
#16 613.0 checking for a thread-safe mkdir -p... /bin/mkdir -p
#16 613.0 checking for gawk... no
#16 613.0 checking for mawk... mawk
#16 613.0 checking whether make sets $(MAKE)... yes
#16 613.0 checking whether make supports nested variables... yes
#16 613.0 checking for style of include used by make... GNU
#16 613.0 checking for gcc... gcc -std=gnu99
#16 613.0 checking whether the C compiler works... yes
#16 613.0 checking for C compiler default output file name... a.out
#16 613.0 checking for suffix of executables... 
#16 613.0 checking whether we are cross compiling... no
#16 613.0 checking for suffix of object files... o
#16 613.0 checking whether we are using the GNU C compiler... yes
#16 613.0 checking whether gcc -std=gnu99 accepts -g... yes
#16 613.0 checking for gcc -std=gnu99 option to accept ISO C89... none needed
#16 613.0 checking dependency style of gcc -std=gnu99... gcc3
#16 613.0 checking for library containing strerror... none required
#16 613.0 checking for flex... no
#16 613.0 checking for lex... no
#16 613.0 checking for bison... no
#16 613.0 checking for byacc... no
#16 613.0 checking for gawk... (cached) mawk
#16 613.0 checking whether ln -s works... yes
#16 613.0 checking for sed... /bin/sed
#16 613.0 checking for grep... grep
#16 613.0 checking for sort... sort
#16 613.0 checking for groff... false
#16 613.0 checking for ps2pdf... false
#16 613.0 checking for pstopdf... (cached) false
#16 613.0 checking for pkg-config... /usr/bin/pkg-config
#16 613.0 checking pkg-config is at least version 0.9.0... yes
#16 613.0 checking for tclsh8.6... no
#16 613.0 checking for tclsh8.5... no
#16 613.0 checking for tclsh8.4... no
#16 613.0 checking for tclsh8.3... no
#16 613.0 checking for tclsh... no
#16 613.0 checking whether gcc -std=gnu99 and cc understand -c and -o together... yes
#16 613.0 checking whether we are using the GNU C++ compiler... yes
#16 613.0 checking whether g++ -std=gnu++11 accepts -g... yes
#16 613.0 checking dependency style of g++ -std=gnu++11... gcc3
#16 613.0 checking for gcc... gcc
#16 613.0 checking whether we are using the GNU Objective C compiler... no
#16 613.0 checking whether gcc accepts -g... no
#16 613.0 checking dependency style of gcc... gcc3
#16 613.0 checking for inline... inline
#16 613.0 checking for windres... no
#16 613.0 checking for an ANSI C-conforming const... yes
#16 613.0 checking how to run the C preprocessor... gcc -std=gnu99 -E
#16 613.0 checking for grep that handles long lines and -e... grep
#16 613.0 checking for egrep... grep -E
#16 613.0 checking for ANSI C header files... yes
#16 613.0 checking for sys/types.h... yes
#16 613.0 checking for sys/stat.h... yes
#16 613.0 checking for stdlib.h... yes
#16 613.0 checking for string.h... yes
#16 613.0 checking for memory.h... yes
#16 613.0 checking for strings.h... yes
#16 613.0 checking for inttypes.h... yes
#16 613.0 checking for stdint.h... yes
#16 613.0 checking for unistd.h... yes
#16 613.0 checking for mode_t... yes
#16 613.0 checking for pid_t... yes
#16 613.0 checking for size_t... yes
#16 613.0 checking for ssize_t... yes
#16 613.0 checking for uid_t in sys/types.h... yes
#16 613.0 checking stdarg.h usability... yes
#16 613.0 checking stdarg.h presence... yes
#16 613.0 checking for stdarg.h... yes
#16 613.0 checking stddef.h usability... yes
#16 613.0 checking stddef.h presence... yes
#16 613.0 checking for stddef.h... yes
#16 613.0 checking for stddef.h... (cached) yes
#16 613.0 checking for stdlib.h... (cached) yes
#16 613.0 checking for stdint.h... (cached) yes
#16 613.0 checking malloc.h usability... yes
#16 613.0 checking malloc.h presence... yes
#16 613.0 checking for malloc.h... yes
#16 613.0 checking fcntl.h usability... yes
#16 613.0 checking fcntl.h presence... yes
#16 613.0 checking for fcntl.h... yes
#16 613.0 checking search.h usability... yes
#16 613.0 checking search.h presence... yes
#16 613.0 checking for search.h... yes
#16 613.0 checking getopt.h usability... yes
#16 613.0 checking getopt.h presence... yes
#16 613.0 checking for getopt.h... yes
#16 613.0 checking pthread.h usability... yes
#16 613.0 checking pthread.h presence... yes
#16 613.0 checking for pthread.h... yes
#16 613.0 checking values.h usability... yes
#16 613.0 checking values.h presence... yes
#16 613.0 checking for values.h... yes
#16 613.0 checking float.h usability... yes
#16 613.0 checking float.h presence... yes
#16 613.0 checking for float.h... yes
#16 613.0 checking limits.h usability... yes
#16 613.0 checking limits.h presence... yes
#16 613.0 checking for limits.h... yes
#16 613.0 checking termios.h usability... yes
#16 613.0 checking termios.h presence... yes
#16 613.0 checking for termios.h... yes
#16 613.0 checking errno.h usability... yes
#16 613.0 checking errno.h presence... yes
#16 613.0 checking for errno.h... yes
#16 613.0 checking time.h usability... yes
#16 613.0 checking time.h presence... yes
#16 613.0 checking for time.h... yes
#16 613.0 checking for unistd.h... (cached) yes
#16 613.0 checking fenv.h usability... yes
#16 613.0 checking fenv.h presence... yes
#16 613.0 checking for fenv.h... yes
#16 613.0 checking for string.h... (cached) yes
#16 613.0 checking for strings.h... (cached) yes
#16 613.0 checking for inttypes.h... (cached) yes
#16 613.0 checking setjmp.h usability... yes
#16 613.0 checking setjmp.h presence... yes
#16 613.0 checking for setjmp.h... yes
#16 613.0 checking sys/time.h usability... yes
#16 613.0 checking sys/time.h presence... yes
#16 613.0 checking for sys/time.h... yes
#16 613.0 checking sys/times.h usability... yes
#16 613.0 checking sys/times.h presence... yes
#16 613.0 checking for sys/times.h... yes
#16 613.0 checking for sys/types.h... (cached) yes
#16 613.0 checking sys/select.h usability... yes
#16 613.0 checking sys/select.h presence... yes
#16 613.0 checking for sys/select.h... yes
#16 613.0 checking fpu_control.h usability... yes
#16 613.0 checking fpu_control.h presence... yes
#16 613.0 checking for fpu_control.h... yes
#16 613.0 checking sys/fpu.h usability... no
#16 613.0 checking sys/fpu.h presence... no
#16 613.0 checking for sys/fpu.h... no
#16 613.0 checking sys/socket.h usability... yes
#16 613.0 checking sys/socket.h presence... yes
#16 613.0 checking for sys/socket.h... yes
#16 613.0 checking for sys/stat.h... (cached) yes
#16 613.0 checking sys/mman.h usability... yes
#16 613.0 checking sys/mman.h presence... yes
#16 613.0 checking for sys/mman.h... yes
#16 613.0 checking sys/ioctl.h usability... yes
#16 613.0 checking sys/ioctl.h presence... yes
#16 613.0 checking for sys/ioctl.h... yes
#16 613.0 checking sys/inotify.h usability... yes
#16 613.0 checking sys/inotify.h presence... yes
#16 613.0 checking for sys/inotify.h... yes
#16 613.0 checking langinfo.h usability... yes
#16 613.0 checking langinfo.h presence... yes
#16 613.0 checking for langinfo.h... yes
#16 613.0 checking libintl.h usability... yes
#16 613.0 checking libintl.h presence... yes
#16 613.0 checking for libintl.h... yes
#16 613.0 checking crt_externs.h usability... no
#16 613.0 checking crt_externs.h presence... no
#16 613.0 checking for crt_externs.h... no
#16 613.0 checking whether time.h and sys/time.h may both be included... yes
#16 613.0 checking for dirent.h that defines DIR... yes
#16 613.0 checking for library containing opendir... none required
#16 613.0 checking for stdbool.h that conforms to C99... yes
#16 613.0 checking for _Bool... yes
#16 613.0 checking for socklen_t... yes
#16 613.0 checking for bool... yes
#16 613.0 checking for struct dioattr... no
#16 613.0 checking for main in -lm... yes
#16 613.0 checking for feenableexcept... yes
#16 613.0 checking for fesetenv... yes
#16 613.0 checking libgen.h usability... yes
#16 613.0 checking libgen.h presence... yes
#16 613.0 checking for libgen.h... yes
#16 613.0 checking for basename in -lgen... no
#16 613.0 checking for working alloca.h... yes
#16 613.0 checking for alloca... yes
#16 613.0 checking for lrand48... yes
#16 613.0 checking for drand48... yes
#16 613.0 checking for srand48... yes
#16 613.0 checking for setmode... no
#16 613.0 checking for setenv... yes
#16 613.0 checking for getenv... yes
#16 613.0 checking for __freadable... yes
#16 613.0 checking for _sysconf... no
#16 613.0 checking for getrusage... yes
#16 613.0 checking for strerror... yes
#16 613.0 checking for cbrt... no
#16 613.0 checking for lsqrt... no
#16 613.0 checking for vsnprintf... yes
#16 613.0 checking for strtoul... yes
#16 613.0 checking for strtoll... yes
#16 613.0 checking for strtoull... yes
#16 613.0 checking for uname... yes
#16 613.0 checking for memset... yes
#16 613.0 checking for nl_langinfo... yes
#16 613.0 checking for pow... no
#16 613.0 checking for sqrt... no
#16 613.0 checking for strchr... yes
#16 613.0 checking for strdup... yes
#16 613.0 checking for strerror... (cached) yes
#16 613.0 checking for strstr... yes
#16 613.0 checking for _NSGetEnviron... no
#16 613.0 checking for strcasecmp... yes
#16 613.0 checking for strncasecmp... yes
#16 613.0 checking for strcasestr... yes
#16 613.0 checking for a sed that does not truncate output... /bin/sed
#16 613.0 checking for fgrep... grep -F
#16 613.0 checking for ld used by gcc -std=gnu99... /usr/bin/ld
#16 613.0 checking if the linker (/usr/bin/ld) is GNU ld... yes
#16 613.0 checking for BSD- or MS-compatible name lister (nm)... /usr/bin/nm -B
#16 613.0 checking the name lister (/usr/bin/nm -B) interface... BSD nm
#16 613.0 checking the maximum length of command line arguments... 1572864
#16 613.0 checking whether the shell understands some XSI constructs... yes
#16 613.0 checking whether the shell understands "+="... yes
#16 613.0 checking for /usr/bin/ld option to reload object files... -r
#16 613.0 checking for objdump... objdump
#16 613.0 checking how to recognize dependent libraries... pass_all
#16 613.0 checking for ar... ar
#16 613.0 checking for strip... strip
#16 613.0 checking for ranlib... ranlib
#16 613.0 checking command to parse /usr/bin/nm -B output from gcc -std=gnu99 object... ok
#16 613.0 ./configure: line 10195: /usr/bin/file: No such file or directory
#16 613.0 checking for dlfcn.h... yes
#16 613.0 checking whether we are using the GNU C++ compiler... (cached) yes
#16 613.0 checking whether g++ -std=gnu++11 accepts -g... (cached) yes
#16 613.0 checking dependency style of g++ -std=gnu++11... (cached) gcc3
#16 613.0 checking how to run the C++ preprocessor... g++ -std=gnu++11 -E
#16 613.0 checking for objdir... .libs
#16 613.0 checking if gcc -std=gnu99 supports -fno-rtti -fno-exceptions... no
#16 613.0 checking for gcc -std=gnu99 option to produce PIC... -fPIC -DPIC
#16 613.0 checking if gcc -std=gnu99 PIC flag -fPIC -DPIC works... yes
#16 613.0 checking if gcc -std=gnu99 static flag -static works... yes
#16 613.0 checking if gcc -std=gnu99 supports -c -o file.o... yes
#16 613.0 checking if gcc -std=gnu99 supports -c -o file.o... (cached) yes
#16 613.0 checking whether the gcc -std=gnu99 linker (/usr/bin/ld) supports shared libraries... yes
#16 613.0 checking dynamic linker characteristics... GNU/Linux ld.so
#16 613.0 checking how to hardcode library paths into programs... immediate
#16 613.0 checking for shl_load... no
#16 613.0 checking for shl_load in -ldld... no
#16 613.0 checking for dlopen... no
#16 613.0 checking for dlopen in -ldl... yes
#16 613.0 checking whether a program can dlopen itself... yes
#16 613.0 checking whether a statically linked program can dlopen itself... no
#16 613.0 checking whether stripping libraries is possible... yes
#16 613.0 checking if libtool supports shared libraries... yes
#16 613.0 checking whether to build shared libraries... no
#16 613.0 checking whether to build static libraries... yes
#16 613.0 checking for ld used by g++ -std=gnu++11... /usr/bin/ld
#16 613.0 checking if the linker (/usr/bin/ld) is GNU ld... yes
#16 613.0 checking whether the g++ -std=gnu++11 linker (/usr/bin/ld) supports shared libraries... yes
#16 613.0 checking for g++ -std=gnu++11 option to produce PIC... -fPIC -DPIC
#16 613.0 checking if g++ -std=gnu++11 PIC flag -fPIC -DPIC works... yes
#16 613.0 checking if g++ -std=gnu++11 static flag -static works... yes
#16 613.0 checking if g++ -std=gnu++11 supports -c -o file.o... yes
#16 613.0 checking if g++ -std=gnu++11 supports -c -o file.o... (cached) yes
#16 613.0 checking whether the g++ -std=gnu++11 linker (/usr/bin/ld) supports shared libraries... yes
#16 613.0 checking dynamic linker characteristics... GNU/Linux ld.so
#16 613.0 checking how to hardcode library paths into programs... immediate
#16 613.0 checking which extension is used for runtime loadable modules... .so
#16 613.0 checking which variable specifies run-time module search path... LD_LIBRARY_PATH
#16 613.0 checking for the default library search path... /lib64 /usr/lib64 /lib /usr/lib /usr/local/lib /usr/local/lib/x86_64-linux-gnu /lib/x86_64-linux-gnu /usr/lib/x86_64-linux-gnu 
#16 613.0 checking for library containing dlopen... -ldl
#16 613.0 checking for dlerror... yes
#16 613.0 checking for shl_load... (cached) no
#16 613.0 checking for shl_load in -ldld... (cached) no
#16 613.0 checking for dld_link in -ldld... no
#16 613.0 checking for _ prefix in compiled symbols... no
#16 613.0 checking whether deplibs are loaded by dlopen... yes
#16 613.0 checking for argz.h... yes
#16 613.0 checking for error_t... yes
#16 613.0 checking for argz_add... yes
#16 613.0 checking for argz_append... yes
#16 613.0 checking for argz_count... yes
#16 613.0 checking for argz_create_sep... yes
#16 613.0 checking for argz_insert... yes
#16 613.0 checking for argz_next... yes
#16 613.0 checking for argz_stringify... yes
#16 613.0 checking if argz actually works... yes
#16 613.0 checking whether libtool supports -dlopen/-dlpreopen... yes
#16 613.0 checking for ltdl.h... no
#16 613.0 checking where to find libltdl headers... -I${top_srcdir}/libltdl
#16 613.0 checking where to find libltdl library... ${top_build_prefix}libltdl/libltdlc.la
#16 613.0 checking for unistd.h... (cached) yes
#16 613.0 checking for dl.h... no
#16 613.0 checking for sys/dl.h... no
#16 613.0 checking for dld.h... no
#16 613.0 checking for mach-o/dyld.h... no
#16 613.0 checking for dirent.h... yes
#16 613.0 checking for closedir... yes
#16 613.0 checking for opendir... yes
#16 613.0 checking for readdir... yes
#16 613.0 checking for strlcat... no
#16 613.0 checking for strlcpy... no
#16 613.0 checking for X... disabled
#16 613.0 configure: WARNING: X11 not available.
#16 613.0 checking tcl.h usability... no
#16 613.0 checking tcl.h presence... no
#16 613.0 checking for tcl.h... no
#16 613.0 configure: WARNING: Unable to find header tcl.h. The Tcl packages will not be built
#16 613.0 configure: WARNING: No Tcl. The Tk packages will not be built either
#16 613.0 checking for connect... yes
#16 613.0 checking for gethostbyname... yes
#16 613.0 checking for main in -lXpm... no
#16 613.0 configure: WARNING: Optional Xpm library not available
#16 613.0 checking X11/Intrinsic.h usability... yes
#16 613.0 checking X11/Intrinsic.h presence... yes
#16 613.0 checking for X11/Intrinsic.h... yes
#16 613.0 checking for X11/Xaw/Text.h... no
#16 613.0 configure: WARNING: Optional Xaw library not available - missing headers
#16 613.0 checking zlib.h usability... yes
#16 613.0 checking zlib.h presence... yes
#16 613.0 checking for zlib.h... yes
#16 613.0 checking for main in -lz... yes
#16 613.0 checking for deflateBound... no
#16 613.0 checking for GDK_PIXBUF... no
#16 613.0 checking for GTK... no
#16 613.0 checking for GTKGL... no
#16 613.0 checking for GTKGLEXT... no
#16 613.0 checking for GLADE... no
#16 613.0 checking for qmake-qt4... no
#16 613.0 checking for qmake-qt3... no
#16 613.0 checking for qmake... no
#16 613.0 checking for sincos... yes
#16 613.0 checking if FILE struct contains _cnt... no
#16 613.0 checking if FILE struct contains _r... no
#16 613.0 checking if FILE struct contains _next... no
#16 613.0 checking if FILE struct contains _IO_read_end... yes
#16 613.0 checking if errno externs are declared... yes
#16 613.0 checking if getopt externs are declared... yes
#16 613.0 checking if intptr_t is declared... yes
#16 613.0 checking if assert needs __eprintf... no
#16 613.0 checking that generated files are newer than configure... done
#16 613.0 configure: creating ./config.status
#16 613.0 config.status: creating Makefile
#16 613.0 config.status: creating lib/Makefile
#16 613.0 config.status: creating lib/cdt/Makefile
#16 613.0 config.status: creating lib/cdt/libcdt.pc
#16 613.0 config.status: creating lib/graph/Makefile
#16 613.0 config.status: creating lib/graph/libgraph.pc
#16 613.0 config.status: creating lib/rbtree/Makefile
#16 613.0 config.status: creating lib/pathplan/Makefile
#16 613.0 config.status: creating lib/pathplan/libpathplan.pc
#16 613.0 config.status: creating lib/dotgen/Makefile
#16 613.0 config.status: creating lib/neatogen/Makefile
#16 613.0 config.status: creating lib/fdpgen/Makefile
#16 613.0 config.status: creating lib/sparse/Makefile
#16 613.0 config.status: creating lib/sfdpgen/Makefile
#16 613.0 config.status: creating lib/osage/Makefile
#16 613.0 config.status: creating lib/circogen/Makefile
#16 613.0 config.status: creating lib/twopigen/Makefile
#16 613.0 config.status: creating lib/patchwork/Makefile
#16 613.0 config.status: creating lib/pack/Makefile
#16 613.0 config.status: creating lib/ortho/Makefile
#16 613.0 config.status: creating lib/common/Makefile
#16 613.0 config.status: creating lib/vpsc/Makefile
#16 613.0 config.status: creating lib/gvc/Makefile
#16 613.0 config.status: creating lib/gvc/libgvc.pc
#16 613.0 config.status: creating lib/xdot/Makefile
#16 613.0 config.status: creating lib/xdot/libxdot.pc
#16 613.0 config.status: creating plugin/Makefile
#16 613.0 config.status: creating plugin/core/Makefile
#16 613.0 config.status: creating plugin/dot_layout/Makefile
#16 613.0 config.status: creating plugin/neato_layout/Makefile
#16 613.0 config.status: creating graphviz.spec
#16 613.0 config.status: creating Doxyfile
#16 613.0 config.status: creating config.h
#16 613.0 config.status: executing depfiles commands
#16 613.0 config.status: executing libtool commands
#16 613.0 === configuring in libltdl (/tmp/RtmpBvoYlO/R.INSTALL9ef6625423b/Rgraphviz/src/graphviz/libltdl)
#16 613.0 configure: running /bin/bash ./configure --disable-option-checking '--prefix=/tmp/RtmpBvoYlO/R.INSTALL9ef6625423b/Rgraphviz/src/libunix'  'CC=gcc -std=gnu99' 'CXX=g++ -std=gnu++11' 'CFLAGS=-g -O2 -fdebug-prefix-map=/build/r-base-V28x5H/r-base-3.6.3=. -fstack-protector-strong -Wformat -Werror=format-security -Wdate-time -D_FORTIFY_SOURCE=2 -g' 'CXXFLAGS=-g -O2 -fdebug-prefix-map=/build/r-base-V28x5H/r-base-3.6.3=. -fstack-protector-strong -Wformat -Werror=format-security -Wdate-time -D_FORTIFY_SOURCE=2 -g' 'LDFLAGS=-Wl,-Bsymbolic-functions -Wl,-z,relro' '--libdir=/tmp/RtmpBvoYlO/R.INSTALL9ef6625423b/Rgraphviz/src/libunix/lib' '--includedir=/tmp/RtmpBvoYlO/R.INSTALL9ef6625423b/Rgraphviz/src/libunix/include' '--with-cgraph=no' '--enable-swig=no' '--enable-static' '--disable-shared' '--with-pic' '--with-libgd=no' '--disable-ltdl' '--without-x' '--without-expat' '--without-devil' '--without-rsvg' '--without-ghostscript' '--without-visio' '--without-pangocairo' '--without-lasi' '--without-glitz' '--without-freetype2' '--without-fontconfig' '--without-rpat' '--without-glut' '--without-gts' '--without-png' '--without-tcl' '--without-jpeg' 'R_LIBS=/usr/local/lib/R/site-library/00LOCK-Rgraphviz/00new:/usr/local/lib/R/site-library:/usr/local/lib/R/site-library:/usr/lib/R/site-library' '--enable-ltdl-convenience' --cache-file=/dev/null --srcdir=.
#16 613.0 checking for a BSD-compatible install... /usr/bin/install -c
#16 613.0 checking whether build environment is sane... yes
#16 613.0 checking for a thread-safe mkdir -p... /bin/mkdir -p
#16 613.0 checking for gawk... no
#16 613.0 checking for mawk... mawk
#16 613.0 checking whether make sets $(MAKE)... yes
#16 613.0 checking build system type... x86_64-unknown-linux-gnu
#16 613.0 checking host system type... x86_64-unknown-linux-gnu
#16 613.0 checking for style of include used by make... GNU
#16 613.0 checking for gcc... gcc -std=gnu99
#16 613.0 checking whether the C compiler works... yes
#16 613.0 checking for C compiler default output file name... a.out
#16 613.0 checking for suffix of executables... 
#16 613.0 checking whether we are cross compiling... no
#16 613.0 checking for suffix of object files... o
#16 613.0 checking whether we are using the GNU C compiler... yes
#16 613.0 checking whether gcc -std=gnu99 accepts -g... yes
#16 613.0 checking for gcc -std=gnu99 option to accept ISO C89... none needed
#16 613.0 checking dependency style of gcc -std=gnu99... gcc3
#16 613.0 checking for a sed that does not truncate output... /bin/sed
#16 613.0 checking for grep that handles long lines and -e... /bin/grep
#16 613.0 checking for egrep... /bin/grep -E
#16 613.0 checking for fgrep... /bin/grep -F
#16 613.0 checking for ld used by gcc -std=gnu99... /usr/bin/ld
#16 613.0 checking if the linker (/usr/bin/ld) is GNU ld... yes
#16 613.0 checking for BSD- or MS-compatible name lister (nm)... /usr/bin/nm -B
#16 613.0 checking the name lister (/usr/bin/nm -B) interface... BSD nm
#16 613.0 checking whether ln -s works... yes
#16 613.0 checking the maximum length of command line arguments... 1572864
#16 613.0 checking whether the shell understands some XSI constructs... yes
#16 613.0 checking whether the shell understands "+="... yes
#16 613.0 checking for /usr/bin/ld option to reload object files... -r
#16 613.0 checking for objdump... objdump
#16 613.0 checking how to recognize dependent libraries... pass_all
#16 613.0 checking for ar... ar
#16 613.0 checking for strip... strip
#16 613.0 checking for ranlib... ranlib
#16 613.0 checking command to parse /usr/bin/nm -B output from gcc -std=gnu99 object... ok
#16 613.0 ./configure: line 5826: /usr/bin/file: No such file or directory
#16 613.0 checking how to run the C preprocessor... gcc -std=gnu99 -E
#16 613.0 checking for ANSI C header files... yes
#16 613.0 checking for sys/types.h... yes
#16 613.0 checking for sys/stat.h... yes
#16 613.0 checking for stdlib.h... yes
#16 613.0 checking for string.h... yes
#16 613.0 checking for memory.h... yes
#16 613.0 checking for strings.h... yes
#16 613.0 checking for inttypes.h... yes
#16 613.0 checking for stdint.h... yes
#16 613.0 checking for unistd.h... yes
#16 613.0 checking for dlfcn.h... yes
#16 613.0 checking for objdir... .libs
#16 613.0 checking if gcc -std=gnu99 supports -fno-rtti -fno-exceptions... no
#16 613.0 checking for gcc -std=gnu99 option to produce PIC... -fPIC -DPIC
#16 613.0 checking if gcc -std=gnu99 PIC flag -fPIC -DPIC works... yes
#16 613.0 checking if gcc -std=gnu99 static flag -static works... yes
#16 613.0 checking if gcc -std=gnu99 supports -c -o file.o... yes
#16 613.0 checking if gcc -std=gnu99 supports -c -o file.o... (cached) yes
#16 613.0 checking whether the gcc -std=gnu99 linker (/usr/bin/ld) supports shared libraries... yes
#16 613.0 checking dynamic linker characteristics... GNU/Linux ld.so
#16 613.0 checking how to hardcode library paths into programs... immediate
#16 613.0 checking for shl_load... no
#16 613.0 checking for shl_load in -ldld... no
#16 613.0 checking for dlopen... no
#16 613.0 checking for dlopen in -ldl... yes
#16 613.0 checking whether a program can dlopen itself... yes
#16 613.0 checking whether a statically linked program can dlopen itself... no
#16 613.0 checking whether stripping libraries is possible... yes
#16 613.0 checking if libtool supports shared libraries... yes
#16 613.0 checking whether to build shared libraries... no
#16 613.0 checking whether to build static libraries... yes
#16 613.0 checking which extension is used for runtime loadable modules... .so
#16 613.0 checking which variable specifies run-time module search path... LD_LIBRARY_PATH
#16 613.0 checking for the default library search path... /lib64 /usr/lib64 /lib /usr/lib /usr/local/lib /usr/local/lib/x86_64-linux-gnu /lib/x86_64-linux-gnu /usr/lib/x86_64-linux-gnu 
#16 613.0 checking for library containing dlopen... -ldl
#16 613.0 checking for dlerror... yes
#16 613.0 checking for shl_load... (cached) no
#16 613.0 checking for shl_load in -ldld... (cached) no
#16 613.0 checking for dld_link in -ldld... no
#16 613.0 checking for _ prefix in compiled symbols... no
#16 613.0 checking whether deplibs are loaded by dlopen... yes
#16 613.0 checking for argz.h... yes
#16 613.0 checking for error_t... yes
#16 613.0 checking for argz_add... yes
#16 613.0 checking for argz_append... yes
#16 613.0 checking for argz_count... yes
#16 613.0 checking for argz_create_sep... yes
#16 613.0 checking for argz_insert... yes
#16 613.0 checking for argz_next... yes
#16 613.0 checking for argz_stringify... yes
#16 613.0 checking if argz actually works... yes
#16 613.0 checking whether libtool supports -dlopen/-dlpreopen... yes
#16 613.0 checking for unistd.h... (cached) yes
#16 613.0 checking for dl.h... no
#16 613.0 checking for sys/dl.h... no
#16 613.0 checking for dld.h... no
#16 613.0 checking for mach-o/dyld.h... no
#16 613.0 checking for dirent.h... yes
#16 613.0 checking for closedir... yes
#16 613.0 checking for opendir... yes
#16 613.0 checking for readdir... yes
#16 613.0 checking for strlcat... no
#16 613.0 checking for strlcpy... no
#16 613.0 checking that generated files are newer than configure... done
#16 613.0 configure: creating ./config.status
#16 613.0 config.status: creating Makefile
#16 613.0 config.status: creating config.h
#16 613.0 config.status: executing depfiles commands
#16 613.0 config.status: executing libtool commands
#16 613.0 
#16 613.0 ----------------------------------------------------------------
#16 613.0 
#16 613.0 graphviz-2.28.0 will be compiled with the following:
#16 613.0 
#16 613.0 options:
#16 613.0   cgraph:        No (disabled by default - experimental)
#16 613.0   digcola:       Yes
#16 613.0   expat:         No (disabled)
#16 613.0   fontconfig:    No (disabled)
#16 613.0   freetype:      No (disabled)
#16 613.0   glut:          No (disabled)
#16 613.0   gts:           No (disabled)
#16 613.0   ipsepcola:     No (disabled by default - C++ portability issues)
#16 613.0   ltdl:          No (disabled)
#16 613.0   ortho:         Yes
#16 613.0   png:           No (disabled)
#16 613.0   jpeg:          No (disabled)
#16 613.0   sfdp:          Yes
#16 613.0   shared:        No (disabled)
#16 613.0   static:        Yes
#16 613.0   qt:            No (qmake not found)
#16 613.0 
#16 613.0 commands:
#16 613.0   dot:           Yes (always enabled)
#16 613.0   neato:         Yes (always enabled)
#16 613.0   fdp:           Yes (always enabled)
#16 613.0   circo:         Yes (always enabled)
#16 613.0   twopi:         Yes (always enabled)
#16 613.0   gvpr:          Yes (always enabled)
#16 613.0   gvmap:         Yes (always enabled)
#16 613.0   lefty:         No (missing Xaw headers)
#16 613.0   smyrna:        No (disabled by default - experimental)
#16 613.0   gvedit:        No (qmake not found)
#16 613.0 
#16 613.0 plugin libraries:
#16 613.0   dot_layout:    Yes (always enabled)
#16 613.0   neato_layout:  Yes (always enabled)
#16 613.0   core:          Yes (always enabled)
#16 613.0   devil:         No (disabled)
#16 613.0   gd:            No (disabled)
#16 613.0   gdiplus:       No (disabled by default - Windows only)
#16 613.0   gdk_pixbuf:    No (gdk_pixbuf library not available)
#16 613.0   ghostscript:   No (disabled)
#16 613.0   glitz:         No (disabled by default - incomplete)
#16 613.0   gtk:           No (gtk library not available)
#16 613.0   lasi:          No (disabled)
#16 613.0   ming:          No (disabled by default - incomplete)
#16 613.0   pangocairo:    No (disabled)
#16 613.0   quartz:        No (disabled by default - Mac only)
#16 613.0   rsvg:          No (disabled)
#16 613.0   visio:         No (disabled by default - experimental)
#16 613.0   xlib:          No (disabled or unavailable)
#16 613.0 
#16 613.0 language extensions:
#16 613.0   gv_sharp:      No (swig not available)
#16 613.0   gv_go:         No (disabled by default - experimental)
#16 613.0   gv_guile:      No (swig not available)
#16 613.0   gv_io:         No (disabled by default - no swig support yet)
#16 613.0   gv_java:       No (swig not available)
#16 613.0   gv_lua:        No (swig not available)
#16 613.0   gv_ocaml:      No (swig not available)
#16 613.0   gv_perl:       No (swig not available)
#16 613.0   gv_php:        No (swig not available)
#16 613.0   gv_python:     No (swig not available)
#16 613.0   gv_python23:   No (disabled by default - for multiversion installs)
#16 613.0   gv_python24:   No (disabled by default - for multiversion installs)
#16 613.0   gv_python25:   No (disabled by default - for multiversion installs)
#16 613.0   gv_python26:   No (disabled by default - for multiversion installs)
#16 613.0   gv_python27:   No (disabled by default - for multiversion installs)
#16 613.0   gv_R:          No (swig not available)
#16 613.0   gv_ruby:       No (swig not available)
#16 613.0   gv_tcl:        No (tcl not available)
#16 613.0 
#16 613.0   tcldot:        No (tcl not available)
#16 613.0   tclpathplan:   No (tcl not available)
#16 613.0   gdtclft:       No (tcl not available)
#16 613.0   tkspline:      No (tk not available)
#16 613.0 make[1]: Entering directory '/tmp/RtmpBvoYlO/R.INSTALL9ef6625423b/Rgraphviz/src/graphviz'
#16 613.0 grep 'PACKAGE\|VERSION\|GVPLUGIN' config.h > graphviz_version.h
#16 613.0 make  install-recursive
#16 613.0 make[2]: Entering directory '/tmp/RtmpBvoYlO/R.INSTALL9ef6625423b/Rgraphviz/src/graphviz'
#16 613.0 Making install in libltdl
#16 613.0 make[3]: Entering directory '/tmp/RtmpBvoYlO/R.INSTALL9ef6625423b/Rgraphviz/src/graphviz/libltdl'
#16 613.0 make  install-am
#16 613.0 make[4]: Entering directory '/tmp/RtmpBvoYlO/R.INSTALL9ef6625423b/Rgraphviz/src/graphviz/libltdl'
#16 613.0 /bin/bash ./libtool  --tag=CC   --mode=compile gcc -std=gnu99 -DHAVE_CONFIG_H -I.  -DLT_CONFIG_H='<config.h>' -DLTDL -I. -I. -Ilibltdl -I./libltdl -I./libltdl   -g -O2 -fdebug-prefix-map=/build/r-base-V28x5H/r-base-3.6.3=. -fstack-protector-strong -Wformat -Werror=format-security -Wdate-time -D_FORTIFY_SOURCE=2 -g -MT dlopen.lo -MD -MP -MF .deps/dlopen.Tpo -c -o dlopen.lo `test -f 'loaders/dlopen.c' || echo './'`loaders/dlopen.c
#16 613.0 libtool: compile:  gcc -std=gnu99 -DHAVE_CONFIG_H -I. "-DLT_CONFIG_H=<config.h>" -DLTDL -I. -I. -Ilibltdl -I./libltdl -I./libltdl -g -O2 -fdebug-prefix-map=/build/r-base-V28x5H/r-base-3.6.3=. -fstack-protector-strong -Wformat -Werror=format-security -Wdate-time -D_FORTIFY_SOURCE=2 -g -MT dlopen.lo -MD -MP -MF .deps/dlopen.Tpo -c loaders/dlopen.c  -fPIC -DPIC -o dlopen.o
#16 613.0 mv -f .deps/dlopen.Tpo .deps/dlopen.Plo
#16 613.0 /bin/bash ./libtool --tag=CC   --mode=link gcc -std=gnu99  -g -O2 -fdebug-prefix-map=/build/r-base-V28x5H/r-base-3.6.3=. -fstack-protector-strong -Wformat -Werror=format-security -Wdate-time -D_FORTIFY_SOURCE=2 -g -module -avoid-version -Wl,-Bsymbolic-functions -Wl,-z,relro -o dlopen.la  dlopen.lo -ldl -ldl 
#16 613.0 libtool: link: ar cru .libs/dlopen.a  dlopen.o
#16 613.0 ar: `u' modifier ignored since `D' is the default (see `U')
#16 613.0 libtool: link: ranlib .libs/dlopen.a
#16 613.0 libtool: link: ( cd ".libs" && rm -f "dlopen.la" && ln -s "../dlopen.la" "dlopen.la" )
#16 613.0 /bin/bash ./libtool  --tag=CC   --mode=compile gcc -std=gnu99 -DHAVE_CONFIG_H -I.  -DLTDLOPEN=libltdlc -DLT_CONFIG_H='<config.h>' -DLTDL -I. -I. -Ilibltdl -I./libltdl -I./libltdl   -g -O2 -fdebug-prefix-map=/build/r-base-V28x5H/r-base-3.6.3=. -fstack-protector-strong -Wformat -Werror=format-security -Wdate-time -D_FORTIFY_SOURCE=2 -g -MT libltdlc_la-preopen.lo -MD -MP -MF .deps/libltdlc_la-preopen.Tpo -c -o libltdlc_la-preopen.lo `test -f 'loaders/preopen.c' || echo './'`loaders/preopen.c
#16 613.0 libtool: compile:  gcc -std=gnu99 -DHAVE_CONFIG_H -I. -DLTDLOPEN=libltdlc "-DLT_CONFIG_H=<config.h>" -DLTDL -I. -I. -Ilibltdl -I./libltdl -I./libltdl -g -O2 -fdebug-prefix-map=/build/r-base-V28x5H/r-base-3.6.3=. -fstack-protector-strong -Wformat -Werror=format-security -Wdate-time -D_FORTIFY_SOURCE=2 -g -MT libltdlc_la-preopen.lo -MD -MP -MF .deps/libltdlc_la-preopen.Tpo -c loaders/preopen.c  -fPIC -DPIC -o libltdlc_la-preopen.o
#16 613.0 mv -f .deps/libltdlc_la-preopen.Tpo .deps/libltdlc_la-preopen.Plo
#16 613.0 /bin/bash ./libtool  --tag=CC   --mode=compile gcc -std=gnu99 -DHAVE_CONFIG_H -I.  -DLTDLOPEN=libltdlc -DLT_CONFIG_H='<config.h>' -DLTDL -I. -I. -Ilibltdl -I./libltdl -I./libltdl   -g -O2 -fdebug-prefix-map=/build/r-base-V28x5H/r-base-3.6.3=. -fstack-protector-strong -Wformat -Werror=format-security -Wdate-time -D_FORTIFY_SOURCE=2 -g -MT libltdlc_la-lt__alloc.lo -MD -MP -MF .deps/libltdlc_la-lt__alloc.Tpo -c -o libltdlc_la-lt__alloc.lo `test -f 'lt__alloc.c' || echo './'`lt__alloc.c
#16 613.0 libtool: compile:  gcc -std=gnu99 -DHAVE_CONFIG_H -I. -DLTDLOPEN=libltdlc "-DLT_CONFIG_H=<config.h>" -DLTDL -I. -I. -Ilibltdl -I./libltdl -I./libltdl -g -O2 -fdebug-prefix-map=/build/r-base-V28x5H/r-base-3.6.3=. -fstack-protector-strong -Wformat -Werror=format-security -Wdate-time -D_FORTIFY_SOURCE=2 -g -MT libltdlc_la-lt__alloc.lo -MD -MP -MF .deps/libltdlc_la-lt__alloc.Tpo -c lt__alloc.c  -fPIC -DPIC -o libltdlc_la-lt__alloc.o
#16 613.0 mv -f .deps/libltdlc_la-lt__alloc.Tpo .deps/libltdlc_la-lt__alloc.Plo
#16 613.0 /bin/bash ./libtool  --tag=CC   --mode=compile gcc -std=gnu99 -DHAVE_CONFIG_H -I.  -DLTDLOPEN=libltdlc -DLT_CONFIG_H='<config.h>' -DLTDL -I. -I. -Ilibltdl -I./libltdl -I./libltdl   -g -O2 -fdebug-prefix-map=/build/r-base-V28x5H/r-base-3.6.3=. -fstack-protector-strong -Wformat -Werror=format-security -Wdate-time -D_FORTIFY_SOURCE=2 -g -MT libltdlc_la-lt_dlloader.lo -MD -MP -MF .deps/libltdlc_la-lt_dlloader.Tpo -c -o libltdlc_la-lt_dlloader.lo `test -f 'lt_dlloader.c' || echo './'`lt_dlloader.c
#16 613.0 libtool: compile:  gcc -std=gnu99 -DHAVE_CONFIG_H -I. -DLTDLOPEN=libltdlc "-DLT_CONFIG_H=<config.h>" -DLTDL -I. -I. -Ilibltdl -I./libltdl -I./libltdl -g -O2 -fdebug-prefix-map=/build/r-base-V28x5H/r-base-3.6.3=. -fstack-protector-strong -Wformat -Werror=format-security -Wdate-time -D_FORTIFY_SOURCE=2 -g -MT libltdlc_la-lt_dlloader.lo -MD -MP -MF .deps/libltdlc_la-lt_dlloader.Tpo -c lt_dlloader.c  -fPIC -DPIC -o libltdlc_la-lt_dlloader.o
#16 613.0 mv -f .deps/libltdlc_la-lt_dlloader.Tpo .deps/libltdlc_la-lt_dlloader.Plo
#16 613.0 /bin/bash ./libtool  --tag=CC   --mode=compile gcc -std=gnu99 -DHAVE_CONFIG_H -I.  -DLTDLOPEN=libltdlc -DLT_CONFIG_H='<config.h>' -DLTDL -I. -I. -Ilibltdl -I./libltdl -I./libltdl   -g -O2 -fdebug-prefix-map=/build/r-base-V28x5H/r-base-3.6.3=. -fstack-protector-strong -Wformat -Werror=format-security -Wdate-time -D_FORTIFY_SOURCE=2 -g -MT libltdlc_la-lt_error.lo -MD -MP -MF .deps/libltdlc_la-lt_error.Tpo -c -o libltdlc_la-lt_error.lo `test -f 'lt_error.c' || echo './'`lt_error.c
#16 613.0 libtool: compile:  gcc -std=gnu99 -DHAVE_CONFIG_H -I. -DLTDLOPEN=libltdlc "-DLT_CONFIG_H=<config.h>" -DLTDL -I. -I. -Ilibltdl -I./libltdl -I./libltdl -g -O2 -fdebug-prefix-map=/build/r-base-V28x5H/r-base-3.6.3=. -fstack-protector-strong -Wformat -Werror=format-security -Wdate-time -D_FORTIFY_SOURCE=2 -g -MT libltdlc_la-lt_error.lo -MD -MP -MF .deps/libltdlc_la-lt_error.Tpo -c lt_error.c  -fPIC -DPIC -o libltdlc_la-lt_error.o
#16 613.0 mv -f .deps/libltdlc_la-lt_error.Tpo .deps/libltdlc_la-lt_error.Plo
#16 613.0 /bin/bash ./libtool  --tag=CC   --mode=compile gcc -std=gnu99 -DHAVE_CONFIG_H -I.  -DLTDLOPEN=libltdlc -DLT_CONFIG_H='<config.h>' -DLTDL -I. -I. -Ilibltdl -I./libltdl -I./libltdl   -g -O2 -fdebug-prefix-map=/build/r-base-V28x5H/r-base-3.6.3=. -fstack-protector-strong -Wformat -Werror=format-security -Wdate-time -D_FORTIFY_SOURCE=2 -g -MT libltdlc_la-ltdl.lo -MD -MP -MF .deps/libltdlc_la-ltdl.Tpo -c -o libltdlc_la-ltdl.lo `test -f 'ltdl.c' || echo './'`ltdl.c
#16 613.0 libtool: compile:  gcc -std=gnu99 -DHAVE_CONFIG_H -I. -DLTDLOPEN=libltdlc "-DLT_CONFIG_H=<config.h>" -DLTDL -I. -I. -Ilibltdl -I./libltdl -I./libltdl -g -O2 -fdebug-prefix-map=/build/r-base-V28x5H/r-base-3.6.3=. -fstack-protector-strong -Wformat -Werror=format-security -Wdate-time -D_FORTIFY_SOURCE=2 -g -MT libltdlc_la-ltdl.lo -MD -MP -MF .deps/libltdlc_la-ltdl.Tpo -c ltdl.c  -fPIC -DPIC -o libltdlc_la-ltdl.o
#16 613.0 mv -f .deps/libltdlc_la-ltdl.Tpo .deps/libltdlc_la-ltdl.Plo
#16 613.0 /bin/bash ./libtool  --tag=CC   --mode=compile gcc -std=gnu99 -DHAVE_CONFIG_H -I.  -DLTDLOPEN=libltdlc -DLT_CONFIG_H='<config.h>' -DLTDL -I. -I. -Ilibltdl -I./libltdl -I./libltdl   -g -O2 -fdebug-prefix-map=/build/r-base-V28x5H/r-base-3.6.3=. -fstack-protector-strong -Wformat -Werror=format-security -Wdate-time -D_FORTIFY_SOURCE=2 -g -MT libltdlc_la-slist.lo -MD -MP -MF .deps/libltdlc_la-slist.Tpo -c -o libltdlc_la-slist.lo `test -f 'slist.c' || echo './'`slist.c
#16 613.0 libtool: compile:  gcc -std=gnu99 -DHAVE_CONFIG_H -I. -DLTDLOPEN=libltdlc "-DLT_CONFIG_H=<config.h>" -DLTDL -I. -I. -Ilibltdl -I./libltdl -I./libltdl -g -O2 -fdebug-prefix-map=/build/r-base-V28x5H/r-base-3.6.3=. -fstack-protector-strong -Wformat -Werror=format-security -Wdate-time -D_FORTIFY_SOURCE=2 -g -MT libltdlc_la-slist.lo -MD -MP -MF .deps/libltdlc_la-slist.Tpo -c slist.c  -fPIC -DPIC -o libltdlc_la-slist.o
#16 613.0 mv -f .deps/libltdlc_la-slist.Tpo .deps/libltdlc_la-slist.Plo
#16 613.0 /bin/bash ./libtool --tag=CC   --mode=link gcc -std=gnu99  -g -O2 -fdebug-prefix-map=/build/r-base-V28x5H/r-base-3.6.3=. -fstack-protector-strong -Wformat -Werror=format-security -Wdate-time -D_FORTIFY_SOURCE=2 -g -no-undefined -dlpreopen dlopen.la  -Wl,-Bsymbolic-functions -Wl,-z,relro -o libltdlc.la  libltdlc_la-preopen.lo libltdlc_la-lt__alloc.lo libltdlc_la-lt_dlloader.lo libltdlc_la-lt_error.lo libltdlc_la-ltdl.lo libltdlc_la-slist.lo lt__strl.lo -ldl 
#16 613.0 libtool: link: rm -f .libs/libltdlc.nm .libs/libltdlc.nmS .libs/libltdlc.nmT
#16 613.0 libtool: link: (cd .libs && gcc -std=gnu99 -g -O2 -fdebug-prefix-map=/build/r-base-V28x5H/r-base-3.6.3=. -fstack-protector-strong -Wformat -Werror=format-security -Wdate-time -D_FORTIFY_SOURCE=2 -g -c -fno-builtin  -fPIC -DPIC "libltdlcS.c")
#16 613.0 libtool: link: rm -f ".libs/libltdlcS.c" ".libs/libltdlc.nm" ".libs/libltdlc.nmS" ".libs/libltdlc.nmT"
#16 613.0 libtool: link: (cd .libs/libltdlc.lax/dlopen.a && ar x "/tmp/RtmpBvoYlO/R.INSTALL9ef6625423b/Rgraphviz/src/graphviz/libltdl/./.libs/dlopen.a")
#16 613.0 libtool: link: ar cru .libs/libltdlc.a  libltdlc_la-preopen.o libltdlc_la-lt__alloc.o libltdlc_la-lt_dlloader.o libltdlc_la-lt_error.o libltdlc_la-ltdl.o libltdlc_la-slist.o lt__strl.o .libs/libltdlcS.o  .libs/libltdlc.lax/dlopen.a/dlopen.o 
#16 613.0 ar: `u' modifier ignored since `D' is the default (see `U')
#16 613.0 libtool: link: ranlib .libs/libltdlc.a
#16 613.0 libtool: link: rm -fr .libs/libltdlc.lax
#16 613.0 libtool: link: ( cd ".libs" && rm -f "libltdlc.la" && ln -s "../libltdlc.la" "libltdlc.la" )
#16 613.0 make[5]: Entering directory '/tmp/RtmpBvoYlO/R.INSTALL9ef6625423b/Rgraphviz/src/graphviz/libltdl'
#16 613.0 make[5]: Leaving directory '/tmp/RtmpBvoYlO/R.INSTALL9ef6625423b/Rgraphviz/src/graphviz/libltdl'
#16 613.0 make[4]: Leaving directory '/tmp/RtmpBvoYlO/R.INSTALL9ef6625423b/Rgraphviz/src/graphviz/libltdl'
#16 613.0 make[3]: Leaving directory '/tmp/RtmpBvoYlO/R.INSTALL9ef6625423b/Rgraphviz/src/graphviz/libltdl'
#16 613.0 Making install in lib
#16 613.0 make[3]: Entering directory '/tmp/RtmpBvoYlO/R.INSTALL9ef6625423b/Rgraphviz/src/graphviz/lib'
#16 613.0 Making install in cdt
#16 613.0 make[4]: Entering directory '/tmp/RtmpBvoYlO/R.INSTALL9ef6625423b/Rgraphviz/src/graphviz/lib/cdt'
#16 613.0   CC       dtclose.lo
#16 613.0   CC       dtdisc.lo
#16 613.0 dtdisc.c:13:16: warning: function declaration isn't a prototype [-Wstrict-prototypes]
#16 613.0  static Void_t* dtmemory(dt, addr, size, disc)
#16 613.0                 ^~~~~~~~
#16 613.0   CC       dtextract.lo
#16 613.0   CC       dtflatten.lo
#16 613.0   CC       dthash.lo
#16 613.0 dthash.c:15:13: warning: function declaration isn't a prototype [-Wstrict-prototypes]
#16 613.0  static void dthtab(dt)
#16 613.0              ^~~~~~
#16 613.0 dthash.c:81:16: warning: function declaration isn't a prototype [-Wstrict-prototypes]
#16 613.0  static Void_t* dthash(dt,obj,type)
#16 613.0                 ^~~~~~
#16 613.0 dthash.c: In function 'dthash':
#16 613.0 dthash.c:306:6: warning: 'r' may be used uninitialized in this function [-Wmaybe-uninitialized]
#16 613.0      (*dt->memoryf)(dt,(Void_t*)r,0,disc);
#16 613.0      ~^~~~~~~~~~~~~~~~~~~~~~~~~~~~~~~~~~~
#16 613.0   CC       dtlist.lo
#16 613.0 dtlist.c:11:16: warning: function declaration isn't a prototype [-Wstrict-prototypes]
#16 613.0  static Void_t* dtlist(dt, obj, type)
#16 613.0                 ^~~~~~
#16 613.0   CC       dtmethod.lo
#16 613.0   CC       dtopen.lo
#16 613.0   CC       dtrenew.lo
#16 613.0   CC       dtrestore.lo
#16 613.0   CC       dtsize.lo
#16 613.0 dtsize.c:11:12: warning: function declaration isn't a prototype [-Wstrict-prototypes]
#16 613.0  static int treecount(e)
#16 613.0             ^~~~~~~~~
#16 613.0   CC       dtstat.lo
#16 613.0 dtstat.c:11:13: warning: function declaration isn't a prototype [-Wstrict-prototypes]
#16 613.0  static void dttstat(ds,root,depth,level)
#16 613.0              ^~~~~~~
#16 613.0 dtstat.c:31:13: warning: function declaration isn't a prototype [-Wstrict-prototypes]
#16 613.0  static void dthstat(data, ds, count)
#16 613.0              ^~~~~~~
#16 613.0   CC       dtstrhash.lo
#16 613.0   CC       dttree.lo
#16 613.0 dttree.c:14:16: warning: function declaration isn't a prototype [-Wstrict-prototypes]
#16 613.0  static Void_t* dttree(dt,obj,type)
#16 613.0                 ^~~~~~
#16 613.0 dttree.c: In function 'dttree':
#16 613.0 dttree.c:218:16: warning: 'me' may be used uninitialized in this function [-Wmaybe-uninitialized]
#16 613.0     root->right = link.left;
#16 613.0   CC       dttreeset.lo
#16 613.0 dttreeset.c:11:18: warning: function declaration isn't a prototype [-Wstrict-prototypes]
#16 613.0  static Dtlink_t* treebalance(list, size)
#16 613.0                   ^~~~~~~~~~~
#16 613.0   CC       dtview.lo
#16 613.0 dtview.c:12:16: warning: function declaration isn't a prototype [-Wstrict-prototypes]
#16 613.0  static Void_t* dtvsearch(dt,obj,type)
#16 613.0                 ^~~~~~~~~
#16 613.0 dtview.c: In function 'dtvsearch':
#16 613.0 dtview.c:20:12: warning: variable 'lk' set but not used [-Wunused-but-set-variable]
#16 613.0   int  cmp, lk, sz, ky;
#16 613.0             ^~
#16 613.0   CC       dtwalk.lo
#16 613.0 dtwalk.c: In function 'dtwalk':
#16 613.0 dtwalk.c:14:1: warning: function declaration isn't a prototype [-Wstrict-prototypes]
#16 613.0  int(*  userf)();
#16 613.0  ^~~
#16 613.0   CCLD     libcdt.la
#16 613.0 ar: `u' modifier ignored since `D' is the default (see `U')
#16 613.0   CCLD     libcdt_C.la
#16 613.0 ar: `u' modifier ignored since `D' is the default (see `U')
#16 613.0 make[5]: Entering directory '/tmp/RtmpBvoYlO/R.INSTALL9ef6625423b/Rgraphviz/src/graphviz/lib/cdt'
#16 613.0  /bin/mkdir -p '/tmp/RtmpBvoYlO/R.INSTALL9ef6625423b/Rgraphviz/src/libunix/lib'
#16 613.0  /bin/bash ../../libtool   --mode=install /usr/bin/install -c   libcdt.la '/tmp/RtmpBvoYlO/R.INSTALL9ef6625423b/Rgraphviz/src/libunix/lib'
#16 613.0 libtool: install: /usr/bin/install -c .libs/libcdt.lai /tmp/RtmpBvoYlO/R.INSTALL9ef6625423b/Rgraphviz/src/libunix/lib/libcdt.la
#16 613.0 libtool: install: /usr/bin/install -c .libs/libcdt.a /tmp/RtmpBvoYlO/R.INSTALL9ef6625423b/Rgraphviz/src/libunix/lib/libcdt.a
#16 613.0 libtool: install: chmod 644 /tmp/RtmpBvoYlO/R.INSTALL9ef6625423b/Rgraphviz/src/libunix/lib/libcdt.a
#16 613.0 libtool: install: ranlib /tmp/RtmpBvoYlO/R.INSTALL9ef6625423b/Rgraphviz/src/libunix/lib/libcdt.a
#16 613.0 libtool: finish: PATH="/usr/local/sbin:/usr/local/bin:/usr/sbin:/usr/bin:/sbin:/bin:/sbin" ldconfig -n /tmp/RtmpBvoYlO/R.INSTALL9ef6625423b/Rgraphviz/src/libunix/lib
#16 613.0 ----------------------------------------------------------------------
#16 613.0 Libraries have been installed in:
#16 613.0    /tmp/RtmpBvoYlO/R.INSTALL9ef6625423b/Rgraphviz/src/libunix/lib
#16 613.0 
#16 613.0 If you ever happen to want to link against installed libraries
#16 613.0 in a given directory, LIBDIR, you must either use libtool, and
#16 613.0 specify the full pathname of the library, or use the `-LLIBDIR'
#16 613.0 flag during linking and do at least one of the following:
#16 613.0    - add LIBDIR to the `LD_LIBRARY_PATH' environment variable
#16 613.0      during execution
#16 613.0    - add LIBDIR to the `LD_RUN_PATH' environment variable
#16 613.0      during linking
#16 613.0    - use the `-Wl,-rpath -Wl,LIBDIR' linker flag
#16 613.0    - have your system administrator add LIBDIR to `/etc/ld.so.conf'
#16 613.0 
#16 613.0 See any operating system documentation about shared libraries for
#16 613.0 more information, such as the ld(1) and ld.so(8) manual pages.
#16 613.0 ----------------------------------------------------------------------
#16 613.0  /bin/mkdir -p '/tmp/RtmpBvoYlO/R.INSTALL9ef6625423b/Rgraphviz/src/libunix/share/man/man3'
#16 613.0  /usr/bin/install -c -m 644 cdt.3 '/tmp/RtmpBvoYlO/R.INSTALL9ef6625423b/Rgraphviz/src/libunix/share/man/man3'
#16 613.0  /bin/mkdir -p '/tmp/RtmpBvoYlO/R.INSTALL9ef6625423b/Rgraphviz/src/libunix/share/graphviz/doc/pdf'
#16 613.0  /usr/bin/install -c -m 644 cdt.3.pdf '/tmp/RtmpBvoYlO/R.INSTALL9ef6625423b/Rgraphviz/src/libunix/share/graphviz/doc/pdf'
#16 613.0  /bin/mkdir -p '/tmp/RtmpBvoYlO/R.INSTALL9ef6625423b/Rgraphviz/src/libunix/lib/pkgconfig'
#16 613.0  /usr/bin/install -c -m 644 libcdt.pc '/tmp/RtmpBvoYlO/R.INSTALL9ef6625423b/Rgraphviz/src/libunix/lib/pkgconfig'
#16 613.0  /bin/mkdir -p '/tmp/RtmpBvoYlO/R.INSTALL9ef6625423b/Rgraphviz/src/libunix/include/graphviz'
#16 613.0  /usr/bin/install -c -m 644 cdt.h '/tmp/RtmpBvoYlO/R.INSTALL9ef6625423b/Rgraphviz/src/libunix/include/graphviz'
#16 613.0 make[5]: Leaving directory '/tmp/RtmpBvoYlO/R.INSTALL9ef6625423b/Rgraphviz/src/graphviz/lib/cdt'
#16 613.0 make[4]: Leaving directory '/tmp/RtmpBvoYlO/R.INSTALL9ef6625423b/Rgraphviz/src/graphviz/lib/cdt'
#16 613.0 Making install in graph
#16 613.0 make[4]: Entering directory '/tmp/RtmpBvoYlO/R.INSTALL9ef6625423b/Rgraphviz/src/graphviz/lib/graph'
#16 613.0   CC       attribs.lo
#16 613.0   CC       agxbuf.lo
#16 613.0   CC       edge.lo
#16 613.0   CC       graph.lo
#16 613.0 graph.c: In function 'agclose':
#16 613.0 graph.c:374:5: warning: this 'if' clause does not guard... [-Wmisleading-indentation]
#16 613.0      if (g->attr)
#16 613.0      ^~
#16 613.0 graph.c:376:2: note: ...this statement, but the latter is misleadingly indented as if it were guarded by the 'if'
#16 613.0   if (g->didset)
#16 613.0   ^~
#16 613.0   CC       graphio.lo
#16 613.0   CC       lexer.lo
#16 613.0 lexer.c: In function 'scan_token':
#16 613.0 lexer.c:141:11: warning: comparison between pointer and zero character constant [-Wpointer-compare]
#16 613.0      if (p == '\0')
#16 613.0            ^~
#16 613.0 lexer.c:141:9: note: did you mean to dereference the pointer?
#16 613.0      if (p == '\0')
#16 613.0          ^
#16 613.0 lexer.c:147:12: warning: pointer targets in return differ in signedness [-Wpointer-sign]
#16 613.0      return p;
#16 613.0             ^
#16 613.0 lexer.c: In function 'html_pair':
#16 613.0 lexer.c:322:9: warning: variable 'rc' set but not used [-Wunused-but-set-variable]
#16 613.0      int rc, depth = 1;
#16 613.0          ^~
#16 613.0 In file included from lexer.c:20:0:
#16 613.0 lexer.c: In function 'aglex':
#16 613.0 agxbuf.h:68:11: warning: right-hand operand of comma expression has no effect [-Wunused-value]
#16 613.0            (int)(*(X)->ptr++ = ((unsigned char)C)))
#16 613.0            ^~~~~~~~~~~~~~~~~~~~~~~~~~~~~~~~~~~~~~~
#16 613.0 agxbuf.h:74:21: note: in expansion of macro 'agxbputc'
#16 613.0  #define agxbuse(X) (agxbputc(X,'\0'),(char*)((X)->ptr = (X)->buf))
#16 613.0                      ^~~~~~~~
#16 613.0 lexer.c:413:29: note: in expansion of macro 'agxbuse'
#16 613.0   aglval.str = agstrdup_html(agxbuse(&xb));
#16 613.0                              ^~~~~~~
#16 613.0 lexer.c:435:26: warning: pointer targets in passing argument 1 of 'scan_token' differ in signedness [-Wpointer-sign]
#16 613.0       LexPtr = scan_token(LexPtr, tbuf);
#16 613.0                           ^~~~~~
#16 613.0 lexer.c:136:14: note: expected 'unsigned char *' but argument is of type 'char *'
#16 613.0  static char *scan_token(unsigned char *p, unsigned char *token)
#16 613.0               ^~~~~~~~~~
#16 613.0 lexer.c:435:34: warning: pointer targets in passing argument 2 of 'scan_token' differ in signedness [-Wpointer-sign]
#16 613.0       LexPtr = scan_token(LexPtr, tbuf);
#16 613.0                                   ^~~~
#16 613.0 lexer.c:136:14: note: expected 'unsigned char *' but argument is of type 'char *'
#16 613.0  static char *scan_token(unsigned char *p, unsigned char *token)
#16 613.0               ^~~~~~~~~~
#16 613.0 lexer.c: In function 'aglasterr':
#16 613.0 lexer.c:527:5: warning: ignoring return value of 'fread', declared with attribute warn_unused_result [-Wunused-result]
#16 613.0      fread(buf, sizeof(char), len, agerrout);
#16 613.0      ^~~~~~~~~~~~~~~~~~~~~~~~~~~~~~~~~~~~~~~
#16 613.0   CC       node.lo
#16 613.0   CC       parser.lo
#16 613.0   CC       refstr.lo
#16 613.0   CC       trie.lo
#16 613.0   CCLD     libgraph.la
#16 613.0 ar: `u' modifier ignored since `D' is the default (see `U')
#16 613.0   CCLD     libgraph_C.la
#16 613.0 ar: `u' modifier ignored since `D' is the default (see `U')
#16 613.0 make[5]: Entering directory '/tmp/RtmpBvoYlO/R.INSTALL9ef6625423b/Rgraphviz/src/graphviz/lib/graph'
#16 613.0  /bin/mkdir -p '/tmp/RtmpBvoYlO/R.INSTALL9ef6625423b/Rgraphviz/src/libunix/lib'
#16 613.0  /bin/bash ../../libtool   --mode=install /usr/bin/install -c   libgraph.la '/tmp/RtmpBvoYlO/R.INSTALL9ef6625423b/Rgraphviz/src/libunix/lib'
#16 613.0 libtool: install: /usr/bin/install -c .libs/libgraph.lai /tmp/RtmpBvoYlO/R.INSTALL9ef6625423b/Rgraphviz/src/libunix/lib/libgraph.la
#16 613.0 libtool: install: /usr/bin/install -c .libs/libgraph.a /tmp/RtmpBvoYlO/R.INSTALL9ef6625423b/Rgraphviz/src/libunix/lib/libgraph.a
#16 613.0 libtool: install: chmod 644 /tmp/RtmpBvoYlO/R.INSTALL9ef6625423b/Rgraphviz/src/libunix/lib/libgraph.a
#16 613.0 libtool: install: ranlib /tmp/RtmpBvoYlO/R.INSTALL9ef6625423b/Rgraphviz/src/libunix/lib/libgraph.a
#16 613.0 libtool: finish: PATH="/usr/local/sbin:/usr/local/bin:/usr/sbin:/usr/bin:/sbin:/bin:/sbin" ldconfig -n /tmp/RtmpBvoYlO/R.INSTALL9ef6625423b/Rgraphviz/src/libunix/lib
#16 613.0 ----------------------------------------------------------------------
#16 613.0 Libraries have been installed in:
#16 613.0    /tmp/RtmpBvoYlO/R.INSTALL9ef6625423b/Rgraphviz/src/libunix/lib
#16 613.0 
#16 613.0 If you ever happen to want to link against installed libraries
#16 613.0 in a given directory, LIBDIR, you must either use libtool, and
#16 613.0 specify the full pathname of the library, or use the `-LLIBDIR'
#16 613.0 flag during linking and do at least one of the following:
#16 613.0    - add LIBDIR to the `LD_LIBRARY_PATH' environment variable
#16 613.0      during execution
#16 613.0    - add LIBDIR to the `LD_RUN_PATH' environment variable
#16 613.0      during linking
#16 613.0    - use the `-Wl,-rpath -Wl,LIBDIR' linker flag
#16 613.0    - have your system administrator add LIBDIR to `/etc/ld.so.conf'
#16 613.0 
#16 613.0 See any operating system documentation about shared libraries for
#16 613.0 more information, such as the ld(1) and ld.so(8) manual pages.
#16 613.0 ----------------------------------------------------------------------
#16 613.0  /bin/mkdir -p '/tmp/RtmpBvoYlO/R.INSTALL9ef6625423b/Rgraphviz/src/libunix/share/man/man3'
#16 613.0  /usr/bin/install -c -m 644 graph.3 '/tmp/RtmpBvoYlO/R.INSTALL9ef6625423b/Rgraphviz/src/libunix/share/man/man3'
#16 613.0  /bin/mkdir -p '/tmp/RtmpBvoYlO/R.INSTALL9ef6625423b/Rgraphviz/src/libunix/share/graphviz/doc/pdf'
#16 613.0  /usr/bin/install -c -m 644 graph.3.pdf '/tmp/RtmpBvoYlO/R.INSTALL9ef6625423b/Rgraphviz/src/libunix/share/graphviz/doc/pdf'
#16 613.0  /bin/mkdir -p '/tmp/RtmpBvoYlO/R.INSTALL9ef6625423b/Rgraphviz/src/libunix/lib/pkgconfig'
#16 613.0  /usr/bin/install -c -m 644 libgraph.pc '/tmp/RtmpBvoYlO/R.INSTALL9ef6625423b/Rgraphviz/src/libunix/lib/pkgconfig'
#16 613.0  /bin/mkdir -p '/tmp/RtmpBvoYlO/R.INSTALL9ef6625423b/Rgraphviz/src/libunix/include/graphviz'
#16 613.0  /usr/bin/install -c -m 644 graph.h '/tmp/RtmpBvoYlO/R.INSTALL9ef6625423b/Rgraphviz/src/libunix/include/graphviz'
#16 613.0 make[5]: Leaving directory '/tmp/RtmpBvoYlO/R.INSTALL9ef6625423b/Rgraphviz/src/graphviz/lib/graph'
#16 613.0 make[4]: Leaving directory '/tmp/RtmpBvoYlO/R.INSTALL9ef6625423b/Rgraphviz/src/graphviz/lib/graph'
#16 613.0 Making install in pathplan
#16 613.0 make[4]: Entering directory '/tmp/RtmpBvoYlO/R.INSTALL9ef6625423b/Rgraphviz/src/graphviz/lib/pathplan'
#16 613.0   CC       cvt.lo
#16 613.0 cvt.c:276:13: warning: 'append_bezier' defined but not used [-Wunused-function]
#16 613.0  static void append_bezier(Ppoint_t * bezier)
#16 613.0              ^~~~~~~~~~~~~
#16 613.0   CC       inpoly.lo
#16 613.0   CC       route.lo
#16 613.0   CC       shortest.lo
#16 613.0 shortest.c: In function 'loadtriangle':
#16 613.0 shortest.c:539:8: warning: assuming signed overflow does not occur when assuming that (X + c) < X is always false [-Wstrict-overflow]
#16 613.0      if (newtrin <= trin)
#16 613.0         ^
#16 613.0   CC       shortestpth.lo
#16 613.0   CC       solvers.lo
#16 613.0   CC       triang.lo
#16 613.0   CC       util.lo
#16 613.0   CC       visibility.lo
#16 613.0   CCLD     libpathplan.la
#16 613.0 ar: `u' modifier ignored since `D' is the default (see `U')
#16 613.0   CCLD     libpathplan_C.la
#16 613.0 ar: `u' modifier ignored since `D' is the default (see `U')
#16 613.0 make[5]: Entering directory '/tmp/RtmpBvoYlO/R.INSTALL9ef6625423b/Rgraphviz/src/graphviz/lib/pathplan'
#16 613.0  /bin/mkdir -p '/tmp/RtmpBvoYlO/R.INSTALL9ef6625423b/Rgraphviz/src/libunix/lib'
#16 613.0  /bin/bash ../../libtool   --mode=install /usr/bin/install -c   libpathplan.la '/tmp/RtmpBvoYlO/R.INSTALL9ef6625423b/Rgraphviz/src/libunix/lib'
#16 613.0 libtool: install: /usr/bin/install -c .libs/libpathplan.lai /tmp/RtmpBvoYlO/R.INSTALL9ef6625423b/Rgraphviz/src/libunix/lib/libpathplan.la
#16 613.0 libtool: install: /usr/bin/install -c .libs/libpathplan.a /tmp/RtmpBvoYlO/R.INSTALL9ef6625423b/Rgraphviz/src/libunix/lib/libpathplan.a
#16 613.0 libtool: install: chmod 644 /tmp/RtmpBvoYlO/R.INSTALL9ef6625423b/Rgraphviz/src/libunix/lib/libpathplan.a
#16 613.0 libtool: install: ranlib /tmp/RtmpBvoYlO/R.INSTALL9ef6625423b/Rgraphviz/src/libunix/lib/libpathplan.a
#16 613.0 libtool: finish: PATH="/usr/local/sbin:/usr/local/bin:/usr/sbin:/usr/bin:/sbin:/bin:/sbin" ldconfig -n /tmp/RtmpBvoYlO/R.INSTALL9ef6625423b/Rgraphviz/src/libunix/lib
#16 613.0 ----------------------------------------------------------------------
#16 613.0 Libraries have been installed in:
#16 613.0    /tmp/RtmpBvoYlO/R.INSTALL9ef6625423b/Rgraphviz/src/libunix/lib
#16 613.0 
#16 613.0 If you ever happen to want to link against installed libraries
#16 613.0 in a given directory, LIBDIR, you must either use libtool, and
#16 613.0 specify the full pathname of the library, or use the `-LLIBDIR'
#16 613.0 flag during linking and do at least one of the following:
#16 613.0    - add LIBDIR to the `LD_LIBRARY_PATH' environment variable
#16 613.0      during execution
#16 613.0    - add LIBDIR to the `LD_RUN_PATH' environment variable
#16 613.0      during linking
#16 613.0    - use the `-Wl,-rpath -Wl,LIBDIR' linker flag
#16 613.0    - have your system administrator add LIBDIR to `/etc/ld.so.conf'
#16 613.0 
#16 613.0 See any operating system documentation about shared libraries for
#16 613.0 more information, such as the ld(1) and ld.so(8) manual pages.
#16 613.0 ----------------------------------------------------------------------
#16 613.0  /bin/mkdir -p '/tmp/RtmpBvoYlO/R.INSTALL9ef6625423b/Rgraphviz/src/libunix/share/man/man3'
#16 613.0  /usr/bin/install -c -m 644 pathplan.3 '/tmp/RtmpBvoYlO/R.INSTALL9ef6625423b/Rgraphviz/src/libunix/share/man/man3'
#16 613.0  /bin/mkdir -p '/tmp/RtmpBvoYlO/R.INSTALL9ef6625423b/Rgraphviz/src/libunix/share/graphviz/doc/pdf'
#16 613.0  /usr/bin/install -c -m 644 pathplan.3.pdf '/tmp/RtmpBvoYlO/R.INSTALL9ef6625423b/Rgraphviz/src/libunix/share/graphviz/doc/pdf'
#16 613.0  /bin/mkdir -p '/tmp/RtmpBvoYlO/R.INSTALL9ef6625423b/Rgraphviz/src/libunix/lib/pkgconfig'
#16 613.0  /usr/bin/install -c -m 644 libpathplan.pc '/tmp/RtmpBvoYlO/R.INSTALL9ef6625423b/Rgraphviz/src/libunix/lib/pkgconfig'
#16 613.0  /bin/mkdir -p '/tmp/RtmpBvoYlO/R.INSTALL9ef6625423b/Rgraphviz/src/libunix/include/graphviz'
#16 613.0  /usr/bin/install -c -m 644 pathgeom.h pathplan.h '/tmp/RtmpBvoYlO/R.INSTALL9ef6625423b/Rgraphviz/src/libunix/include/graphviz'
#16 613.0 make[5]: Leaving directory '/tmp/RtmpBvoYlO/R.INSTALL9ef6625423b/Rgraphviz/src/graphviz/lib/pathplan'
#16 613.0 make[4]: Leaving directory '/tmp/RtmpBvoYlO/R.INSTALL9ef6625423b/Rgraphviz/src/graphviz/lib/pathplan'
#16 613.0 Making install in vpsc
#16 613.0 make[4]: Entering directory '/tmp/RtmpBvoYlO/R.INSTALL9ef6625423b/Rgraphviz/src/graphviz/lib/vpsc'
#16 613.0 make[5]: Entering directory '/tmp/RtmpBvoYlO/R.INSTALL9ef6625423b/Rgraphviz/src/graphviz/lib/vpsc'
#16 613.0 make[5]: Nothing to be done for 'install-exec-am'.
#16 613.0 make[5]: Nothing to be done for 'install-data-am'.
#16 613.0 make[5]: Leaving directory '/tmp/RtmpBvoYlO/R.INSTALL9ef6625423b/Rgraphviz/src/graphviz/lib/vpsc'
#16 613.0 make[4]: Leaving directory '/tmp/RtmpBvoYlO/R.INSTALL9ef6625423b/Rgraphviz/src/graphviz/lib/vpsc'
#16 613.0 Making install in rbtree
#16 613.0 make[4]: Entering directory '/tmp/RtmpBvoYlO/R.INSTALL9ef6625423b/Rgraphviz/src/graphviz/lib/rbtree'
#16 613.0   CC       misc.lo
#16 613.0   CC       red_black_tree.lo
#16 613.0   CC       stack.lo
#16 613.0   CCLD     librbtree_C.la
#16 613.0 ar: `u' modifier ignored since `D' is the default (see `U')
#16 613.0 make[5]: Entering directory '/tmp/RtmpBvoYlO/R.INSTALL9ef6625423b/Rgraphviz/src/graphviz/lib/rbtree'
#16 613.0 make[5]: Nothing to be done for 'install-exec-am'.
#16 613.0 make[5]: Nothing to be done for 'install-data-am'.
#16 613.0 make[5]: Leaving directory '/tmp/RtmpBvoYlO/R.INSTALL9ef6625423b/Rgraphviz/src/graphviz/lib/rbtree'
#16 613.0 make[4]: Leaving directory '/tmp/RtmpBvoYlO/R.INSTALL9ef6625423b/Rgraphviz/src/graphviz/lib/rbtree'
#16 613.0 Making install in ortho
#16 613.0 make[4]: Entering directory '/tmp/RtmpBvoYlO/R.INSTALL9ef6625423b/Rgraphviz/src/graphviz/lib/ortho'
#16 613.0   CC       fPQ.lo
#16 613.0   CC       intset.lo
#16 613.0   CC       maze.lo
#16 613.0 maze.c: In function 'mkMazeGraph':
#16 613.0 maze.c:325:20: warning: variable 'ncnt' set but not used [-Wunused-but-set-variable]
#16 613.0      int nsides, i, ncnt, maxdeg;
#16 613.0                     ^~~~
#16 613.0   CC       ortho.lo
#16 613.0 ortho.c: In function 'addLoop':
#16 613.0 ortho.c:461:9: warning: variable 'wt' set but not used [-Wunused-but-set-variable]
#16 613.0   double wt;
#16 613.0          ^~
#16 613.0 ortho.c: In function 'addNodeEdges':
#16 613.0 ortho.c:497:9: warning: variable 'wt' set but not used [-Wunused-but-set-variable]
#16 613.0   double wt;
#16 613.0          ^~
#16 613.0 ortho.c: In function 'orthoEdges':
#16 613.0 ortho.c:192:11: warning: 'prevbp.x' may be used uninitialized in this function [-Wmaybe-uninitialized]
#16 613.0    else if (prevbp.x > bp1.x) l1 = B_RIGHT;
#16 613.0            ^
#16 613.0 ortho.c:152:22: note: 'prevbp.x' was declared here
#16 613.0      pointf bp1, bp2, prevbp;  /* bend points */
#16 613.0                       ^~~~~~
#16 613.0 ortho.c:179:11: warning: 'prevbp.y' may be used uninitialized in this function [-Wmaybe-uninitialized]
#16 613.0    else if (prevbp.y > bp1.y) l1 = B_UP;
#16 613.0            ^
#16 613.0 ortho.c:152:22: note: 'prevbp.y' was declared here
#16 613.0      pointf bp1, bp2, prevbp;  /* bend points */
#16 613.0                       ^~~~~~
#16 613.0 ortho.c:1356:2: warning: 'ps' may be used uninitialized in this function [-Wmaybe-uninitialized]
#16 613.0   freePS (ps);
#16 613.0   ^~~~~~~~~~~
#16 613.0   CC       partition.lo
#16 613.0 partition.c: In function 'traverse_polygon':
#16 613.0 partition.c:328:7: warning: variable 'do_switch' set but not used [-Wunused-but-set-variable]
#16 613.0    int do_switch = FALSE;
#16 613.0        ^~~~~~~~~
#16 613.0 partition.c:327:7: warning: variable 'retval' set but not used [-Wunused-but-set-variable]
#16 613.0    int retval;
#16 613.0        ^~~~~~
#16 613.0 partition.c: In function 'partition':
#16 613.0 partition.c:731:9: warning: variable 'nt' set but not used [-Wunused-but-set-variable]
#16 613.0      int nt;
#16 613.0          ^~
#16 613.0 partition.c: In function 'make_new_monotone_poly':
#16 613.0 partition.c:274:5: warning: 'tq' may be used uninitialized in this function [-Wmaybe-uninitialized]
#16 613.0    q = vp1->vpos[iq];
#16 613.0    ~~^~~~~~~~~~~~~~~
#16 613.0 partition.c:212:7: warning: 'tp' may be used uninitialized in this function [-Wmaybe-uninitialized]
#16 613.0    int tp, tq;
#16 613.0        ^~
#16 613.0 partition.c: In function 'monotonate_trapezoids':
#16 613.0 partition.c:665:10: warning: 'size' may be used uninitialized in this function [-Wmaybe-uninitialized]
#16 613.0    return size;
#16 613.0           ^~~~
#16 613.0   CC       rawgraph.lo
#16 613.0   CC       sgraph.lo
#16 613.0   CC       trapezoid.lo
#16 613.0 trapezoid.c:22:0: warning: "__USE_ISOC99" redefined
#16 613.0  #define __USE_ISOC99
#16 613.0  
#16 613.0 In file included from /usr/include/x86_64-linux-gnu/bits/libc-header-start.h:33:0,
#16 613.0                  from /usr/include/string.h:26,
#16 613.0                  from trapezoid.c:19:
#16 613.0 /usr/include/features.h:320:0: note: this is the location of the previous definition
#16 613.0  # define __USE_ISOC99  1
#16 613.0  
#16 613.0 trapezoid.c:66:12: warning: function declaration isn't a prototype [-Wstrict-prototypes]
#16 613.0  static int newnode()
#16 613.0             ^~~~~~~
#16 613.0 trapezoid.c: In function 'add_segment':
#16 613.0 trapezoid.c:437:7: warning: variable 'tritop' set but not used [-Wunused-but-set-variable]
#16 613.0    int tritop = 0, tribot = 0, is_swapped;
#16 613.0        ^~~~~~
#16 613.0 trapezoid.c:996:3: warning: 'tlastr' may be used uninitialized in this function [-Wmaybe-uninitialized]
#16 613.0    merge_trapezoids(segnum, tfirstr, tlastr, S_RIGHT, tr, qs);
#16 613.0    ^~~~~~~~~~~~~~~~~~~~~~~~~~~~~~~~~~~~~~~~~~~~~~~~~~~~~~~~~~
#16 613.0 trapezoid.c:996:3: warning: 'tfirstr' may be used uninitialized in this function [-Wmaybe-uninitialized]
#16 613.0   CCLD     libortho_C.la
#16 613.0 ar: `u' modifier ignored since `D' is the default (see `U')
#16 613.0 make[5]: Entering directory '/tmp/RtmpBvoYlO/R.INSTALL9ef6625423b/Rgraphviz/src/graphviz/lib/ortho'
#16 613.0 make[5]: Nothing to be done for 'install-exec-am'.
#16 613.0 make[5]: Nothing to be done for 'install-data-am'.
#16 613.0 make[5]: Leaving directory '/tmp/RtmpBvoYlO/R.INSTALL9ef6625423b/Rgraphviz/src/graphviz/lib/ortho'
#16 613.0 make[4]: Leaving directory '/tmp/RtmpBvoYlO/R.INSTALL9ef6625423b/Rgraphviz/src/graphviz/lib/ortho'
#16 613.0 Making install in sparse
#16 613.0 make[4]: Entering directory '/tmp/RtmpBvoYlO/R.INSTALL9ef6625423b/Rgraphviz/src/graphviz/lib/sparse'
#16 613.0   CC       SparseMatrix.lo
#16 613.0 SparseMatrix.c: In function 'SparseMatrix_import_binary':
#16 613.0 SparseMatrix.c:629:48: warning: variable 'iread' set but not used [-Wunused-but-set-variable]
#16 613.0    int m, n, nz, nzmax, type, format, property, iread;
#16 613.0                                                 ^~~~~
#16 613.0   CC       general.lo
#16 613.0   CC       BinaryHeap.lo
#16 613.0 In file included from general.h:21:0,
#16 613.0                  from BinaryHeap.h:17,
#16 613.0                  from BinaryHeap.c:14:
#16 613.0 BinaryHeap.c: In function 'BinaryHeap_sanity_check':
#16 613.0 BinaryHeap.c:269:74: warning: suggest parentheses around assignment used as truth value [-Wparentheses]
#16 613.0    for (i = 0; i < h->len + IntStack_get_length(h->id_stack); i++) assert(mask[i] =- 1);
#16 613.0                                                                           ^
#16 613.0   CC       IntStack.lo
#16 613.0   CCLD     libsparse_C.la
#16 613.0 ar: `u' modifier ignored since `D' is the default (see `U')
#16 613.0 make[5]: Entering directory '/tmp/RtmpBvoYlO/R.INSTALL9ef6625423b/Rgraphviz/src/graphviz/lib/sparse'
#16 613.0 make[5]: Nothing to be done for 'install-exec-am'.
#16 613.0 make[5]: Nothing to be done for 'install-data-am'.
#16 613.0 make[5]: Leaving directory '/tmp/RtmpBvoYlO/R.INSTALL9ef6625423b/Rgraphviz/src/graphviz/lib/sparse'
#16 613.0 make[4]: Leaving directory '/tmp/RtmpBvoYlO/R.INSTALL9ef6625423b/Rgraphviz/src/graphviz/lib/sparse'
#16 613.0 Making install in patchwork
#16 613.0 make[4]: Entering directory '/tmp/RtmpBvoYlO/R.INSTALL9ef6625423b/Rgraphviz/src/graphviz/lib/patchwork'
#16 613.0   CC       patchwork.lo
#16 613.0   CC       patchworkinit.lo
#16 613.0   CC       tree_map.lo
#16 613.0   CCLD     libpatchwork_C.la
#16 613.0 ar: `u' modifier ignored since `D' is the default (see `U')
#16 613.0 make[5]: Entering directory '/tmp/RtmpBvoYlO/R.INSTALL9ef6625423b/Rgraphviz/src/graphviz/lib/patchwork'
#16 613.0 make[5]: Nothing to be done for 'install-exec-am'.
#16 613.0 make[5]: Nothing to be done for 'install-data-am'.
#16 613.0 make[5]: Leaving directory '/tmp/RtmpBvoYlO/R.INSTALL9ef6625423b/Rgraphviz/src/graphviz/lib/patchwork'
#16 613.0 make[4]: Leaving directory '/tmp/RtmpBvoYlO/R.INSTALL9ef6625423b/Rgraphviz/src/graphviz/lib/patchwork'
#16 613.0 Making install in common
#16 613.0 make[4]: Entering directory '/tmp/RtmpBvoYlO/R.INSTALL9ef6625423b/Rgraphviz/src/graphviz/lib/common'
#16 613.0   CC       arrows.lo
#16 613.0 arrows.c: In function 'arrowOrthoClip':
#16 613.0 arrows.c:392:21: warning: 'hlen' may be used uninitialized in this function [-Wmaybe-uninitialized]
#16 613.0       else r.x = p.x - hlen;
#16 613.0                  ~~~~^~~~~~
#16 613.0   CC       colxlate.lo
#16 613.0   CC       fontmetrics.lo
#16 613.0   CC       args.lo
#16 613.0   CC       memory.lo
#16 613.0   CC       globals.lo
#16 613.0   CC       htmllex.lo
#16 613.0 In file included from render.h:47:0,
#16 613.0                  from htmllex.c:15:
#16 613.0 htmllex.c: In function 'error_context':
#16 613.0 ../../lib/graph/agxbuf.h:68:11: warning: right-hand operand of comma expression has no effect [-Wunused-value]
#16 613.0            (int)(*(X)->ptr++ = ((unsigned char)C)))
#16 613.0            ^~~~~~~~~~~~~~~~~~~~~~~~~~~~~~~~~~~~~~~
#16 613.0 ../../lib/graph/agxbuf.h:74:21: note: in expansion of macro 'agxbputc'
#16 613.0  #define agxbuse(X) (agxbputc(X,'\0'),(char*)((X)->ptr = (X)->buf))
#16 613.0                      ^~~~~~~~
#16 613.0 htmllex.c:57:35: note: in expansion of macro 'agxbuse'
#16 613.0      agerr(AGPREV, "... %s ...\n", agxbuse(state.xb));
#16 613.0                                    ^~~~~~~
#16 613.0   CC       htmlparse.lo
#16 613.0 In file included from render.h:47:0,
#16 613.0                  from ../../lib/common/htmlparse.y:16:
#16 613.0 ../../lib/common/htmlparse.y: In function 'appendFItemList':
#16 613.0 ../../lib/graph/agxbuf.h:68:11: warning: right-hand operand of comma expression has no effect [-Wunused-value]
#16 613.0            (int)(*(X)->ptr++ = ((unsigned char)C)))
#16 613.0            ^~~~~~~~~~~~~~~~~~~~~~~~~~~~~~~~~~~~~~~
#16 613.0 ../../lib/graph/agxbuf.h:74:21: note: in expansion of macro 'agxbputc'
#16 613.0  #define agxbuse(X) (agxbputc(X,'\0'),(char*)((X)->ptr = (X)->buf))
#16 613.0                      ^~~~~~~~
#16 613.0 ../../lib/common/htmlparse.y:193:25: note: in expansion of macro 'agxbuse'
#16 613.0      fi->ti.str = strdup(agxbuse(ag));
#16 613.0                          ^~~~~~~
#16 613.0 ../../lib/common/htmlparse.y: In function 'htmlparse':
#16 613.0 ../../lib/graph/agxbuf.h:68:11: warning: right-hand operand of comma expression has no effect [-Wunused-value]
#16 613.0            (int)(*(X)->ptr++ = ((unsigned char)C)))
#16 613.0            ^~~~~~~~~~~~~~~~~~~~~~~~~~~~~~~~~~~~~~~
#16 613.0 ../../lib/graph/agxbuf.h:74:21: note: in expansion of macro 'agxbputc'
#16 613.0  #define agxbuse(X) (agxbputc(X,'\0'),(char*)((X)->ptr = (X)->buf))
#16 613.0                      ^~~~~~~~
#16 613.0 ../../lib/common/htmlparse.y:500:24: note: in expansion of macro 'agxbuse'
#16 613.0            if (nonSpace(agxbuse(HTMLstate.str))) {
#16 613.0                         ^~~~~~~
#16 613.0 ../../lib/graph/agxbuf.h:68:11: warning: right-hand operand of comma expression has no effect [-Wunused-value]
#16 613.0            (int)(*(X)->ptr++ = ((unsigned char)C)))
#16 613.0            ^~~~~~~~~~~~~~~~~~~~~~~~~~~~~~~~~~~~~~~
#16 613.0 ../../lib/graph/agxbuf.h:74:21: note: in expansion of macro 'agxbputc'
#16 613.0  #define agxbuse(X) (agxbputc(X,'\0'),(char*)((X)->ptr = (X)->buf))
#16 613.0                      ^~~~~~~~
#16 613.0 ../../lib/common/htmlparse.y:511:24: note: in expansion of macro 'agxbuse'
#16 613.0            if (nonSpace(agxbuse(HTMLstate.str))) {
#16 613.0                         ^~~~~~~
#16 613.0   CC       htmltable.lo
#16 613.0 In file included from render.h:47:0,
#16 613.0                  from htmltable.c:35:
#16 613.0 htmltable.c: In function 'initAnchor':
#16 613.0 ../../lib/graph/agxbuf.h:68:11: warning: right-hand operand of comma expression has no effect [-Wunused-value]
#16 613.0            (int)(*(X)->ptr++ = ((unsigned char)C)))
#16 613.0            ^~~~~~~~~~~~~~~~~~~~~~~~~~~~~~~~~~~~~~~
#16 613.0 ../../lib/graph/agxbuf.h:74:21: note: in expansion of macro 'agxbputc'
#16 613.0  #define agxbuse(X) (agxbputc(X,'\0'),(char*)((X)->ptr = (X)->buf))
#16 613.0                      ^~~~~~~~
#16 613.0 htmltable.c:299:7: note: in expansion of macro 'agxbuse'
#16 613.0   id = agxbuse (&xb);
#16 613.0        ^~~~~~~
#16 613.0 htmltable.c: In function 'nameOf':
#16 613.0 ../../lib/graph/agxbuf.h:68:11: warning: right-hand operand of comma expression has no effect [-Wunused-value]
#16 613.0            (int)(*(X)->ptr++ = ((unsigned char)C)))
#16 613.0            ^~~~~~~~~~~~~~~~~~~~~~~~~~~~~~~~~~~~~~~
#16 613.0 ../../lib/graph/agxbuf.h:74:21: note: in expansion of macro 'agxbputc'
#16 613.0  #define agxbuse(X) (agxbputc(X,'\0'),(char*)((X)->ptr = (X)->buf))
#16 613.0                      ^~~~~~~~
#16 613.0 htmltable.c:1665:12: note: in expansion of macro 'agxbuse'
#16 613.0      return agxbuse(xb);
#16 613.0             ^~~~~~~
#16 613.0   CC       input.lo
#16 613.0 input.c: In function 'dotneato_basename':
#16 613.0 input.c:136:5: warning: this 'while' clause does not guard... [-Wmisleading-indentation]
#16 613.0      while (*s) s++; s--;
#16 613.0      ^~~~~
#16 613.0 input.c:136:21: note: ...this statement, but the latter is misleadingly indented as if it were guarded by the 'while'
#16 613.0      while (*s) s++; s--;
#16 613.0                      ^
#16 613.0 In file included from render.h:47:0,
#16 613.0                  from input.c:15:
#16 613.0 input.c: In function 'global_def':
#16 613.0 ../../lib/graph/agxbuf.h:68:11: warning: right-hand operand of comma expression has no effect [-Wunused-value]
#16 613.0            (int)(*(X)->ptr++ = ((unsigned char)C)))
#16 613.0            ^~~~~~~~~~~~~~~~~~~~~~~~~~~~~~~~~~~~~~~
#16 613.0 ../../lib/graph/agxbuf.h:74:21: note: in expansion of macro 'agxbputc'
#16 613.0  #define agxbuse(X) (agxbputc(X,'\0'),(char*)((X)->ptr = (X)->buf))
#16 613.0                      ^~~~~~~~
#16 613.0 input.c:200:24: note: in expansion of macro 'agxbuse'
#16 613.0      sym = dclfun(NULL, agxbuse (xb), rhs);
#16 613.0                         ^~~~~~~
#16 613.0   CC       pointset.lo
#16 613.0   CC       postproc.lo
#16 613.0   CC       routespl.lo
#16 613.0   CC       splines.lo
#16 613.0   CC       psusershape.lo
#16 613.0 psusershape.c: In function 'user_init':
#16 613.0 psusershape.c:49:30: warning: variable 'rc' set but not used [-Wunused-but-set-variable]
#16 613.0      int saw_bb, must_inline, rc;
#16 613.0                               ^~
#16 613.0 In file included from render.h:47:0,
#16 613.0                  from psusershape.c:20:
#16 613.0 psusershape.c: In function 'ps_string':
#16 613.0 ../../lib/graph/agxbuf.h:68:11: warning: right-hand operand of comma expression has no effect [-Wunused-value]
#16 613.0            (int)(*(X)->ptr++ = ((unsigned char)C)))
#16 613.0            ^~~~~~~~~~~~~~~~~~~~~~~~~~~~~~~~~~~~~~~
#16 613.0 psusershape.c:303:5: note: in expansion of macro 'agxbputc'
#16 613.0      agxbputc (&xb, RPAREN);
#16 613.0      ^~~~~~~~
#16 613.0 ../../lib/graph/agxbuf.h:68:11: warning: right-hand operand of comma expression has no effect [-Wunused-value]
#16 613.0            (int)(*(X)->ptr++ = ((unsigned char)C)))
#16 613.0            ^~~~~~~~~~~~~~~~~~~~~~~~~~~~~~~~~~~~~~~
#16 613.0 ../../lib/graph/agxbuf.h:74:21: note: in expansion of macro 'agxbputc'
#16 613.0  #define agxbuse(X) (agxbputc(X,'\0'),(char*)((X)->ptr = (X)->buf))
#16 613.0                      ^~~~~~~~
#16 613.0 psusershape.c:305:9: note: in expansion of macro 'agxbuse'
#16 613.0      s = agxbuse(&xb);
#16 613.0          ^~~~~~~
#16 613.0 psusershape.c:268:9: warning: variable 'rc' set but not used [-Wunused-but-set-variable]
#16 613.0      int rc;
#16 613.0          ^~
#16 613.0   CC       timing.lo
#16 613.0   CC       labels.lo
#16 613.0 labels.c: In function 'xml_url_string':
#16 613.0 labels.c:561:21: warning: variable 'prev' set but not used [-Wunused-but-set-variable]
#16 613.0      char *p, *sub, *prev = NULL;
#16 613.0                      ^~~~
#16 613.0   CC       ns.lo
#16 613.0   CC       shapes.lo
#16 613.0   CC       utils.lo
#16 613.0 utils.c: In function 'chkPort':
#16 613.0 utils.c:689:5: warning: this 'else' clause does not guard... [-Wmisleading-indentation]
#16 613.0      else
#16 613.0      ^~~~
#16 613.0 utils.c:691:2: note: ...this statement, but the latter is misleadingly indented as if it were guarded by the 'else'
#16 613.0   pt.name = s;
#16 613.0   ^~
#16 613.0 In file included from render.h:47:0,
#16 613.0                  from utils.c:14:
#16 613.0 utils.c: In function 'clustNode':
#16 613.0 ../../lib/graph/agxbuf.h:68:11: warning: right-hand operand of comma expression has no effect [-Wunused-value]
#16 613.0            (int)(*(X)->ptr++ = ((unsigned char)C)))
#16 613.0            ^~~~~~~~~~~~~~~~~~~~~~~~~~~~~~~~~~~~~~~
#16 613.0 utils.c:949:5: note: in expansion of macro 'agxbputc'
#16 613.0      agxbputc(xb, ':');
#16 613.0      ^~~~~~~~
#16 613.0 ../../lib/graph/agxbuf.h:68:11: warning: right-hand operand of comma expression has no effect [-Wunused-value]
#16 613.0            (int)(*(X)->ptr++ = ((unsigned char)C)))
#16 613.0            ^~~~~~~~~~~~~~~~~~~~~~~~~~~~~~~~~~~~~~~
#16 613.0 ../../lib/graph/agxbuf.h:74:21: note: in expansion of macro 'agxbputc'
#16 613.0  #define agxbuse(X) (agxbputc(X,'\0'),(char*)((X)->ptr = (X)->buf))
#16 613.0                      ^~~~~~~~
#16 613.0 utils.c:953:29: note: in expansion of macro 'agxbuse'
#16 613.0      cn = agnode(agroot(cg), agxbuse(xb));
#16 613.0                              ^~~~~~~
#16 613.0 utils.c: In function 'scanEntity':
#16 613.0 ../../lib/graph/agxbuf.h:68:11: warning: right-hand operand of comma expression has no effect [-Wunused-value]
#16 613.0            (int)(*(X)->ptr++ = ((unsigned char)C)))
#16 613.0            ^~~~~~~~~~~~~~~~~~~~~~~~~~~~~~~~~~~~~~~
#16 613.0 utils.c:1358:5: note: in expansion of macro 'agxbputc'
#16 613.0      agxbputc(xb, '&');
#16 613.0      ^~~~~~~~
#16 613.0 ../../lib/graph/agxbuf.h:68:11: warning: right-hand operand of comma expression has no effect [-Wunused-value]
#16 613.0            (int)(*(X)->ptr++ = ((unsigned char)C)))
#16 613.0            ^~~~~~~~~~~~~~~~~~~~~~~~~~~~~~~~~~~~~~~
#16 613.0 utils.c:1368:5: note: in expansion of macro 'agxbputc'
#16 613.0      agxbputc(xb, '#');
#16 613.0      ^~~~~~~~
#16 613.0 ../../lib/graph/agxbuf.h:68:11: warning: right-hand operand of comma expression has no effect [-Wunused-value]
#16 613.0            (int)(*(X)->ptr++ = ((unsigned char)C)))
#16 613.0            ^~~~~~~~~~~~~~~~~~~~~~~~~~~~~~~~~~~~~~~
#16 613.0 utils.c:1370:5: note: in expansion of macro 'agxbputc'
#16 613.0      agxbputc(xb, ';');
#16 613.0      ^~~~~~~~
#16 613.0 utils.c: In function 'htmlEntityUTF8':
#16 613.0 ../../lib/graph/agxbuf.h:68:11: warning: right-hand operand of comma expression has no effect [-Wunused-value]
#16 613.0            (int)(*(X)->ptr++ = ((unsigned char)C)))
#16 613.0            ^~~~~~~~~~~~~~~~~~~~~~~~~~~~~~~~~~~~~~~
#16 613.0 ../../lib/graph/agxbuf.h:74:21: note: in expansion of macro 'agxbputc'
#16 613.0  #define agxbuse(X) (agxbputc(X,'\0'),(char*)((X)->ptr = (X)->buf))
#16 613.0                      ^~~~~~~~
#16 613.0 utils.c:1514:18: note: in expansion of macro 'agxbuse'
#16 613.0      ns = strdup (agxbuse(&xb));
#16 613.0                   ^~~~~~~
#16 613.0 utils.c:1455:9: warning: variable 'rc' set but not used [-Wunused-but-set-variable]
#16 613.0      int rc;
#16 613.0          ^~
#16 613.0 In file included from render.h:47:0,
#16 613.0                  from utils.c:14:
#16 613.0 utils.c: In function 'latin1ToUTF8':
#16 613.0 ../../lib/graph/agxbuf.h:68:11: warning: right-hand operand of comma expression has no effect [-Wunused-value]
#16 613.0            (int)(*(X)->ptr++ = ((unsigned char)C)))
#16 613.0            ^~~~~~~~~~~~~~~~~~~~~~~~~~~~~~~~~~~~~~~
#16 613.0 ../../lib/graph/agxbuf.h:74:21: note: in expansion of macro 'agxbputc'
#16 613.0  #define agxbuse(X) (agxbputc(X,'\0'),(char*)((X)->ptr = (X)->buf))
#16 613.0                      ^~~~~~~~
#16 613.0 utils.c:1554:18: note: in expansion of macro 'agxbuse'
#16 613.0      ns = strdup (agxbuse(&xb));
#16 613.0                   ^~~~~~~
#16 613.0 utils.c:1530:9: warning: variable 'rc' set but not used [-Wunused-but-set-variable]
#16 613.0      int rc;
#16 613.0          ^~
#16 613.0 In file included from render.h:47:0,
#16 613.0                  from utils.c:14:
#16 613.0 utils.c: In function 'utf8ToLatin1':
#16 613.0 ../../lib/graph/agxbuf.h:68:11: warning: right-hand operand of comma expression has no effect [-Wunused-value]
#16 613.0            (int)(*(X)->ptr++ = ((unsigned char)C)))
#16 613.0            ^~~~~~~~~~~~~~~~~~~~~~~~~~~~~~~~~~~~~~~
#16 613.0 ../../lib/graph/agxbuf.h:74:21: note: in expansion of macro 'agxbputc'
#16 613.0  #define agxbuse(X) (agxbputc(X,'\0'),(char*)((X)->ptr = (X)->buf))
#16 613.0                      ^~~~~~~~
#16 613.0 utils.c:1586:18: note: in expansion of macro 'agxbuse'
#16 613.0      ns = strdup (agxbuse(&xb));
#16 613.0                   ^~~~~~~
#16 613.0 utils.c:1572:9: warning: variable 'rc' set but not used [-Wunused-but-set-variable]
#16 613.0      int rc;
#16 613.0          ^~
#16 613.0   CC       geom.lo
#16 613.0   CC       output.lo
#16 613.0 In file included from render.h:47:0,
#16 613.0                  from output.c:14:
#16 613.0 output.c: In function 'attach_attrs_and_arrows':
#16 613.0 ../../lib/graph/agxbuf.h:68:11: warning: right-hand operand of comma expression has no effect [-Wunused-value]
#16 613.0            (int)(*(X)->ptr++ = ((unsigned char)C)))
#16 613.0            ^~~~~~~~~~~~~~~~~~~~~~~~~~~~~~~~~~~~~~~
#16 613.0 ../../lib/graph/agxbuf.h:74:21: note: in expansion of macro 'agxbputc'
#16 613.0  #define agxbuse(X) (agxbputc(X,'\0'),(char*)((X)->ptr = (X)->buf))
#16 613.0                      ^~~~~~~~
#16 613.0 output.c:350:22: note: in expansion of macro 'agxbuse'
#16 613.0       agset(n, "pos", agxbuse(&xb));
#16 613.0                       ^~~~~~~
#16 613.0 ../../lib/graph/agxbuf.h:68:11: warning: right-hand operand of comma expression has no effect [-Wunused-value]
#16 613.0            (int)(*(X)->ptr++ = ((unsigned char)C)))
#16 613.0            ^~~~~~~~~~~~~~~~~~~~~~~~~~~~~~~~~~~~~~~
#16 613.0 ../../lib/graph/agxbuf.h:74:21: note: in expansion of macro 'agxbputc'
#16 613.0  #define agxbuse(X) (agxbputc(X,'\0'),(char*)((X)->ptr = (X)->buf))
#16 613.0                      ^~~~~~~~
#16 613.0 output.c:373:24: note: in expansion of macro 'agxbuse'
#16 613.0       agset(n, "rects", agxbuse(&xb));
#16 613.0                         ^~~~~~~
#16 613.0 ../../lib/graph/agxbuf.h:68:11: warning: right-hand operand of comma expression has no effect [-Wunused-value]
#16 613.0            (int)(*(X)->ptr++ = ((unsigned char)C)))
#16 613.0            ^~~~~~~~~~~~~~~~~~~~~~~~~~~~~~~~~~~~~~~
#16 613.0 output.c:391:4: note: in expansion of macro 'agxbputc'
#16 613.0     agxbputc(&xb, ' ');
#16 613.0     ^~~~~~~~
#16 613.0 ../../lib/graph/agxbuf.h:68:11: warning: right-hand operand of comma expression has no effect [-Wunused-value]
#16 613.0            (int)(*(X)->ptr++ = ((unsigned char)C)))
#16 613.0            ^~~~~~~~~~~~~~~~~~~~~~~~~~~~~~~~~~~~~~~
#16 613.0 ../../lib/graph/agxbuf.h:74:21: note: in expansion of macro 'agxbputc'
#16 613.0  #define agxbuse(X) (agxbputc(X,'\0'),(char*)((X)->ptr = (X)->buf))
#16 613.0                      ^~~~~~~~
#16 613.0 output.c:403:32: note: in expansion of macro 'agxbuse'
#16 613.0    agxset(n, N_vertices->index, agxbuse(&xb));
#16 613.0                                 ^~~~~~~
#16 613.0 ../../lib/graph/agxbuf.h:68:11: warning: right-hand operand of comma expression has no effect [-Wunused-value]
#16 613.0            (int)(*(X)->ptr++ = ((unsigned char)C)))
#16 613.0            ^~~~~~~~~~~~~~~~~~~~~~~~~~~~~~~~~~~~~~~
#16 613.0 output.c:417:4: note: in expansion of macro 'agxbputc'
#16 613.0     agxbputc(&xb, ';');
#16 613.0     ^~~~~~~~
#16 613.0 ../../lib/graph/agxbuf.h:68:11: warning: right-hand operand of comma expression has no effect [-Wunused-value]
#16 613.0            (int)(*(X)->ptr++ = ((unsigned char)C)))
#16 613.0            ^~~~~~~~~~~~~~~~~~~~~~~~~~~~~~~~~~~~~~~
#16 613.0 output.c:434:8: note: in expansion of macro 'agxbputc'
#16 613.0         agxbputc(&xb, ' ');
#16 613.0         ^~~~~~~~
#16 613.0 ../../lib/graph/agxbuf.h:68:11: warning: right-hand operand of comma expression has no effect [-Wunused-value]
#16 613.0            (int)(*(X)->ptr++ = ((unsigned char)C)))
#16 613.0            ^~~~~~~~~~~~~~~~~~~~~~~~~~~~~~~~~~~~~~~
#16 613.0 ../../lib/graph/agxbuf.h:74:21: note: in expansion of macro 'agxbputc'
#16 613.0  #define agxbuse(X) (agxbputc(X,'\0'),(char*)((X)->ptr = (X)->buf))
#16 613.0                      ^~~~~~~~
#16 613.0 output.c:440:19: note: in expansion of macro 'agxbuse'
#16 613.0    agset(e, "pos", agxbuse(&xb));
#16 613.0                    ^~~~~~~
#16 613.0   CC       emit.lo
#16 613.0 In file included from render.h:47:0,
#16 613.0                  from emit.c:25:
#16 613.0 emit.c: In function 'getObjId':
#16 613.0 ../../lib/graph/agxbuf.h:68:11: warning: right-hand operand of comma expression has no effect [-Wunused-value]
#16 613.0            (int)(*(X)->ptr++ = ((unsigned char)C)))
#16 613.0            ^~~~~~~~~~~~~~~~~~~~~~~~~~~~~~~~~~~~~~~
#16 613.0 emit.c:212:2: note: in expansion of macro 'agxbputc'
#16 613.0   agxbputc (xb, '_');
#16 613.0   ^~~~~~~~
#16 613.0 ../../lib/graph/agxbuf.h:68:11: warning: right-hand operand of comma expression has no effect [-Wunused-value]
#16 613.0            (int)(*(X)->ptr++ = ((unsigned char)C)))
#16 613.0            ^~~~~~~~~~~~~~~~~~~~~~~~~~~~~~~~~~~~~~~
#16 613.0 ../../lib/graph/agxbuf.h:74:21: note: in expansion of macro 'agxbputc'
#16 613.0  #define agxbuse(X) (agxbputc(X,'\0'),(char*)((X)->ptr = (X)->buf))
#16 613.0                      ^~~~~~~~
#16 613.0 emit.c:218:12: note: in expansion of macro 'agxbuse'
#16 613.0      return agxbuse(xb);
#16 613.0             ^~~~~~~
#16 613.0 emit.c: In function 'emit_xdot':
#16 613.0 emit.c:941:11: warning: variable 'fontname' set but not used [-Wunused-but-set-variable]
#16 613.0      char* fontname;
#16 613.0            ^~~~~~~~
#16 613.0 emit.c:940:12: warning: variable 'fontsize' set but not used [-Wunused-but-set-variable]
#16 613.0      double fontsize;
#16 613.0             ^~~~~~~~
#16 613.0 In file included from render.h:47:0,
#16 613.0                  from emit.c:25:
#16 613.0 emit.c: In function 'selectedlayer':
#16 613.0 ../../lib/graph/agxbuf.h:68:11: warning: right-hand operand of comma expression has no effect [-Wunused-value]
#16 613.0            (int)(*(X)->ptr++ = ((unsigned char)C)))
#16 613.0            ^~~~~~~~~~~~~~~~~~~~~~~~~~~~~~~~~~~~~~~
#16 613.0 ../../lib/graph/agxbuf.h:74:21: note: in expansion of macro 'agxbputc'
#16 613.0  #define agxbuse(X) (agxbputc(X,'\0'),(char*)((X)->ptr = (X)->buf))
#16 613.0                      ^~~~~~~~
#16 613.0 emit.c:1152:22: note: in expansion of macro 'agxbuse'
#16 613.0      w1 = w0 = strtok(agxbuse(&xb), gvc->layerDelims);
#16 613.0                       ^~~~~~~
#16 613.0 emit.c: In function 'nodeIntersect':
#16 613.0 emit.c:2247:11: warning: variable 'target' set but not used [-Wunused-but-set-variable]
#16 613.0      char* target;
#16 613.0            ^~~~~~
#16 613.0 emit.c:2246:11: warning: variable 'tooltip' set but not used [-Wunused-but-set-variable]
#16 613.0      char* tooltip;
#16 613.0            ^~~~~~~
#16 613.0 emit.c: In function 'xdotBB':
#16 613.0 emit.c:2474:12: warning: variable 'sz' set but not used [-Wunused-but-set-variable]
#16 613.0      pointf sz;
#16 613.0             ^~
#16 613.0 emit.c: In function 'style_token':
#16 613.0 emit.c:3262:16: warning: variable 'rc' set but not used [-Wunused-but-set-variable]
#16 613.0      int token, rc;
#16 613.0                 ^~
#16 613.0 In file included from render.h:47:0,
#16 613.0                  from emit.c:25:
#16 613.0 emit.c: In function 'parse_style':
#16 613.0 ../../lib/graph/agxbuf.h:68:11: warning: right-hand operand of comma expression has no effect [-Wunused-value]
#16 613.0            (int)(*(X)->ptr++ = ((unsigned char)C)))
#16 613.0            ^~~~~~~~~~~~~~~~~~~~~~~~~~~~~~~~~~~~~~~
#16 613.0 emit.c:3356:3: note: in expansion of macro 'agxbputc'
#16 613.0    agxbputc(&ps_xb, '\0'); /* terminate previous */
#16 613.0    ^~~~~~~~
#16 613.0 ../../lib/graph/agxbuf.h:68:11: warning: right-hand operand of comma expression has no effect [-Wunused-value]
#16 613.0            (int)(*(X)->ptr++ = ((unsigned char)C)))
#16 613.0            ^~~~~~~~~~~~~~~~~~~~~~~~~~~~~~~~~~~~~~~
#16 613.0 ../../lib/graph/agxbuf.h:74:21: note: in expansion of macro 'agxbputc'
#16 613.0  #define agxbuse(X) (agxbputc(X,'\0'),(char*)((X)->ptr = (X)->buf))
#16 613.0                      ^~~~~~~~
#16 613.0 emit.c:3359:22: note: in expansion of macro 'agxbuse'
#16 613.0       agxbput(&ps_xb, agxbuse(&xb));
#16 613.0                       ^~~~~~~
#16 613.0 ../../lib/graph/agxbuf.h:68:11: warning: right-hand operand of comma expression has no effect [-Wunused-value]
#16 613.0            (int)(*(X)->ptr++ = ((unsigned char)C)))
#16 613.0            ^~~~~~~~~~~~~~~~~~~~~~~~~~~~~~~~~~~~~~~
#16 613.0 emit.c:3360:6: note: in expansion of macro 'agxbputc'
#16 613.0       agxbputc(&ps_xb, '\0');
#16 613.0       ^~~~~~~~
#16 613.0 ../../lib/graph/agxbuf.h:68:11: warning: right-hand operand of comma expression has no effect [-Wunused-value]
#16 613.0            (int)(*(X)->ptr++ = ((unsigned char)C)))
#16 613.0            ^~~~~~~~~~~~~~~~~~~~~~~~~~~~~~~~~~~~~~~
#16 613.0 ../../lib/graph/agxbuf.h:74:21: note: in expansion of macro 'agxbputc'
#16 613.0  #define agxbuse(X) (agxbputc(X,'\0'),(char*)((X)->ptr = (X)->buf))
#16 613.0                      ^~~~~~~~
#16 613.0 emit.c:3372:11: note: in expansion of macro 'agxbuse'
#16 613.0      (void)agxbuse(&ps_xb);  /* adds final '\0' to buffer */
#16 613.0            ^~~~~~~
#16 613.0 emit.c: In function 'emit_edge_graphics':
#16 613.0 emit.c:1932:3: warning: 'bz.eflag' may be used uninitialized in this function [-Wmaybe-uninitialized]
#16 613.0    arrow_gen(job, EMIT_HDRAW, bz.ep, bz.list[bz.size - 1],
#16 613.0    ^~~~~~~~~~~~~~~~~~~~~~~~~~~~~~~~~~~~~~~~~~~~~~~~~~~~~~~
#16 613.0     arrowsize, penwidth, bz.eflag);
#16 613.0     ~~~~~~~~~~~~~~~~~~~~~~~~~~~~~~
#16 613.0 emit.c:1921:3: warning: 'bz.sflag' may be used uninitialized in this function [-Wmaybe-uninitialized]
#16 613.0    arrow_gen(job, EMIT_TDRAW, bz.sp, bz.list[0],
#16 613.0    ^~~~~~~~~~~~~~~~~~~~~~~~~~~~~~~~~~~~~~~~~~~~~
#16 613.0     arrowsize, penwidth, bz.sflag);
#16 613.0     ~~~~~~~~~~~~~~~~~~~~~~~~~~~~~~
#16 613.0 emit.c:1932:47: warning: 'bz.size' may be used uninitialized in this function [-Wmaybe-uninitialized]
#16 613.0    arrow_gen(job, EMIT_HDRAW, bz.ep, bz.list[bz.size - 1],
#16 613.0                                              ~~^~~~~
#16 613.0 emit.c:1932:44: warning: 'bz.list' may be used uninitialized in this function [-Wmaybe-uninitialized]
#16 613.0    arrow_gen(job, EMIT_HDRAW, bz.ep, bz.list[bz.size - 1],
#16 613.0                                             ^
#16 613.0 emit.c:1776:10: warning: 'endcolor' may be used uninitialized in this function [-Wmaybe-uninitialized]
#16 613.0           gvrender_set_fillcolor(job, endcolor);
#16 613.0           ^~~~~~~~~~~~~~~~~~~~~~~~~~~~~~~~~~~~~
#16 613.0 emit.c:1723:11: note: 'endcolor' was declared here
#16 613.0      char* endcolor;
#16 613.0            ^~~~~~~~
#16 613.0 emit.c:1746:19: warning: 'segs' may be used uninitialized in this function [-Wmaybe-uninitialized]
#16 613.0       if (s == segs->segs) {
#16 613.0                ~~~~^~~~~~
#16 613.0 emit.c:1721:18: note: 'segs' was declared here
#16 613.0      colorsegs_t* segs;
#16 613.0                   ^~~~
#16 613.0 emit.c: In function 'getObjId':
#16 613.0 emit.c:214:5: warning: 'pfx' may be used uninitialized in this function [-Wmaybe-uninitialized]
#16 613.0      agxbput (xb, pfx);
#16 613.0      ^~~~~~~~~~~~~~~~~
#16 613.0 emit.c: In function 'xdotBB':
#16 613.0 emit.c:2515:9: warning: 'fontname' may be used uninitialized in this function [-Wmaybe-uninitialized]
#16 613.0       sz = textsize (g, op->para, fontname, fontsize);
#16 613.0       ~~~^~~~~~~~~~~~~~~~~~~~~~~~~~~~~~~~~~~~~~~~~~~~
#16 613.0 emit.c:2515:9: warning: 'fontsize' may be used uninitialized in this function [-Wmaybe-uninitialized]
#16 613.0   CCLD     libcommon_C.la
#16 613.0 ar: `u' modifier ignored since `D' is the default (see `U')
#16 613.0 make[5]: Entering directory '/tmp/RtmpBvoYlO/R.INSTALL9ef6625423b/Rgraphviz/src/graphviz/lib/common'
#16 613.0 make[5]: Nothing to be done for 'install-exec-am'.
#16 613.0  /bin/mkdir -p '/tmp/RtmpBvoYlO/R.INSTALL9ef6625423b/Rgraphviz/src/libunix/include/graphviz'
#16 613.0  /usr/bin/install -c -m 644 arith.h geom.h color.h types.h textpara.h usershape.h '/tmp/RtmpBvoYlO/R.INSTALL9ef6625423b/Rgraphviz/src/libunix/include/graphviz'
#16 613.0 make[5]: Leaving directory '/tmp/RtmpBvoYlO/R.INSTALL9ef6625423b/Rgraphviz/src/graphviz/lib/common'
#16 613.0 make[4]: Leaving directory '/tmp/RtmpBvoYlO/R.INSTALL9ef6625423b/Rgraphviz/src/graphviz/lib/common'
#16 613.0 Making install in pack
#16 613.0 make[4]: Entering directory '/tmp/RtmpBvoYlO/R.INSTALL9ef6625423b/Rgraphviz/src/graphviz/lib/pack'
#16 613.0   CC       ccomps.lo
#16 613.0   CC       pack.lo
#16 613.0 pack.c: In function 'putGraphs':
#16 613.0 pack.c:953:12: warning: 'pts' may be used uninitialized in this function [-Wmaybe-uninitialized]
#16 613.0      return pts;
#16 613.0             ^~~
#16 613.0   CCLD     libpack_C.la
#16 613.0 ar: `u' modifier ignored since `D' is the default (see `U')
#16 613.0 make[5]: Entering directory '/tmp/RtmpBvoYlO/R.INSTALL9ef6625423b/Rgraphviz/src/graphviz/lib/pack'
#16 613.0 make[5]: Nothing to be done for 'install-exec-am'.
#16 613.0  /bin/mkdir -p '/tmp/RtmpBvoYlO/R.INSTALL9ef6625423b/Rgraphviz/src/libunix/share/man/man3'
#16 613.0  /usr/bin/install -c -m 644 pack.3 '/tmp/RtmpBvoYlO/R.INSTALL9ef6625423b/Rgraphviz/src/libunix/share/man/man3'
#16 613.0  /bin/mkdir -p '/tmp/RtmpBvoYlO/R.INSTALL9ef6625423b/Rgraphviz/src/libunix/share/graphviz/doc/pdf'
#16 613.0  /usr/bin/install -c -m 644 pack.3.pdf '/tmp/RtmpBvoYlO/R.INSTALL9ef6625423b/Rgraphviz/src/libunix/share/graphviz/doc/pdf'
#16 613.0  /bin/mkdir -p '/tmp/RtmpBvoYlO/R.INSTALL9ef6625423b/Rgraphviz/src/libunix/include/graphviz'
#16 613.0  /usr/bin/install -c -m 644 pack.h '/tmp/RtmpBvoYlO/R.INSTALL9ef6625423b/Rgraphviz/src/libunix/include/graphviz'
#16 613.0 make[5]: Leaving directory '/tmp/RtmpBvoYlO/R.INSTALL9ef6625423b/Rgraphviz/src/graphviz/lib/pack'
#16 613.0 make[4]: Leaving directory '/tmp/RtmpBvoYlO/R.INSTALL9ef6625423b/Rgraphviz/src/graphviz/lib/pack'
#16 613.0 Making install in xdot
#16 613.0 make[4]: Entering directory '/tmp/RtmpBvoYlO/R.INSTALL9ef6625423b/Rgraphviz/src/graphviz/lib/xdot'
#16 613.0   CC       xdot.lo
#16 613.0 xdot.c: In function 'sprintXDot':
#16 613.0 xdot.c:537:11: warning: right-hand operand of comma expression has no effect [-Wunused-value]
#16 613.0            (int)(*(X)->ptr++ = ((unsigned char)C)))
#16 613.0            ^~~~~~~~~~~~~~~~~~~~~~~~~~~~~~~~~~~~~~~
#16 613.0 xdot.c:538:21: note: in expansion of macro 'agxbputc'
#16 613.0  #define agxbuse(X) (agxbputc(X,'\0'),(char*)((X)->ptr = (X)->buf))
#16 613.0                      ^~~~~~~~
#16 613.0 xdot.c:606:16: note: in expansion of macro 'agxbuse'
#16 613.0      s = strdup(agxbuse(&xb));
#16 613.0                 ^~~~~~~
#16 613.0   CCLD     libxdot.la
#16 613.0 ar: `u' modifier ignored since `D' is the default (see `U')
#16 613.0   CCLD     libxdot_C.la
#16 613.0 ar: `u' modifier ignored since `D' is the default (see `U')
#16 613.0 make[5]: Entering directory '/tmp/RtmpBvoYlO/R.INSTALL9ef6625423b/Rgraphviz/src/graphviz/lib/xdot'
#16 613.0  /bin/mkdir -p '/tmp/RtmpBvoYlO/R.INSTALL9ef6625423b/Rgraphviz/src/libunix/lib'
#16 613.0  /bin/bash ../../libtool   --mode=install /usr/bin/install -c   libxdot.la '/tmp/RtmpBvoYlO/R.INSTALL9ef6625423b/Rgraphviz/src/libunix/lib'
#16 613.0 libtool: install: /usr/bin/install -c .libs/libxdot.lai /tmp/RtmpBvoYlO/R.INSTALL9ef6625423b/Rgraphviz/src/libunix/lib/libxdot.la
#16 613.0 libtool: install: /usr/bin/install -c .libs/libxdot.a /tmp/RtmpBvoYlO/R.INSTALL9ef6625423b/Rgraphviz/src/libunix/lib/libxdot.a
#16 613.0 libtool: install: chmod 644 /tmp/RtmpBvoYlO/R.INSTALL9ef6625423b/Rgraphviz/src/libunix/lib/libxdot.a
#16 613.0 libtool: install: ranlib /tmp/RtmpBvoYlO/R.INSTALL9ef6625423b/Rgraphviz/src/libunix/lib/libxdot.a
#16 613.0 libtool: finish: PATH="/usr/local/sbin:/usr/local/bin:/usr/sbin:/usr/bin:/sbin:/bin:/sbin" ldconfig -n /tmp/RtmpBvoYlO/R.INSTALL9ef6625423b/Rgraphviz/src/libunix/lib
#16 613.0 ----------------------------------------------------------------------
#16 613.0 Libraries have been installed in:
#16 613.0    /tmp/RtmpBvoYlO/R.INSTALL9ef6625423b/Rgraphviz/src/libunix/lib
#16 613.0 
#16 613.0 If you ever happen to want to link against installed libraries
#16 613.0 in a given directory, LIBDIR, you must either use libtool, and
#16 613.0 specify the full pathname of the library, or use the `-LLIBDIR'
#16 613.0 flag during linking and do at least one of the following:
#16 613.0    - add LIBDIR to the `LD_LIBRARY_PATH' environment variable
#16 613.0      during execution
#16 613.0    - add LIBDIR to the `LD_RUN_PATH' environment variable
#16 613.0      during linking
#16 613.0    - use the `-Wl,-rpath -Wl,LIBDIR' linker flag
#16 613.0    - have your system administrator add LIBDIR to `/etc/ld.so.conf'
#16 613.0 
#16 613.0 See any operating system documentation about shared libraries for
#16 613.0 more information, such as the ld(1) and ld.so(8) manual pages.
#16 613.0 ----------------------------------------------------------------------
#16 613.0  /bin/mkdir -p '/tmp/RtmpBvoYlO/R.INSTALL9ef6625423b/Rgraphviz/src/libunix/share/man/man3'
#16 613.0  /usr/bin/install -c -m 644 xdot.3 '/tmp/RtmpBvoYlO/R.INSTALL9ef6625423b/Rgraphviz/src/libunix/share/man/man3'
#16 613.0  /bin/mkdir -p '/tmp/RtmpBvoYlO/R.INSTALL9ef6625423b/Rgraphviz/src/libunix/share/graphviz/doc/pdf'
#16 613.0  /usr/bin/install -c -m 644 xdot.3.pdf '/tmp/RtmpBvoYlO/R.INSTALL9ef6625423b/Rgraphviz/src/libunix/share/graphviz/doc/pdf'
#16 613.0  /bin/mkdir -p '/tmp/RtmpBvoYlO/R.INSTALL9ef6625423b/Rgraphviz/src/libunix/lib/pkgconfig'
#16 613.0  /usr/bin/install -c -m 644 libxdot.pc '/tmp/RtmpBvoYlO/R.INSTALL9ef6625423b/Rgraphviz/src/libunix/lib/pkgconfig'
#16 613.0  /bin/mkdir -p '/tmp/RtmpBvoYlO/R.INSTALL9ef6625423b/Rgraphviz/src/libunix/include/graphviz'
#16 613.0  /usr/bin/install -c -m 644 xdot.h '/tmp/RtmpBvoYlO/R.INSTALL9ef6625423b/Rgraphviz/src/libunix/include/graphviz'
#16 613.0 make[5]: Leaving directory '/tmp/RtmpBvoYlO/R.INSTALL9ef6625423b/Rgraphviz/src/graphviz/lib/xdot'
#16 613.0 make[4]: Leaving directory '/tmp/RtmpBvoYlO/R.INSTALL9ef6625423b/Rgraphviz/src/graphviz/lib/xdot'
#16 613.0 Making install in gvc
#16 613.0 make[4]: Entering directory '/tmp/RtmpBvoYlO/R.INSTALL9ef6625423b/Rgraphviz/src/graphviz/lib/gvc'
#16 613.0   CC       gvrender.lo
#16 613.0   CC       gvlayout.lo
#16 613.0   CC       gvdevice.lo
#16 613.0 In file included from ../../lib/common/types.h:18:0,
#16 613.0                  from gvplugin_device.h:17,
#16 613.0                  from gvdevice.c:55:
#16 613.0 gvdevice.c: In function 'gvfwrite':
#16 613.0 gvdevice.c:269:12: warning: suggest parentheses around assignment used as truth value [-Wparentheses]
#16 613.0      assert(size = sizeof(char));
#16 613.0             ^
#16 613.0   CC       gvloadimage.lo
#16 613.0   CC       gvcontext.lo
#16 613.0   CC       gvjobs.lo
#16 613.0   CC       gvevent.lo
#16 613.0   CC       gvplugin.lo
#16 613.0 In file included from gvplugin.c:23:0:
#16 613.0 gvplugin.c: In function 'gvplugin_list':
#16 613.0 ../../lib/graph/agxbuf.h:68:11: warning: right-hand operand of comma expression has no effect [-Wunused-value]
#16 613.0            (int)(*(X)->ptr++ = ((unsigned char)C)))
#16 613.0            ^~~~~~~~~~~~~~~~~~~~~~~~~~~~~~~~~~~~~~~
#16 613.0 gvplugin.c:392:3: note: in expansion of macro 'agxbputc'
#16 613.0    agxbputc(&xb,' '); agxbput(&xb, (*pnext)->typestr);
#16 613.0    ^~~~~~~~
#16 613.0 ../../lib/graph/agxbuf.h:68:11: warning: right-hand operand of comma expression has no effect [-Wunused-value]
#16 613.0            (int)(*(X)->ptr++ = ((unsigned char)C)))
#16 613.0            ^~~~~~~~~~~~~~~~~~~~~~~~~~~~~~~~~~~~~~~
#16 613.0 gvplugin.c:393:3: note: in expansion of macro 'agxbputc'
#16 613.0    agxbputc(&xb,':'); agxbput(&xb, (*pnext)->package->name);
#16 613.0    ^~~~~~~~
#16 613.0 ../../lib/graph/agxbuf.h:68:11: warning: right-hand operand of comma expression has no effect [-Wunused-value]
#16 613.0            (int)(*(X)->ptr++ = ((unsigned char)C)))
#16 613.0            ^~~~~~~~~~~~~~~~~~~~~~~~~~~~~~~~~~~~~~~
#16 613.0 gvplugin.c:410:3: note: in expansion of macro 'agxbputc'
#16 613.0    agxbputc(&xb,' '); agxbput(&xb, q);
#16 613.0    ^~~~~~~~
#16 613.0 ../../lib/graph/agxbuf.h:68:11: warning: right-hand operand of comma expression has no effect [-Wunused-value]
#16 613.0            (int)(*(X)->ptr++ = ((unsigned char)C)))
#16 613.0            ^~~~~~~~~~~~~~~~~~~~~~~~~~~~~~~~~~~~~~~
#16 613.0 ../../lib/graph/agxbuf.h:74:21: note: in expansion of macro 'agxbputc'
#16 613.0  #define agxbuse(X) (agxbputc(X,'\0'),(char*)((X)->ptr = (X)->buf))
#16 613.0                      ^~~~~~~~
#16 613.0 gvplugin.c:423:7: note: in expansion of macro 'agxbuse'
#16 613.0   bp = agxbuse(&xb);
#16 613.0        ^~~~~~~
#16 613.0   CC       gvconfig.lo
#16 613.0   CC       gvtextlayout.lo
#16 613.0   CC       gvusershape.lo
#16 613.0 gvusershape.c: In function 'gvusershape_open':
#16 613.0 gvusershape.c:415:3: warning: this 'if' clause does not guard... [-Wmisleading-indentation]
#16 613.0    if (!(us->data = (void*)find_user_shape(us->name)))
#16 613.0    ^~
#16 613.0 gvusershape.c:417:7: note: ...this statement, but the latter is misleadingly indented as if it were guarded by the 'if'
#16 613.0        free(us);
#16 613.0        ^~~~
#16 613.0   CC       gvc.lo
#16 613.0   CCLD     libgvc.la
#16 613.0 ar: `u' modifier ignored since `D' is the default (see `U')
#16 613.0   CCLD     libgvc_C.la
#16 613.0 ar: `u' modifier ignored since `D' is the default (see `U')
#16 613.0 make[5]: Entering directory '/tmp/RtmpBvoYlO/R.INSTALL9ef6625423b/Rgraphviz/src/graphviz/lib/gvc'
#16 613.0  /bin/mkdir -p '/tmp/RtmpBvoYlO/R.INSTALL9ef6625423b/Rgraphviz/src/libunix/lib'
#16 613.0  /bin/bash ../../libtool   --mode=install /usr/bin/install -c   libgvc.la '/tmp/RtmpBvoYlO/R.INSTALL9ef6625423b/Rgraphviz/src/libunix/lib'
#16 613.0 libtool: install: /usr/bin/install -c .libs/libgvc.lai /tmp/RtmpBvoYlO/R.INSTALL9ef6625423b/Rgraphviz/src/libunix/lib/libgvc.la
#16 613.0 libtool: install: /usr/bin/install -c .libs/libgvc.a /tmp/RtmpBvoYlO/R.INSTALL9ef6625423b/Rgraphviz/src/libunix/lib/libgvc.a
#16 613.0 libtool: install: chmod 644 /tmp/RtmpBvoYlO/R.INSTALL9ef6625423b/Rgraphviz/src/libunix/lib/libgvc.a
#16 613.0 libtool: install: ranlib /tmp/RtmpBvoYlO/R.INSTALL9ef6625423b/Rgraphviz/src/libunix/lib/libgvc.a
#16 613.0 libtool: finish: PATH="/usr/local/sbin:/usr/local/bin:/usr/sbin:/usr/bin:/sbin:/bin:/sbin" ldconfig -n /tmp/RtmpBvoYlO/R.INSTALL9ef6625423b/Rgraphviz/src/libunix/lib
#16 613.0 ----------------------------------------------------------------------
#16 613.0 Libraries have been installed in:
#16 613.0    /tmp/RtmpBvoYlO/R.INSTALL9ef6625423b/Rgraphviz/src/libunix/lib
#16 613.0 
#16 613.0 If you ever happen to want to link against installed libraries
#16 613.0 in a given directory, LIBDIR, you must either use libtool, and
#16 613.0 specify the full pathname of the library, or use the `-LLIBDIR'
#16 613.0 flag during linking and do at least one of the following:
#16 613.0    - add LIBDIR to the `LD_LIBRARY_PATH' environment variable
#16 613.0      during execution
#16 613.0    - add LIBDIR to the `LD_RUN_PATH' environment variable
#16 613.0      during linking
#16 613.0    - use the `-Wl,-rpath -Wl,LIBDIR' linker flag
#16 613.0    - have your system administrator add LIBDIR to `/etc/ld.so.conf'
#16 613.0 
#16 613.0 See any operating system documentation about shared libraries for
#16 613.0 more information, such as the ld(1) and ld.so(8) manual pages.
#16 613.0 ----------------------------------------------------------------------
#16 613.0  /bin/mkdir -p '/tmp/RtmpBvoYlO/R.INSTALL9ef6625423b/Rgraphviz/src/libunix/share/man/man3'
#16 613.0  /usr/bin/install -c -m 644 gvc.3 '/tmp/RtmpBvoYlO/R.INSTALL9ef6625423b/Rgraphviz/src/libunix/share/man/man3'
#16 613.0  /bin/mkdir -p '/tmp/RtmpBvoYlO/R.INSTALL9ef6625423b/Rgraphviz/src/libunix/share/graphviz/doc/pdf'
#16 613.0  /usr/bin/install -c -m 644 gvc.3.pdf '/tmp/RtmpBvoYlO/R.INSTALL9ef6625423b/Rgraphviz/src/libunix/share/graphviz/doc/pdf'
#16 613.0  /bin/mkdir -p '/tmp/RtmpBvoYlO/R.INSTALL9ef6625423b/Rgraphviz/src/libunix/lib/pkgconfig'
#16 613.0  /usr/bin/install -c -m 644 libgvc.pc '/tmp/RtmpBvoYlO/R.INSTALL9ef6625423b/Rgraphviz/src/libunix/lib/pkgconfig'
#16 613.0  /bin/mkdir -p '/tmp/RtmpBvoYlO/R.INSTALL9ef6625423b/Rgraphviz/src/libunix/include/graphviz'
#16 613.0  /usr/bin/install -c -m 644 gvc.h gvcext.h gvplugin.h gvcjob.h gvcommon.h gvplugin_render.h gvplugin_layout.h gvconfig.h gvplugin_textlayout.h gvplugin_device.h gvplugin_loadimage.h '/tmp/RtmpBvoYlO/R.INSTALL9ef6625423b/Rgraphviz/src/libunix/include/graphviz'
#16 613.0 make[5]: Leaving directory '/tmp/RtmpBvoYlO/R.INSTALL9ef6625423b/Rgraphviz/src/graphviz/lib/gvc'
#16 613.0 make[4]: Leaving directory '/tmp/RtmpBvoYlO/R.INSTALL9ef6625423b/Rgraphviz/src/graphviz/lib/gvc'
#16 613.0 Making install in circogen
#16 613.0 make[4]: Entering directory '/tmp/RtmpBvoYlO/R.INSTALL9ef6625423b/Rgraphviz/src/graphviz/lib/circogen'
#16 613.0   CC       circularinit.lo
#16 613.0   CC       nodelist.lo
#16 613.0   CC       block.lo
#16 613.0   CC       edgelist.lo
#16 613.0   CC       circular.lo
#16 613.0   CC       deglist.lo
#16 613.0   CC       blocktree.lo
#16 613.0   CC       blockpath.lo
#16 613.0   CC       circpos.lo
#16 613.0 circpos.c: In function 'doBlock':
#16 613.0 circpos.c:338:13: warning: 'midAngle' may be used uninitialized in this function [-Wmaybe-uninitialized]
#16 613.0   PSI(pi->n) = midAngle;
#16 613.0 circpos.c:264:39: note: 'midAngle' was declared here
#16 613.0      double mindistAngle, rotateAngle, midAngle;
#16 613.0                                        ^~~~~~~~
#16 613.0   CC       nodeset.lo
#16 613.0   CCLD     libcircogen_C.la
#16 613.0 ar: `u' modifier ignored since `D' is the default (see `U')
#16 613.0 make[5]: Entering directory '/tmp/RtmpBvoYlO/R.INSTALL9ef6625423b/Rgraphviz/src/graphviz/lib/circogen'
#16 613.0 make[5]: Nothing to be done for 'install-exec-am'.
#16 613.0 make[5]: Nothing to be done for 'install-data-am'.
#16 613.0 make[5]: Leaving directory '/tmp/RtmpBvoYlO/R.INSTALL9ef6625423b/Rgraphviz/src/graphviz/lib/circogen'
#16 613.0 make[4]: Leaving directory '/tmp/RtmpBvoYlO/R.INSTALL9ef6625423b/Rgraphviz/src/graphviz/lib/circogen'
#16 613.0 Making install in dotgen
#16 613.0 make[4]: Entering directory '/tmp/RtmpBvoYlO/R.INSTALL9ef6625423b/Rgraphviz/src/graphviz/lib/dotgen'
#16 613.0   CC       acyclic.lo
#16 613.0   CC       class1.lo
#16 613.0   CC       class2.lo
#16 613.0   CC       cluster.lo
#16 613.0   CC       compound.lo
#16 613.0   CC       conc.lo
#16 613.0   CC       decomp.lo
#16 613.0   CC       fastgr.lo
#16 613.0   CC       flat.lo
#16 613.0   CC       dotinit.lo
#16 613.0   CC       mincross.lo
#16 613.0 mincross.c: In function 'mincross.constprop':
#16 613.0 mincross.c:421:12: warning: 'sepIndex' may be used uninitialized in this function [-Wmaybe-uninitialized]
#16 613.0      for (i = sepIndex + 1; i < GD_rank(g)[r].n; i++) {
#16 613.0           ~~^~~~~~~~~~~~~~
#16 613.0 mincross.c:374:9: note: 'sepIndex' was declared here
#16 613.0      int sepIndex;
#16 613.0          ^~~~~~~~
#16 613.0   CC       position.lo
#16 613.0   CC       rank.lo
#16 613.0   CC       sameport.lo
#16 613.0   CC       dotsplines.lo
#16 613.0 dotsplines.c: In function 'makeLineEdge':
#16 613.0 dotsplines.c:1604:23: warning: right-hand operand of comma expression has no effect [-Wunused-value]
#16 613.0   lp = ED_label(e)->pos, lp;
#16 613.0                        ^
#16 613.0 dotsplines.c: In function 'completeregularpath':
#16 613.0 dotsplines.c:1866:9: warning: variable 'pn' set but not used [-Wunused-but-set-variable]
#16 613.0      int pn;
#16 613.0          ^~
#16 613.0 dotsplines.c:1865:13: warning: variable 'pp' set but not used [-Wunused-but-set-variable]
#16 613.0      pointf *pp;
#16 613.0              ^~
#16 613.0 dotsplines.c: In function '_dot_splines':
#16 613.0 dotsplines.c:490:2: warning: 'P' may be used uninitialized in this function [-Wmaybe-uninitialized]
#16 613.0   free(P);
#16 613.0   ^~~~~~~
#16 613.0 dotsplines.c: In function 'make_flat_edge':
#16 613.0 dotsplines.c:993:18: warning: 'lmaxx' may be used uninitialized in this function [-Wmaybe-uninitialized]
#16 613.0       points[5].x = lmaxx;
#16 613.0       ~~~~~~~~~~~~^~~~~~~
#16 613.0 dotsplines.c:882:19: note: 'lmaxx' was declared here
#16 613.0      double lminx, lmaxx;
#16 613.0                    ^~~~~
#16 613.0 dotsplines.c:997:18: warning: 'lminx' may be used uninitialized in this function [-Wmaybe-uninitialized]
#16 613.0       points[7].x = lminx;
#16 613.0       ~~~~~~~~~~~~^~~~~~~
#16 613.0 dotsplines.c:882:12: note: 'lminx' was declared here
#16 613.0      double lminx, lmaxx;
#16 613.0             ^~~~~
#16 613.0   CC       aspect.lo
#16 613.0 aspect.c: In function 'computeCombiAR':
#16 613.0 aspect.c:1614:12: warning: variable 'maxLayerIndex' set but not used [-Wunused-but-set-variable]
#16 613.0      int i, maxLayerIndex;
#16 613.0             ^~~~~~~~~~~~~
#16 613.0 aspect.c: In function 'rank3':
#16 613.0 aspect.c:702:9: warning: 'maxLayerIndex' may be used uninitialized in this function [-Wmaybe-uninitialized]
#16 613.0      int maxLayerIndex;
#16 613.0          ^~~~~~~~~~~~~
#16 613.0 aspect.c:750:2: warning: 'nextMaxWidth' may be used uninitialized in this function [-Wmaybe-uninitialized]
#16 613.0      if (nextMaxWidth <= layerWidthInfo[maxLayerIndex].width / 4
#16 613.0          ~~~~~~~~~~~~~~~~~~~~~~~~~~~~~~~~~~~~~~~~~~~~~~~~~~~~~~~
#16 613.0   || nextMaxWidth >= layerWidthInfo[maxLayerIndex].width * 3 / 4)
#16 613.0   ^~~~~~~~~~~~~~~~~~~~~~~~~~~~~~~~~~~~~~~~~~~~~~~~~~~~~~~~~~~~~~
#16 613.0 aspect.c:703:12: note: 'nextMaxWidth' was declared here
#16 613.0      double nextMaxWidth;
#16 613.0             ^~~~~~~~~~~~
#16 613.0   CCLD     libdotgen_C.la
#16 613.0 ar: `u' modifier ignored since `D' is the default (see `U')
#16 613.0 make[5]: Entering directory '/tmp/RtmpBvoYlO/R.INSTALL9ef6625423b/Rgraphviz/src/graphviz/lib/dotgen'
#16 613.0 make[5]: Nothing to be done for 'install-exec-am'.
#16 613.0 make[5]: Nothing to be done for 'install-data-am'.
#16 613.0 make[5]: Leaving directory '/tmp/RtmpBvoYlO/R.INSTALL9ef6625423b/Rgraphviz/src/graphviz/lib/dotgen'
#16 613.0 make[4]: Leaving directory '/tmp/RtmpBvoYlO/R.INSTALL9ef6625423b/Rgraphviz/src/graphviz/lib/dotgen'
#16 613.0 Making install in fdpgen
#16 613.0 make[4]: Entering directory '/tmp/RtmpBvoYlO/R.INSTALL9ef6625423b/Rgraphviz/src/graphviz/lib/fdpgen'
#16 613.0   CC       comp.lo
#16 613.0   CC       dbg.lo
#16 613.0   CC       grid.lo
#16 613.0   CC       fdpinit.lo
#16 613.0   CC       layout.lo
#16 613.0   CC       tlayout.lo
#16 613.0   CC       xlayout.lo
#16 613.0   CC       clusteredges.lo
#16 613.0   CCLD     libfdpgen_C.la
#16 613.0 ar: `u' modifier ignored since `D' is the default (see `U')
#16 613.0 make[5]: Entering directory '/tmp/RtmpBvoYlO/R.INSTALL9ef6625423b/Rgraphviz/src/graphviz/lib/fdpgen'
#16 613.0 make[5]: Nothing to be done for 'install-exec-am'.
#16 613.0 make[5]: Nothing to be done for 'install-data-am'.
#16 613.0 make[5]: Leaving directory '/tmp/RtmpBvoYlO/R.INSTALL9ef6625423b/Rgraphviz/src/graphviz/lib/fdpgen'
#16 613.0 make[4]: Leaving directory '/tmp/RtmpBvoYlO/R.INSTALL9ef6625423b/Rgraphviz/src/graphviz/lib/fdpgen'
#16 613.0 Making install in neatogen
#16 613.0 make[4]: Entering directory '/tmp/RtmpBvoYlO/R.INSTALL9ef6625423b/Rgraphviz/src/graphviz/lib/neatogen'
#16 613.0   CC       adjust.lo
#16 613.0 In file included from ../../lib/common/render.h:44:0,
#16 613.0                  from neato.h:37,
#16 613.0                  from adjust.c:19:
#16 613.0 adjust.c: In function 'getSizes':
#16 613.0 ../../lib/common/memory.h:39:30: warning: 'nedge_nodes' may be used uninitialized in this function [-Wmaybe-uninitialized]
#16 613.0  #define N_GNEW(n,t)      (t*)gmalloc((n)*sizeof(t))
#16 613.0                               ^~~~~~~
#16 613.0 adjust.c:670:12: note: 'nedge_nodes' was declared here
#16 613.0      int i, nedge_nodes;
#16 613.0             ^~~~~~~~~~~
#16 613.0 adjust.c: In function 'removeOverlapWith':
#16 613.0 adjust.c:1045:9: warning: 'ret' may be used uninitialized in this function [-Wmaybe-uninitialized]
#16 613.0      int ret;
#16 613.0          ^~~
#16 613.0   CC       circuit.lo
#16 613.0   CC       edges.lo
#16 613.0   CC       geometry.lo
#16 613.0   CC       heap.lo
#16 613.0   CC       hedges.lo
#16 613.0   CC       info.lo
#16 613.0   CC       neatoinit.lo
#16 613.0   CC       legal.lo
#16 613.0   CC       lu.lo
#16 613.0   CC       matinv.lo
#16 613.0   CC       memory.lo
#16 613.0   CC       poly.lo
#16 613.0   CC       printvis.lo
#16 613.0   CC       site.lo
#16 613.0   CC       solve.lo
#16 613.0   CC       neatosplines.lo
#16 613.0 neatosplines.c: In function 'makeObstacle':
#16 613.0 neatosplines.c:363:13: warning: variable 'desc' set but not used [-Wunused-but-set-variable]
#16 613.0      epsf_t *desc;
#16 613.0              ^~~~
#16 613.0 neatosplines.c: In function '_spline_edges':
#16 613.0 neatosplines.c:603:15: warning: unused variable 'rtr' [-Wunused-variable]
#16 613.0      router_t* rtr = 0;
#16 613.0                ^~~
#16 613.0   CC       stuff.lo
#16 613.0   CC       voronoi.lo
#16 613.0 voronoi.c: In function 'voronoi':
#16 613.0 voronoi.c:48:7: warning: 'newintstar.y' may be used uninitialized in this function [-Wmaybe-uninitialized]
#16 613.0   if (newsite != (struct Site *) NULL && (PQempty()
#16 613.0                                          ~~~~~~~~~~
#16 613.0        || newsite->coord.y <
#16 613.0        ~~~~~~~~~~~~~~~~~~~~~
#16 613.0        newintstar.y
#16 613.0        ~~~~~~~~~~~~
#16 613.0        || (newsite->coord.y ==
#16 613.0        ^~~~~~~~~~~~~~~~~~~~~~~
#16 613.0            newintstar.y
#16 613.0            ~~~~~~~~~~~~
#16 613.0            && newsite->coord.x <
#16 613.0            ~~~~~~~~~~~~~~~~~~~~~
#16 613.0            newintstar.x))) {
#16 613.0            ~~~~~~~~~~~~~~
#16 613.0   CC       stress.lo
#16 613.0 stress.c: In function 'mdsModel':
#16 613.0 stress.c:1383:12: warning: 'delta' may be used uninitialized in this function [-Wmaybe-uninitialized]
#16 613.0       delta += abs(Dij[i*nG + j - shift] - graph[i].ewgts[e]);
#16 613.0       ~~~~~~^~~~~~~~~~~~~~~~~~~~~~~~~~~~~~~~~~~~~~~~~~~~~~~~~
#16 613.0   CC       kkutils.lo
#16 613.0   CC       matrix_ops.lo
#16 613.0   CC       embed_graph.lo
#16 613.0   CC       dijkstra.lo
#16 613.0   CC       conjgrad.lo
#16 613.0   CC       pca.lo
#16 613.0   CC       closest.lo
#16 613.0   CC       bfs.lo
#16 613.0   CC       constraint.lo
#16 613.0   CC       quad_prog_solve.lo
#16 613.0   CC       smart_ini_x.lo
#16 613.0   CC       constrained_majorization.lo
#16 613.0   CC       opt_arrangement.lo
#16 613.0   CC       overlap.lo
#16 613.0   CC       call_tri.lo
#16 613.0   CC       compute_hierarchy.lo
#16 613.0   CC       delaunay.lo
#16 613.0   CC       multispline.lo
#16 613.0   CCLD     libneatogen_C.la
#16 613.0 ar: `u' modifier ignored since `D' is the default (see `U')
#16 613.0 make[5]: Entering directory '/tmp/RtmpBvoYlO/R.INSTALL9ef6625423b/Rgraphviz/src/graphviz/lib/neatogen'
#16 613.0 make[5]: Nothing to be done for 'install-exec-am'.
#16 613.0 make[5]: Nothing to be done for 'install-data-am'.
#16 613.0 make[5]: Leaving directory '/tmp/RtmpBvoYlO/R.INSTALL9ef6625423b/Rgraphviz/src/graphviz/lib/neatogen'
#16 613.0 make[4]: Leaving directory '/tmp/RtmpBvoYlO/R.INSTALL9ef6625423b/Rgraphviz/src/graphviz/lib/neatogen'
#16 613.0 Making install in twopigen
#16 613.0 make[4]: Entering directory '/tmp/RtmpBvoYlO/R.INSTALL9ef6625423b/Rgraphviz/src/graphviz/lib/twopigen'
#16 613.0   CC       twopiinit.lo
#16 613.0   CC       circle.lo
#16 613.0 circle.c: In function 'circleLayout':
#16 613.0 circle.c:285:5: warning: 'delx' may be used uninitialized in this function [-Wmaybe-uninitialized]
#16 613.0   xf += delx;
#16 613.0   ~~~^~~~~~~
#16 613.0 circle.c:268:20: note: 'delx' was declared here
#16 613.0      double xf = 0, delx, d;
#16 613.0                     ^~~~
#16 613.0   CCLD     libtwopigen_C.la
#16 613.0 ar: `u' modifier ignored since `D' is the default (see `U')
#16 613.0 make[5]: Entering directory '/tmp/RtmpBvoYlO/R.INSTALL9ef6625423b/Rgraphviz/src/graphviz/lib/twopigen'
#16 613.0 make[5]: Nothing to be done for 'install-exec-am'.
#16 613.0 make[5]: Nothing to be done for 'install-data-am'.
#16 613.0 make[5]: Leaving directory '/tmp/RtmpBvoYlO/R.INSTALL9ef6625423b/Rgraphviz/src/graphviz/lib/twopigen'
#16 613.0 make[4]: Leaving directory '/tmp/RtmpBvoYlO/R.INSTALL9ef6625423b/Rgraphviz/src/graphviz/lib/twopigen'
#16 613.0 Making install in sfdpgen
#16 613.0 make[4]: Entering directory '/tmp/RtmpBvoYlO/R.INSTALL9ef6625423b/Rgraphviz/src/graphviz/lib/sfdpgen'
#16 613.0   CC       sfdpinit.lo
#16 613.0   CC       spring_electrical.lo
#16 613.0 spring_electrical.c: In function 'rotate':
#16 613.0 spring_electrical.c:1850:8: warning: variable 'y' set but not used [-Wunused-but-set-variable]
#16 613.0    real y[4], axis[2], center[2], x0, x1;
#16 613.0         ^
#16 613.0   CC       LinkedList.lo
#16 613.0   CC       sparse_solve.lo
#16 613.0   CC       post_process.lo
#16 613.0 post_process.c: In function 'StressMajorizationSmoother2_new':
#16 613.0 post_process.c:110:36: warning: variable 'dd' set but not used [-Wunused-but-set-variable]
#16 613.0    real *avg_dist, diag_d, diag_w, *dd, dist, s = 0, stop = 0, sbot = 0;
#16 613.0                                     ^~
#16 613.0 post_process.c: In function 'StressMajorizationSmoother_smooth':
#16 613.0 post_process.c:578:102: warning: variable 'res' set but not used [-Wunused-but-set-variable]
#16 613.0    real *w, *dd, *d, *y = NULL, *x0 = NULL, *x00 = NULL, diag, diff = 1, *lambda = sm->lambda, maxit, res, alpha = 0., M = 0.;
#16 613.0                                                                                                       ^~~
#16 613.0 post_process.c:578:9: warning: variable 'w' set but not used [-Wunused-but-set-variable]
#16 613.0    real *w, *dd, *d, *y = NULL, *x0 = NULL, *x00 = NULL, diag, diff = 1, *lambda = sm->lambda, maxit, res, alpha = 0., M = 0.;
#16 613.0          ^
#16 613.0 post_process.c:577:32: warning: variable 'jw' set but not used [-Wunused-but-set-variable]
#16 613.0    int i, j, m, *id, *jd, *iw, *jw, idiag, flag = 0, iter = 0;
#16 613.0                                 ^~
#16 613.0 post_process.c:577:27: warning: variable 'iw' set but not used [-Wunused-but-set-variable]
#16 613.0    int i, j, m, *id, *jd, *iw, *jw, idiag, flag = 0, iter = 0;
#16 613.0                            ^~
#16 613.0 post_process.c: In function 'TriangleSmoother_new':
#16 613.0 post_process.c:698:68: warning: variable 'jd' set but not used [-Wunused-but-set-variable]
#16 613.0    int i, j, k, m = A->m, *ia = A->ia, *ja = A->ja, *iw, *jw, *id, *jd, jdiag, nz;
#16 613.0                                                                     ^~
#16 613.0 post_process.c:698:63: warning: variable 'id' set but not used [-Wunused-but-set-variable]
#16 613.0    int i, j, k, m = A->m, *ia = A->ia, *ja = A->ja, *iw, *jw, *id, *jd, jdiag, nz;
#16 613.0                                                                ^~
#16 613.0   CC       stress_model.lo
#16 613.0   CC       uniform_stress.lo
#16 613.0 uniform_stress.c: In function 'uniform_stress':
#16 613.0 uniform_stress.c:112:8: warning: variable 'res' set but not used [-Wunused-but-set-variable]
#16 613.0    real res;
#16 613.0         ^~~
#16 613.0   CC       QuadTree.lo
#16 613.0   CC       Multilevel.lo
#16 613.0 Multilevel.c: In function 'maximal_independent_vertex_set':
#16 613.0 Multilevel.c:87:30: warning: variable 'n' set but not used [-Wunused-but-set-variable]
#16 613.0    int i, ii, j, *ia, *ja, m, n, *p = NULL;
#16 613.0                               ^
#16 613.0 Multilevel.c: In function 'maximal_independent_vertex_set_RS':
#16 613.0 Multilevel.c:138:57: warning: variable 'removed' set but not used [-Wunused-but-set-variable]
#16 613.0    int i, jj, ii, *p = NULL, j, k, *ia, *ja, m, n, gain, removed, nf = 0;
#16 613.0                                                          ^~~~~~~
#16 613.0 Multilevel.c:138:48: warning: variable 'n' set but not used [-Wunused-but-set-variable]
#16 613.0    int i, jj, ii, *p = NULL, j, k, *ia, *ja, m, n, gain, removed, nf = 0;
#16 613.0                                                 ^
#16 613.0 Multilevel.c: In function 'maximal_independent_edge_set_heavest_edge_pernode_leaves_first':
#16 613.0 Multilevel.c:327:30: warning: variable 'n' set but not used [-Wunused-but-set-variable]
#16 613.0    int i, ii, j, *ia, *ja, m, n, *p = NULL, q;
#16 613.0                               ^
#16 613.0 Multilevel.c: In function 'maximal_independent_edge_set_heavest_edge_pernode_supernodes_first':
#16 613.0 Multilevel.c:502:30: warning: variable 'n' set but not used [-Wunused-but-set-variable]
#16 613.0    int i, ii, j, *ia, *ja, m, n, *p = NULL;
#16 613.0                               ^
#16 613.0 Multilevel.c: In function 'maximal_independent_edge_set_heavest_cluster_pernode_leaves_first':
#16 613.0 Multilevel.c:646:30: warning: variable 'n' set but not used [-Wunused-but-set-variable]
#16 613.0    int i, ii, j, *ia, *ja, m, n, *p = NULL, q, iv;
#16 613.0                               ^
#16 613.0   CC       PriorityQueue.lo
#16 613.0   CCLD     libsfdpgen_C.la
#16 613.0 ar: `u' modifier ignored since `D' is the default (see `U')
#16 613.0 make[5]: Entering directory '/tmp/RtmpBvoYlO/R.INSTALL9ef6625423b/Rgraphviz/src/graphviz/lib/sfdpgen'
#16 613.0 make[5]: Nothing to be done for 'install-exec-am'.
#16 613.0 make[5]: Nothing to be done for 'install-data-am'.
#16 613.0 make[5]: Leaving directory '/tmp/RtmpBvoYlO/R.INSTALL9ef6625423b/Rgraphviz/src/graphviz/lib/sfdpgen'
#16 613.0 make[4]: Leaving directory '/tmp/RtmpBvoYlO/R.INSTALL9ef6625423b/Rgraphviz/src/graphviz/lib/sfdpgen'
#16 613.0 Making install in osage
#16 613.0 make[4]: Entering directory '/tmp/RtmpBvoYlO/R.INSTALL9ef6625423b/Rgraphviz/src/graphviz/lib/osage'
#16 613.0   CC       osageinit.lo
#16 613.0   CCLD     libosage_C.la
#16 613.0 ar: `u' modifier ignored since `D' is the default (see `U')
#16 613.0 make[5]: Entering directory '/tmp/RtmpBvoYlO/R.INSTALL9ef6625423b/Rgraphviz/src/graphviz/lib/osage'
#16 613.0 make[5]: Nothing to be done for 'install-exec-am'.
#16 613.0 make[5]: Nothing to be done for 'install-data-am'.
#16 613.0 make[5]: Leaving directory '/tmp/RtmpBvoYlO/R.INSTALL9ef6625423b/Rgraphviz/src/graphviz/lib/osage'
#16 613.0 make[4]: Leaving directory '/tmp/RtmpBvoYlO/R.INSTALL9ef6625423b/Rgraphviz/src/graphviz/lib/osage'
#16 613.0 make[4]: Entering directory '/tmp/RtmpBvoYlO/R.INSTALL9ef6625423b/Rgraphviz/src/graphviz/lib'
#16 613.0 make[5]: Entering directory '/tmp/RtmpBvoYlO/R.INSTALL9ef6625423b/Rgraphviz/src/graphviz/lib'
#16 613.0 make[5]: Nothing to be done for 'install-exec-am'.
#16 613.0 make[5]: Nothing to be done for 'install-data-am'.
#16 613.0 make[5]: Leaving directory '/tmp/RtmpBvoYlO/R.INSTALL9ef6625423b/Rgraphviz/src/graphviz/lib'
#16 613.0 make[4]: Leaving directory '/tmp/RtmpBvoYlO/R.INSTALL9ef6625423b/Rgraphviz/src/graphviz/lib'
#16 613.0 make[3]: Leaving directory '/tmp/RtmpBvoYlO/R.INSTALL9ef6625423b/Rgraphviz/src/graphviz/lib'
#16 613.0 Making install in plugin
#16 613.0 make[3]: Entering directory '/tmp/RtmpBvoYlO/R.INSTALL9ef6625423b/Rgraphviz/src/graphviz/plugin'
#16 613.0 Making install in core
#16 613.0 make[4]: Entering directory '/tmp/RtmpBvoYlO/R.INSTALL9ef6625423b/Rgraphviz/src/graphviz/plugin/core'
#16 613.0   CC       gvplugin_core.lo
#16 613.0   CC       gvrender_core_dot.lo
#16 613.0 In file included from gvrender_core_dot.c:32:0:
#16 613.0 gvrender_core_dot.c: In function 'xdot_str':
#16 613.0 ../../lib/graph/agxbuf.h:68:11: warning: right-hand operand of comma expression has no effect [-Wunused-value]
#16 613.0            (int)(*(X)->ptr++ = ((unsigned char)C)))
#16 613.0            ^~~~~~~~~~~~~~~~~~~~~~~~~~~~~~~~~~~~~~~
#16 613.0 gvrender_core_dot.c:100:5: note: in expansion of macro 'agxbputc'
#16 613.0      agxbputc(xbufs[emit_state], ' ');
#16 613.0      ^~~~~~~~
#16 613.0 gvrender_core_dot.c: In function 'xdot_points':
#16 613.0 gvrender_core_dot.c:107:12: warning: variable 'rc' set but not used [-Wunused-but-set-variable]
#16 613.0      int i, rc;
#16 613.0             ^~
#16 613.0 In file included from gvrender_core_dot.c:32:0:
#16 613.0 gvrender_core_dot.c: In function 'xdot_style':
#16 613.0 ../../lib/graph/agxbuf.h:68:11: warning: right-hand operand of comma expression has no effect [-Wunused-value]
#16 613.0            (int)(*(X)->ptr++ = ((unsigned char)C)))
#16 613.0            ^~~~~~~~~~~~~~~~~~~~~~~~~~~~~~~~~~~~~~~
#16 613.0 gvrender_core_dot.c:162:13: note: in expansion of macro 'agxbputc'
#16 613.0              agxbputc(&xbuf, '(');
#16 613.0              ^~~~~~~~
#16 613.0 ../../lib/graph/agxbuf.h:68:11: warning: right-hand operand of comma expression has no effect [-Wunused-value]
#16 613.0            (int)(*(X)->ptr++ = ((unsigned char)C)))
#16 613.0            ^~~~~~~~~~~~~~~~~~~~~~~~~~~~~~~~~~~~~~~
#16 613.0 gvrender_core_dot.c:166:21: note: in expansion of macro 'agxbputc'
#16 613.0                      agxbputc(&xbuf, ',');
#16 613.0                      ^~~~~~~~
#16 613.0 ../../lib/graph/agxbuf.h:68:11: warning: right-hand operand of comma expression has no effect [-Wunused-value]
#16 613.0            (int)(*(X)->ptr++ = ((unsigned char)C)))
#16 613.0            ^~~~~~~~~~~~~~~~~~~~~~~~~~~~~~~~~~~~~~~
#16 613.0 gvrender_core_dot.c:172:13: note: in expansion of macro 'agxbputc'
#16 613.0              agxbputc(&xbuf, ')');
#16 613.0              ^~~~~~~~
#16 613.0 ../../lib/graph/agxbuf.h:68:11: warning: right-hand operand of comma expression has no effect [-Wunused-value]
#16 613.0            (int)(*(X)->ptr++ = ((unsigned char)C)))
#16 613.0            ^~~~~~~~~~~~~~~~~~~~~~~~~~~~~~~~~~~~~~~
#16 613.0 ../../lib/graph/agxbuf.h:74:21: note: in expansion of macro 'agxbputc'
#16 613.0  #define agxbuse(X) (agxbputc(X,'\0'),(char*)((X)->ptr = (X)->buf))
#16 613.0                      ^~~~~~~~
#16 613.0 gvrender_core_dot.c:174:30: note: in expansion of macro 'agxbuse'
#16 613.0          xdot_str (job, "S ", agxbuse(&xbuf));
#16 613.0                               ^~~~~~~
#16 613.0 gvrender_core_dot.c: In function 'xdot_end_node':
#16 613.0 ../../lib/graph/agxbuf.h:68:11: warning: right-hand operand of comma expression has no effect [-Wunused-value]
#16 613.0            (int)(*(X)->ptr++ = ((unsigned char)C)))
#16 613.0            ^~~~~~~~~~~~~~~~~~~~~~~~~~~~~~~~~~~~~~~
#16 613.0 ../../lib/graph/agxbuf.h:74:21: note: in expansion of macro 'agxbputc'
#16 613.0  #define agxbuse(X) (agxbputc(X,'\0'),(char*)((X)->ptr = (X)->buf))
#16 613.0                      ^~~~~~~~
#16 613.0 gvrender_core_dot.c:186:31: note: in expansion of macro 'agxbuse'
#16 613.0   agxset(n, xd->n_draw->index, agxbuse(xbufs[EMIT_NDRAW]));
#16 613.0                                ^~~~~~~
#16 613.0 ../../lib/graph/agxbuf.h:68:11: warning: right-hand operand of comma expression has no effect [-Wunused-value]
#16 613.0            (int)(*(X)->ptr++ = ((unsigned char)C)))
#16 613.0            ^~~~~~~~~~~~~~~~~~~~~~~~~~~~~~~~~~~~~~~
#16 613.0 ../../lib/graph/agxbuf.h:74:21: note: in expansion of macro 'agxbputc'
#16 613.0  #define agxbuse(X) (agxbputc(X,'\0'),(char*)((X)->ptr = (X)->buf))
#16 613.0                      ^~~~~~~~
#16 613.0 gvrender_core_dot.c:192:33: note: in expansion of macro 'agxbuse'
#16 613.0   agxset(n, xd->n_l_draw->index, agxbuse(xbufs[EMIT_NLABEL]));
#16 613.0                                  ^~~~~~~
#16 613.0 gvrender_core_dot.c: In function 'xdot_end_edge':
#16 613.0 ../../lib/graph/agxbuf.h:68:11: warning: right-hand operand of comma expression has no effect [-Wunused-value]
#16 613.0            (int)(*(X)->ptr++ = ((unsigned char)C)))
#16 613.0            ^~~~~~~~~~~~~~~~~~~~~~~~~~~~~~~~~~~~~~~
#16 613.0 ../../lib/graph/agxbuf.h:74:21: note: in expansion of macro 'agxbputc'
#16 613.0  #define agxbuse(X) (agxbputc(X,'\0'),(char*)((X)->ptr = (X)->buf))
#16 613.0                      ^~~~~~~~
#16 613.0 gvrender_core_dot.c:206:31: note: in expansion of macro 'agxbuse'
#16 613.0   agxset(e, xd->e_draw->index, agxbuse(xbufs[EMIT_EDRAW]));
#16 613.0                                ^~~~~~~
#16 613.0 ../../lib/graph/agxbuf.h:68:11: warning: right-hand operand of comma expression has no effect [-Wunused-value]
#16 613.0            (int)(*(X)->ptr++ = ((unsigned char)C)))
#16 613.0            ^~~~~~~~~~~~~~~~~~~~~~~~~~~~~~~~~~~~~~~
#16 613.0 ../../lib/graph/agxbuf.h:74:21: note: in expansion of macro 'agxbputc'
#16 613.0  #define agxbuse(X) (agxbputc(X,'\0'),(char*)((X)->ptr = (X)->buf))
#16 613.0                      ^~~~~~~~
#16 613.0 gvrender_core_dot.c:212:31: note: in expansion of macro 'agxbuse'
#16 613.0   agxset(e, xd->t_draw->index, agxbuse(xbufs[EMIT_TDRAW]));
#16 613.0                                ^~~~~~~
#16 613.0 ../../lib/graph/agxbuf.h:68:11: warning: right-hand operand of comma expression has no effect [-Wunused-value]
#16 613.0            (int)(*(X)->ptr++ = ((unsigned char)C)))
#16 613.0            ^~~~~~~~~~~~~~~~~~~~~~~~~~~~~~~~~~~~~~~
#16 613.0 ../../lib/graph/agxbuf.h:74:21: note: in expansion of macro 'agxbputc'
#16 613.0  #define agxbuse(X) (agxbputc(X,'\0'),(char*)((X)->ptr = (X)->buf))
#16 613.0                      ^~~~~~~~
#16 613.0 gvrender_core_dot.c:218:31: note: in expansion of macro 'agxbuse'
#16 613.0   agxset(e, xd->h_draw->index, agxbuse(xbufs[EMIT_HDRAW]));
#16 613.0                                ^~~~~~~
#16 613.0 ../../lib/graph/agxbuf.h:68:11: warning: right-hand operand of comma expression has no effect [-Wunused-value]
#16 613.0            (int)(*(X)->ptr++ = ((unsigned char)C)))
#16 613.0            ^~~~~~~~~~~~~~~~~~~~~~~~~~~~~~~~~~~~~~~
#16 613.0 ../../lib/graph/agxbuf.h:74:21: note: in expansion of macro 'agxbputc'
#16 613.0  #define agxbuse(X) (agxbputc(X,'\0'),(char*)((X)->ptr = (X)->buf))
#16 613.0                      ^~~~~~~~
#16 613.0 gvrender_core_dot.c:224:32: note: in expansion of macro 'agxbuse'
#16 613.0   agxset(e, xd->e_l_draw->index,agxbuse(xbufs[EMIT_ELABEL]));
#16 613.0                                 ^~~~~~~
#16 613.0 ../../lib/graph/agxbuf.h:68:11: warning: right-hand operand of comma expression has no effect [-Wunused-value]
#16 613.0            (int)(*(X)->ptr++ = ((unsigned char)C)))
#16 613.0            ^~~~~~~~~~~~~~~~~~~~~~~~~~~~~~~~~~~~~~~
#16 613.0 ../../lib/graph/agxbuf.h:74:21: note: in expansion of macro 'agxbputc'
#16 613.0  #define agxbuse(X) (agxbputc(X,'\0'),(char*)((X)->ptr = (X)->buf))
#16 613.0                      ^~~~~~~~
#16 613.0 gvrender_core_dot.c:230:32: note: in expansion of macro 'agxbuse'
#16 613.0   agxset(e, xd->tl_draw->index, agxbuse(xbufs[EMIT_TLABEL]));
#16 613.0                                 ^~~~~~~
#16 613.0 ../../lib/graph/agxbuf.h:68:11: warning: right-hand operand of comma expression has no effect [-Wunused-value]
#16 613.0            (int)(*(X)->ptr++ = ((unsigned char)C)))
#16 613.0            ^~~~~~~~~~~~~~~~~~~~~~~~~~~~~~~~~~~~~~~
#16 613.0 ../../lib/graph/agxbuf.h:74:21: note: in expansion of macro 'agxbputc'
#16 613.0  #define agxbuse(X) (agxbputc(X,'\0'),(char*)((X)->ptr = (X)->buf))
#16 613.0                      ^~~~~~~~
#16 613.0 gvrender_core_dot.c:236:32: note: in expansion of macro 'agxbuse'
#16 613.0   agxset(e, xd->hl_draw->index, agxbuse(xbufs[EMIT_HLABEL]));
#16 613.0                                 ^~~~~~~
#16 613.0 gvrender_core_dot.c: In function 'xdot_end_cluster':
#16 613.0 ../../lib/graph/agxbuf.h:68:11: warning: right-hand operand of comma expression has no effect [-Wunused-value]
#16 613.0            (int)(*(X)->ptr++ = ((unsigned char)C)))
#16 613.0            ^~~~~~~~~~~~~~~~~~~~~~~~~~~~~~~~~~~~~~~
#16 613.0 ../../lib/graph/agxbuf.h:74:21: note: in expansion of macro 'agxbputc'
#16 613.0  #define agxbuse(X) (agxbputc(X,'\0'),(char*)((X)->ptr = (X)->buf))
#16 613.0                      ^~~~~~~~
#16 613.0 gvrender_core_dot.c:289:42: note: in expansion of macro 'agxbuse'
#16 613.0      agxset(cluster_g, xd->g_draw->index, agxbuse(xbufs[EMIT_CDRAW]));
#16 613.0                                           ^~~~~~~
#16 613.0 ../../lib/graph/agxbuf.h:68:11: warning: right-hand operand of comma expression has no effect [-Wunused-value]
#16 613.0            (int)(*(X)->ptr++ = ((unsigned char)C)))
#16 613.0            ^~~~~~~~~~~~~~~~~~~~~~~~~~~~~~~~~~~~~~~
#16 613.0 ../../lib/graph/agxbuf.h:74:21: note: in expansion of macro 'agxbputc'
#16 613.0  #define agxbuse(X) (agxbputc(X,'\0'),(char*)((X)->ptr = (X)->buf))
#16 613.0                      ^~~~~~~~
#16 613.0 gvrender_core_dot.c:295:41: note: in expansion of macro 'agxbuse'
#16 613.0   agxset(cluster_g, xd->g_l_draw->index, agxbuse(xbufs[EMIT_CLABEL]));
#16 613.0                                          ^~~~~~~
#16 613.0 gvrender_core_dot.c: In function 'xdot_end_graph':
#16 613.0 ../../lib/graph/agxbuf.h:68:11: warning: right-hand operand of comma expression has no effect [-Wunused-value]
#16 613.0            (int)(*(X)->ptr++ = ((unsigned char)C)))
#16 613.0            ^~~~~~~~~~~~~~~~~~~~~~~~~~~~~~~~~~~~~~~
#16 613.0 ../../lib/graph/agxbuf.h:74:21: note: in expansion of macro 'agxbputc'
#16 613.0  #define agxbuse(X) (agxbputc(X,'\0'),(char*)((X)->ptr = (X)->buf))
#16 613.0                      ^~~~~~~~
#16 613.0 gvrender_core_dot.c:436:31: note: in expansion of macro 'agxbuse'
#16 613.0   agxset(g, xd->g_draw->index, agxbuse(xbufs[EMIT_GDRAW]));
#16 613.0                                ^~~~~~~
#16 613.0 ../../lib/graph/agxbuf.h:68:11: warning: right-hand operand of comma expression has no effect [-Wunused-value]
#16 613.0            (int)(*(X)->ptr++ = ((unsigned char)C)))
#16 613.0            ^~~~~~~~~~~~~~~~~~~~~~~~~~~~~~~~~~~~~~~
#16 613.0 ../../lib/graph/agxbuf.h:74:21: note: in expansion of macro 'agxbputc'
#16 613.0  #define agxbuse(X) (agxbputc(X,'\0'),(char*)((X)->ptr = (X)->buf))
#16 613.0                      ^~~~~~~~
#16 613.0 gvrender_core_dot.c:444:33: note: in expansion of macro 'agxbuse'
#16 613.0   agxset(g, xd->g_l_draw->index, agxbuse(xbufs[EMIT_GLABEL]));
#16 613.0                                  ^~~~~~~
#16 613.0   CC       gvrender_core_fig.lo
#16 613.0   CC       gvrender_core_map.lo
#16 613.0   CC       gvrender_core_ps.lo
#16 613.0   CC       gvrender_core_svg.lo
#16 613.0   CC       gvrender_core_tk.lo
#16 613.0 gvrender_core_tk.c: In function 'tkgen_print_tags':
#16 613.0 gvrender_core_tk.c:58:18: warning: variable 'ObjId' set but not used [-Wunused-but-set-variable]
#16 613.0      unsigned int ObjId;
#16 613.0                   ^~~~~
#16 613.0 gvrender_core_tk.c:57:21: warning: variable 'ObjPart' set but not used [-Wunused-but-set-variable]
#16 613.0      char *ObjType, *ObjPart;
#16 613.0                      ^~~~~~~
#16 613.0   CC       gvrender_core_vml.lo
#16 613.0 gvrender_core_vml.c: In function 'vml_ellipse':
#16 613.0 gvrender_core_vml.c:452:38: warning: variable 'bottom' set but not used [-Wunused-but-set-variable]
#16 613.0      double dx, dy, left, right, top, bottom;
#16 613.0                                       ^~~~~~
#16 613.0 gvrender_core_vml.c:452:26: warning: variable 'right' set but not used [-Wunused-but-set-variable]
#16 613.0      double dx, dy, left, right, top, bottom;
#16 613.0                           ^~~~~
#16 613.0   CC       gvloadimage_core.lo
#16 613.0   CCLD     libgvplugin_core_C.la
#16 613.0 ar: `u' modifier ignored since `D' is the default (see `U')
#16 613.0   CCLD     libgvplugin_core.la
#16 613.0 ar: `u' modifier ignored since `D' is the default (see `U')
#16 613.0 make[5]: Entering directory '/tmp/RtmpBvoYlO/R.INSTALL9ef6625423b/Rgraphviz/src/graphviz/plugin/core'
#16 613.0  /bin/mkdir -p '/tmp/RtmpBvoYlO/R.INSTALL9ef6625423b/Rgraphviz/src/libunix/lib/graphviz'
#16 613.0  /bin/bash ../../libtool   --mode=install /usr/bin/install -c   libgvplugin_core.la '/tmp/RtmpBvoYlO/R.INSTALL9ef6625423b/Rgraphviz/src/libunix/lib/graphviz'
#16 613.0 libtool: install: /usr/bin/install -c .libs/libgvplugin_core.lai /tmp/RtmpBvoYlO/R.INSTALL9ef6625423b/Rgraphviz/src/libunix/lib/graphviz/libgvplugin_core.la
#16 613.0 libtool: install: /usr/bin/install -c .libs/libgvplugin_core.a /tmp/RtmpBvoYlO/R.INSTALL9ef6625423b/Rgraphviz/src/libunix/lib/graphviz/libgvplugin_core.a
#16 613.0 libtool: install: chmod 644 /tmp/RtmpBvoYlO/R.INSTALL9ef6625423b/Rgraphviz/src/libunix/lib/graphviz/libgvplugin_core.a
#16 613.0 libtool: install: ranlib /tmp/RtmpBvoYlO/R.INSTALL9ef6625423b/Rgraphviz/src/libunix/lib/graphviz/libgvplugin_core.a
#16 613.0 libtool: finish: PATH="/usr/local/sbin:/usr/local/bin:/usr/sbin:/usr/bin:/sbin:/bin:/sbin" ldconfig -n /tmp/RtmpBvoYlO/R.INSTALL9ef6625423b/Rgraphviz/src/libunix/lib/graphviz
#16 613.0 ----------------------------------------------------------------------
#16 613.0 Libraries have been installed in:
#16 613.0    /tmp/RtmpBvoYlO/R.INSTALL9ef6625423b/Rgraphviz/src/libunix/lib/graphviz
#16 613.0 
#16 613.0 If you ever happen to want to link against installed libraries
#16 613.0 in a given directory, LIBDIR, you must either use libtool, and
#16 613.0 specify the full pathname of the library, or use the `-LLIBDIR'
#16 613.0 flag during linking and do at least one of the following:
#16 613.0    - add LIBDIR to the `LD_LIBRARY_PATH' environment variable
#16 613.0      during execution
#16 613.0    - add LIBDIR to the `LD_RUN_PATH' environment variable
#16 613.0      during linking
#16 613.0    - use the `-Wl,-rpath -Wl,LIBDIR' linker flag
#16 613.0    - have your system administrator add LIBDIR to `/etc/ld.so.conf'
#16 613.0 
#16 613.0 See any operating system documentation about shared libraries for
#16 613.0 more information, such as the ld(1) and ld.so(8) manual pages.
#16 613.0 ----------------------------------------------------------------------
#16 613.0 make[5]: Nothing to be done for 'install-data-am'.
#16 613.0 make[5]: Leaving directory '/tmp/RtmpBvoYlO/R.INSTALL9ef6625423b/Rgraphviz/src/graphviz/plugin/core'
#16 613.0 make[4]: Leaving directory '/tmp/RtmpBvoYlO/R.INSTALL9ef6625423b/Rgraphviz/src/graphviz/plugin/core'
#16 613.0 Making install in dot_layout
#16 613.0 make[4]: Entering directory '/tmp/RtmpBvoYlO/R.INSTALL9ef6625423b/Rgraphviz/src/graphviz/plugin/dot_layout'
#16 613.0   CC       gvplugin_dot_layout.lo
#16 613.0   CC       gvlayout_dot_layout.lo
#16 613.0   CCLD     libgvplugin_dot_layout_C.la
#16 613.0 ar: `u' modifier ignored since `D' is the default (see `U')
#16 613.0   CCLD     libgvplugin_dot_layout.la
#16 613.0 ar: `u' modifier ignored since `D' is the default (see `U')
#16 613.0 make[5]: Entering directory '/tmp/RtmpBvoYlO/R.INSTALL9ef6625423b/Rgraphviz/src/graphviz/plugin/dot_layout'
#16 613.0  /bin/mkdir -p '/tmp/RtmpBvoYlO/R.INSTALL9ef6625423b/Rgraphviz/src/libunix/lib/graphviz'
#16 613.0  /bin/bash ../../libtool   --mode=install /usr/bin/install -c   libgvplugin_dot_layout.la '/tmp/RtmpBvoYlO/R.INSTALL9ef6625423b/Rgraphviz/src/libunix/lib/graphviz'
#16 613.0 libtool: install: /usr/bin/install -c .libs/libgvplugin_dot_layout.lai /tmp/RtmpBvoYlO/R.INSTALL9ef6625423b/Rgraphviz/src/libunix/lib/graphviz/libgvplugin_dot_layout.la
#16 613.0 libtool: install: /usr/bin/install -c .libs/libgvplugin_dot_layout.a /tmp/RtmpBvoYlO/R.INSTALL9ef6625423b/Rgraphviz/src/libunix/lib/graphviz/libgvplugin_dot_layout.a
#16 613.0 libtool: install: chmod 644 /tmp/RtmpBvoYlO/R.INSTALL9ef6625423b/Rgraphviz/src/libunix/lib/graphviz/libgvplugin_dot_layout.a
#16 613.0 libtool: install: ranlib /tmp/RtmpBvoYlO/R.INSTALL9ef6625423b/Rgraphviz/src/libunix/lib/graphviz/libgvplugin_dot_layout.a
#16 613.0 libtool: finish: PATH="/usr/local/sbin:/usr/local/bin:/usr/sbin:/usr/bin:/sbin:/bin:/sbin" ldconfig -n /tmp/RtmpBvoYlO/R.INSTALL9ef6625423b/Rgraphviz/src/libunix/lib/graphviz
#16 613.0 ----------------------------------------------------------------------
#16 613.0 Libraries have been installed in:
#16 613.0    /tmp/RtmpBvoYlO/R.INSTALL9ef6625423b/Rgraphviz/src/libunix/lib/graphviz
#16 613.0 
#16 613.0 If you ever happen to want to link against installed libraries
#16 613.0 in a given directory, LIBDIR, you must either use libtool, and
#16 613.0 specify the full pathname of the library, or use the `-LLIBDIR'
#16 613.0 flag during linking and do at least one of the following:
#16 613.0    - add LIBDIR to the `LD_LIBRARY_PATH' environment variable
#16 613.0      during execution
#16 613.0    - add LIBDIR to the `LD_RUN_PATH' environment variable
#16 613.0      during linking
#16 613.0    - use the `-Wl,-rpath -Wl,LIBDIR' linker flag
#16 613.0    - have your system administrator add LIBDIR to `/etc/ld.so.conf'
#16 613.0 
#16 613.0 See any operating system documentation about shared libraries for
#16 613.0 more information, such as the ld(1) and ld.so(8) manual pages.
#16 613.0 ----------------------------------------------------------------------
#16 613.0 make[5]: Nothing to be done for 'install-data-am'.
#16 613.0 make[5]: Leaving directory '/tmp/RtmpBvoYlO/R.INSTALL9ef6625423b/Rgraphviz/src/graphviz/plugin/dot_layout'
#16 613.0 make[4]: Leaving directory '/tmp/RtmpBvoYlO/R.INSTALL9ef6625423b/Rgraphviz/src/graphviz/plugin/dot_layout'
#16 613.0 Making install in neato_layout
#16 613.0 make[4]: Entering directory '/tmp/RtmpBvoYlO/R.INSTALL9ef6625423b/Rgraphviz/src/graphviz/plugin/neato_layout'
#16 613.0   CC       gvplugin_neato_layout.lo
#16 613.0   CC       gvlayout_neato_layout.lo
#16 613.0   CCLD     libgvplugin_neato_layout_C.la
#16 613.0 ar: `u' modifier ignored since `D' is the default (see `U')
#16 613.0   CCLD     libgvplugin_neato_layout.la
#16 613.0 ar: `u' modifier ignored since `D' is the default (see `U')
#16 613.0 make[5]: Entering directory '/tmp/RtmpBvoYlO/R.INSTALL9ef6625423b/Rgraphviz/src/graphviz/plugin/neato_layout'
#16 613.0  /bin/mkdir -p '/tmp/RtmpBvoYlO/R.INSTALL9ef6625423b/Rgraphviz/src/libunix/lib/graphviz'
#16 613.0  /bin/bash ../../libtool   --mode=install /usr/bin/install -c   libgvplugin_neato_layout.la '/tmp/RtmpBvoYlO/R.INSTALL9ef6625423b/Rgraphviz/src/libunix/lib/graphviz'
#16 613.0 libtool: install: /usr/bin/install -c .libs/libgvplugin_neato_layout.lai /tmp/RtmpBvoYlO/R.INSTALL9ef6625423b/Rgraphviz/src/libunix/lib/graphviz/libgvplugin_neato_layout.la
#16 613.0 libtool: install: /usr/bin/install -c .libs/libgvplugin_neato_layout.a /tmp/RtmpBvoYlO/R.INSTALL9ef6625423b/Rgraphviz/src/libunix/lib/graphviz/libgvplugin_neato_layout.a
#16 613.0 libtool: install: chmod 644 /tmp/RtmpBvoYlO/R.INSTALL9ef6625423b/Rgraphviz/src/libunix/lib/graphviz/libgvplugin_neato_layout.a
#16 613.0 libtool: install: ranlib /tmp/RtmpBvoYlO/R.INSTALL9ef6625423b/Rgraphviz/src/libunix/lib/graphviz/libgvplugin_neato_layout.a
#16 613.0 libtool: finish: PATH="/usr/local/sbin:/usr/local/bin:/usr/sbin:/usr/bin:/sbin:/bin:/sbin" ldconfig -n /tmp/RtmpBvoYlO/R.INSTALL9ef6625423b/Rgraphviz/src/libunix/lib/graphviz
#16 613.0 ----------------------------------------------------------------------
#16 613.0 Libraries have been installed in:
#16 613.0    /tmp/RtmpBvoYlO/R.INSTALL9ef6625423b/Rgraphviz/src/libunix/lib/graphviz
#16 613.0 
#16 613.0 If you ever happen to want to link against installed libraries
#16 613.0 in a given directory, LIBDIR, you must either use libtool, and
#16 613.0 specify the full pathname of the library, or use the `-LLIBDIR'
#16 613.0 flag during linking and do at least one of the following:
#16 613.0    - add LIBDIR to the `LD_LIBRARY_PATH' environment variable
#16 613.0      during execution
#16 613.0    - add LIBDIR to the `LD_RUN_PATH' environment variable
#16 613.0      during linking
#16 613.0    - use the `-Wl,-rpath -Wl,LIBDIR' linker flag
#16 613.0    - have your system administrator add LIBDIR to `/etc/ld.so.conf'
#16 613.0 
#16 613.0 See any operating system documentation about shared libraries for
#16 613.0 more information, such as the ld(1) and ld.so(8) manual pages.
#16 613.0 ----------------------------------------------------------------------
#16 613.0 make[5]: Nothing to be done for 'install-data-am'.
#16 613.0 make[5]: Leaving directory '/tmp/RtmpBvoYlO/R.INSTALL9ef6625423b/Rgraphviz/src/graphviz/plugin/neato_layout'
#16 613.0 make[4]: Leaving directory '/tmp/RtmpBvoYlO/R.INSTALL9ef6625423b/Rgraphviz/src/graphviz/plugin/neato_layout'
#16 613.0 make[4]: Entering directory '/tmp/RtmpBvoYlO/R.INSTALL9ef6625423b/Rgraphviz/src/graphviz/plugin'
#16 613.0 make[5]: Entering directory '/tmp/RtmpBvoYlO/R.INSTALL9ef6625423b/Rgraphviz/src/graphviz/plugin'
#16 613.0 make[5]: Nothing to be done for 'install-exec-am'.
#16 613.0 make[5]: Nothing to be done for 'install-data-am'.
#16 613.0 make[5]: Leaving directory '/tmp/RtmpBvoYlO/R.INSTALL9ef6625423b/Rgraphviz/src/graphviz/plugin'
#16 613.0 make[4]: Leaving directory '/tmp/RtmpBvoYlO/R.INSTALL9ef6625423b/Rgraphviz/src/graphviz/plugin'
#16 613.0 make[3]: Leaving directory '/tmp/RtmpBvoYlO/R.INSTALL9ef6625423b/Rgraphviz/src/graphviz/plugin'
#16 613.0 make[3]: Entering directory '/tmp/RtmpBvoYlO/R.INSTALL9ef6625423b/Rgraphviz/src/graphviz'
#16 613.0 make[4]: Entering directory '/tmp/RtmpBvoYlO/R.INSTALL9ef6625423b/Rgraphviz/src/graphviz'
#16 613.0 make[4]: Nothing to be done for 'install-exec-am'.
#16 613.0  /bin/mkdir -p '/tmp/RtmpBvoYlO/R.INSTALL9ef6625423b/Rgraphviz/src/libunix/share/man/man7'
#16 613.0  /usr/bin/install -c -m 644 graphviz.7 '/tmp/RtmpBvoYlO/R.INSTALL9ef6625423b/Rgraphviz/src/libunix/share/man/man7'
#16 613.0  /bin/mkdir -p '/tmp/RtmpBvoYlO/R.INSTALL9ef6625423b/Rgraphviz/src/libunix/include/graphviz'
#16 613.0  /usr/bin/install -c -m 644 graphviz_version.h '/tmp/RtmpBvoYlO/R.INSTALL9ef6625423b/Rgraphviz/src/libunix/include/graphviz'
#16 613.0  /bin/mkdir -p '/tmp/RtmpBvoYlO/R.INSTALL9ef6625423b/Rgraphviz/src/libunix/share/graphviz/doc'
#16 613.0  /usr/bin/install -c -m 644 AUTHORS COPYING ChangeLog NEWS cpl1.0.txt '/tmp/RtmpBvoYlO/R.INSTALL9ef6625423b/Rgraphviz/src/libunix/share/graphviz/doc'
#16 613.0 make[4]: Leaving directory '/tmp/RtmpBvoYlO/R.INSTALL9ef6625423b/Rgraphviz/src/graphviz'
#16 613.0 make[3]: Leaving directory '/tmp/RtmpBvoYlO/R.INSTALL9ef6625423b/Rgraphviz/src/graphviz'
#16 613.0 make[2]: Leaving directory '/tmp/RtmpBvoYlO/R.INSTALL9ef6625423b/Rgraphviz/src/graphviz'
#16 613.0 make[1]: Leaving directory '/tmp/RtmpBvoYlO/R.INSTALL9ef6625423b/Rgraphviz/src/graphviz'
#16 613.0 cp: -r not specified; omitting directory '/tmp/RtmpBvoYlO/R.INSTALL9ef6625423b/Rgraphviz/src/libunix/lib/graphviz'
#16 613.0 cp: -r not specified; omitting directory '/tmp/RtmpBvoYlO/R.INSTALL9ef6625423b/Rgraphviz/src/libunix/lib/pkgconfig'
#16 613.0 checking for grep that handles long lines and -e... /bin/grep
#16 613.0 checking for egrep... /bin/grep -E
#16 613.0 checking for ANSI C header files... yes
#16 613.0 checking for sys/types.h... yes
#16 613.0 checking for sys/stat.h... yes
#16 613.0 checking for stdlib.h... yes
#16 613.0 checking for string.h... yes
#16 613.0 checking for memory.h... yes
#16 613.0 checking for strings.h... yes
#16 613.0 checking for inttypes.h... yes
#16 613.0 checking for stdint.h... yes
#16 613.0 checking for unistd.h... yes
#16 613.0 checking zlib.h usability... yes
#16 613.0 checking zlib.h presence... yes
#16 613.0 checking for zlib.h... yes
#16 613.0 checking for deflateBound in -lz... yes
#16 613.0 checking for stdbool.h that conforms to C99... yes
#16 613.0 checking for _Bool... yes
#16 613.0 checking for whether compiler has bool... yes
#16 613.0 configure: Using the following compilation and linking flags for Rgraphviz
#16 613.0 configure:    PKG_CFLAGS= -I/tmp/RtmpBvoYlO/R.INSTALL9ef6625423b/Rgraphviz/src/libunix/include/graphviz
#16 613.0 configure:    PKG_LIBS=libxdot.a libgvplugin_dot_layout.a libgvplugin_neato_layout.a libgvplugin_core.a libgvc.a libpathplan.a libgraph.a libcdt.a -lz
#16 613.0 configure:    GVIZ_DEFS=-DGRAPHVIZ_MAJOR=2 -DGRAPHVIZ_MINOR=28 -DGRAPHVIZ_STATIC -DHAVE_STDBOOL_H=1 -DHAVE_BOOL=1
#16 613.0 configure: Compiling using Graphviz version: '2.28.0'.
#16 613.0 configure: Using bundled Graphviz: 'TRUE'.
#16 613.0 configure: creating ./config.status
#16 613.0 config.status: creating R/graphviz_build_version.R
#16 613.0 config.status: creating src/Makevars
#16 613.0 ** libs
#16 613.0 make[1]: Entering directory '/tmp/RtmpBvoYlO/R.INSTALL9ef6625423b/Rgraphviz/src'
#16 613.0 gcc -std=gnu99 -I"/usr/share/R/include" -DNDEBUG    -I/tmp/RtmpBvoYlO/R.INSTALL9ef6625423b/Rgraphviz/src/libunix/include/graphviz -DGRAPHVIZ_MAJOR=2 -DGRAPHVIZ_MINOR=28 -DGRAPHVIZ_STATIC -DHAVE_STDBOOL_H=1 -DHAVE_BOOL=1 -fpic  -g -O2 -fdebug-prefix-map=/build/r-base-V28x5H/r-base-3.6.3=. -fstack-protector-strong -Wformat -Werror=format-security -Wdate-time -D_FORTIFY_SOURCE=2 -g  -c LL_funcs.c -o LL_funcs.o
#16 613.0 gcc -std=gnu99 -I"/usr/share/R/include" -DNDEBUG    -I/tmp/RtmpBvoYlO/R.INSTALL9ef6625423b/Rgraphviz/src/libunix/include/graphviz -DGRAPHVIZ_MAJOR=2 -DGRAPHVIZ_MINOR=28 -DGRAPHVIZ_STATIC -DHAVE_STDBOOL_H=1 -DHAVE_BOOL=1 -fpic  -g -O2 -fdebug-prefix-map=/build/r-base-V28x5H/r-base-3.6.3=. -fstack-protector-strong -Wformat -Werror=format-security -Wdate-time -D_FORTIFY_SOURCE=2 -g  -c Rgraphviz.c -o Rgraphviz.o
#16 613.0 gcc -std=gnu99 -I"/usr/share/R/include" -DNDEBUG    -I/tmp/RtmpBvoYlO/R.INSTALL9ef6625423b/Rgraphviz/src/libunix/include/graphviz -DGRAPHVIZ_MAJOR=2 -DGRAPHVIZ_MINOR=28 -DGRAPHVIZ_STATIC -DHAVE_STDBOOL_H=1 -DHAVE_BOOL=1 -fpic  -g -O2 -fdebug-prefix-map=/build/r-base-V28x5H/r-base-3.6.3=. -fstack-protector-strong -Wformat -Werror=format-security -Wdate-time -D_FORTIFY_SOURCE=2 -g  -c RgraphvizInit.c -o RgraphvizInit.o
#16 613.0 gcc -std=gnu99 -I"/usr/share/R/include" -DNDEBUG    -I/tmp/RtmpBvoYlO/R.INSTALL9ef6625423b/Rgraphviz/src/libunix/include/graphviz -DGRAPHVIZ_MAJOR=2 -DGRAPHVIZ_MINOR=28 -DGRAPHVIZ_STATIC -DHAVE_STDBOOL_H=1 -DHAVE_BOOL=1 -fpic  -g -O2 -fdebug-prefix-map=/build/r-base-V28x5H/r-base-3.6.3=. -fstack-protector-strong -Wformat -Werror=format-security -Wdate-time -D_FORTIFY_SOURCE=2 -g  -c agopen.c -o agopen.o
#16 613.0 gcc -std=gnu99 -I"/usr/share/R/include" -DNDEBUG    -I/tmp/RtmpBvoYlO/R.INSTALL9ef6625423b/Rgraphviz/src/libunix/include/graphviz -DGRAPHVIZ_MAJOR=2 -DGRAPHVIZ_MINOR=28 -DGRAPHVIZ_STATIC -DHAVE_STDBOOL_H=1 -DHAVE_BOOL=1 -fpic  -g -O2 -fdebug-prefix-map=/build/r-base-V28x5H/r-base-3.6.3=. -fstack-protector-strong -Wformat -Werror=format-security -Wdate-time -D_FORTIFY_SOURCE=2 -g  -c agread.c -o agread.o
#16 613.0 gcc -std=gnu99 -I"/usr/share/R/include" -DNDEBUG    -I/tmp/RtmpBvoYlO/R.INSTALL9ef6625423b/Rgraphviz/src/libunix/include/graphviz -DGRAPHVIZ_MAJOR=2 -DGRAPHVIZ_MINOR=28 -DGRAPHVIZ_STATIC -DHAVE_STDBOOL_H=1 -DHAVE_BOOL=1 -fpic  -g -O2 -fdebug-prefix-map=/build/r-base-V28x5H/r-base-3.6.3=. -fstack-protector-strong -Wformat -Werror=format-security -Wdate-time -D_FORTIFY_SOURCE=2 -g  -c agwrite.c -o agwrite.o
#16 613.0 gcc -std=gnu99 -I"/usr/share/R/include" -DNDEBUG    -I/tmp/RtmpBvoYlO/R.INSTALL9ef6625423b/Rgraphviz/src/libunix/include/graphviz -DGRAPHVIZ_MAJOR=2 -DGRAPHVIZ_MINOR=28 -DGRAPHVIZ_STATIC -DHAVE_STDBOOL_H=1 -DHAVE_BOOL=1 -fpic  -g -O2 -fdebug-prefix-map=/build/r-base-V28x5H/r-base-3.6.3=. -fstack-protector-strong -Wformat -Werror=format-security -Wdate-time -D_FORTIFY_SOURCE=2 -g  -c bezier.c -o bezier.o
#16 613.0 gcc -std=gnu99 -I"/usr/share/R/include" -DNDEBUG    -I/tmp/RtmpBvoYlO/R.INSTALL9ef6625423b/Rgraphviz/src/libunix/include/graphviz -DGRAPHVIZ_MAJOR=2 -DGRAPHVIZ_MINOR=28 -DGRAPHVIZ_STATIC -DHAVE_STDBOOL_H=1 -DHAVE_BOOL=1 -fpic  -g -O2 -fdebug-prefix-map=/build/r-base-V28x5H/r-base-3.6.3=. -fstack-protector-strong -Wformat -Werror=format-security -Wdate-time -D_FORTIFY_SOURCE=2 -g  -c buildEdgeList.c -o buildEdgeList.o
#16 613.0 gcc -std=gnu99 -I"/usr/share/R/include" -DNDEBUG    -I/tmp/RtmpBvoYlO/R.INSTALL9ef6625423b/Rgraphviz/src/libunix/include/graphviz -DGRAPHVIZ_MAJOR=2 -DGRAPHVIZ_MINOR=28 -DGRAPHVIZ_STATIC -DHAVE_STDBOOL_H=1 -DHAVE_BOOL=1 -fpic  -g -O2 -fdebug-prefix-map=/build/r-base-V28x5H/r-base-3.6.3=. -fstack-protector-strong -Wformat -Werror=format-security -Wdate-time -D_FORTIFY_SOURCE=2 -g  -c buildNodeList.c -o buildNodeList.o
#16 613.0 gcc -std=gnu99 -I"/usr/share/R/include" -DNDEBUG    -I/tmp/RtmpBvoYlO/R.INSTALL9ef6625423b/Rgraphviz/src/libunix/include/graphviz -DGRAPHVIZ_MAJOR=2 -DGRAPHVIZ_MINOR=28 -DGRAPHVIZ_STATIC -DHAVE_STDBOOL_H=1 -DHAVE_BOOL=1 -fpic  -g -O2 -fdebug-prefix-map=/build/r-base-V28x5H/r-base-3.6.3=. -fstack-protector-strong -Wformat -Werror=format-security -Wdate-time -D_FORTIFY_SOURCE=2 -g  -c doLayout.c -o doLayout.o
#16 613.0 gcc -std=gnu99 -I"/usr/share/R/include" -DNDEBUG    -I/tmp/RtmpBvoYlO/R.INSTALL9ef6625423b/Rgraphviz/src/libunix/include/graphviz -DGRAPHVIZ_MAJOR=2 -DGRAPHVIZ_MINOR=28 -DGRAPHVIZ_STATIC -DHAVE_STDBOOL_H=1 -DHAVE_BOOL=1 -fpic  -g -O2 -fdebug-prefix-map=/build/r-base-V28x5H/r-base-3.6.3=. -fstack-protector-strong -Wformat -Werror=format-security -Wdate-time -D_FORTIFY_SOURCE=2 -g  -c graphvizVersion.c -o graphvizVersion.o
#16 613.0 gcc -std=gnu99 -I"/usr/share/R/include" -DNDEBUG    -I/tmp/RtmpBvoYlO/R.INSTALL9ef6625423b/Rgraphviz/src/libunix/include/graphviz -DGRAPHVIZ_MAJOR=2 -DGRAPHVIZ_MINOR=28 -DGRAPHVIZ_STATIC -DHAVE_STDBOOL_H=1 -DHAVE_BOOL=1 -fpic  -g -O2 -fdebug-prefix-map=/build/r-base-V28x5H/r-base-3.6.3=. -fstack-protector-strong -Wformat -Werror=format-security -Wdate-time -D_FORTIFY_SOURCE=2 -g  -c init.c -o init.o
#16 613.0 gcc -std=gnu99 -shared -L/usr/lib/R/lib -Wl,-Bsymbolic-functions -Wl,-z,relro -o Rgraphviz.so LL_funcs.o Rgraphviz.o RgraphvizInit.o agopen.o agread.o agwrite.o bezier.o buildEdgeList.o buildNodeList.o doLayout.o graphvizVersion.o init.o libxdot.a libgvplugin_dot_layout.a libgvplugin_neato_layout.a libgvplugin_core.a libgvc.a libpathplan.a libgraph.a libcdt.a -lz -L/usr/lib/R/lib -lR
#16 613.0 make[1]: Leaving directory '/tmp/RtmpBvoYlO/R.INSTALL9ef6625423b/Rgraphviz/src'
#16 613.0 installing to /usr/local/lib/R/site-library/00LOCK-Rgraphviz/00new/Rgraphviz/libs
#16 613.0 ** R
#16 613.0 ** inst
#16 613.0 ** byte-compile and prepare package for lazy loading
#16 613.0 ** help
#16 613.0 *** installing help indices
#16 613.0 ** building package indices
#16 613.0 ** installing vignettes
#16 613.0 ** testing if installed package can be loaded from temporary location
#16 613.0 ** checking absolute paths in shared objects and dynamic libraries
#16 613.0 ** testing if installed package can be loaded from final location
#16 613.0 ** testing if installed package keeps a record of temporary installation path
#16 613.0 * DONE (Rgraphviz)
#16 613.0 
#16 613.0 The downloaded source packages are in
#16 613.0 	‘/tmp/RtmpELq8Vo/downloaded_packages’
#16 613.0 
#16 613.0 ===== verification =====
#16 616.1 All 33 required R packages installed and loadable.
#16 616.1 Total packages in library: 133
#16 DONE 616.2s

#17 [13/18] RUN RPKG_MODE=optional Rscript /tmp/install_r_packages.R;     rm -f /tmp/install_r_packages.R
#17 0.416 == R 3.6.3 | CRAN snapshot 2020-04-01 | Bioc 3.10 | mode: optional | cores: 12 ==
#17 0.468 
#17 0.468 == Installing optional packages (5 roots): png, corrplot, shiny, hashmap, randomForest
#17 0.473 Installing packages into ‘/usr/local/lib/R/site-library’
#17 0.473 (as ‘lib’ is unspecified)
#17 151.0 Warning: package ‘hashmap’ is not available (for R version 3.6.3)
#17 151.0 also installing the dependencies ‘httpuv’, ‘mime’, ‘jsonlite’, ‘htmltools’, ‘sourcetools’, ‘later’, ‘promises’, ‘fastmap’
#17 151.0 
#17 151.0 trying URL 'https://packagemanager.posit.co/cran/__linux__/bionic/2020-04-01/src/contrib/httpuv_1.5.2.tar.gz'
#17 152.9 Content type 'binary/octet-stream' length 4148084 bytes (4.0 MB)
#17 152.9 ==================================================
#17 153.0 downloaded 4.0 MB
#17 153.0 
#17 153.0 trying URL 'https://packagemanager.posit.co/cran/__linux__/bionic/2020-04-01/src/contrib/mime_0.9.tar.gz'
#17 154.5 Content type 'binary/octet-stream' length 37124 bytes (36 KB)
#17 154.5 ==================================================
#17 154.5 downloaded 36 KB
#17 154.5 
#17 154.5 trying URL 'https://packagemanager.posit.co/cran/__linux__/bionic/2020-04-01/src/contrib/jsonlite_1.6.1.tar.gz'
#17 155.9 Content type 'binary/octet-stream' length 1160064 bytes (1.1 MB)
#17 155.9 ==================================================
#17 156.0 downloaded 1.1 MB
#17 156.0 
#17 156.0 trying URL 'https://packagemanager.posit.co/cran/__linux__/bionic/2020-04-01/src/contrib/htmltools_0.4.0.tar.gz'
#17 157.6 Content type 'binary/octet-stream' length 460858 bytes (450 KB)
#17 157.6 ==================================================
#17 157.7 downloaded 450 KB
#17 157.7 
#17 157.7 trying URL 'https://packagemanager.posit.co/cran/__linux__/bionic/2020-04-01/src/contrib/sourcetools_0.1.7.tar.gz'
#17 159.1 Content type 'binary/octet-stream' length 160736 bytes (156 KB)
#17 159.1 ==================================================
#17 159.1 downloaded 156 KB
#17 159.1 
#17 159.1 trying URL 'https://packagemanager.posit.co/cran/__linux__/bionic/2020-04-01/src/contrib/later_1.0.0.tar.gz'
#17 160.7 Content type 'binary/octet-stream' length 848885 bytes (828 KB)
#17 160.7 ==================================================
#17 160.8 downloaded 828 KB
#17 160.8 
#17 160.8 trying URL 'https://packagemanager.posit.co/cran/__linux__/bionic/2020-04-01/src/contrib/promises_1.1.0.tar.gz'
#17 162.2 Content type 'binary/octet-stream' length 1548675 bytes (1.5 MB)
#17 162.2 ==================================================
#17 162.3 downloaded 1.5 MB
#17 162.3 
#17 162.3 trying URL 'https://packagemanager.posit.co/cran/__linux__/bionic/2020-04-01/src/contrib/fastmap_1.0.1.tar.gz'
#17 164.0 Content type 'binary/octet-stream' length 184412 bytes (180 KB)
#17 164.0 ==================================================
#17 164.0 downloaded 180 KB
#17 164.0 
#17 164.0 trying URL 'https://packagemanager.posit.co/cran/__linux__/bionic/2020-04-01/src/contrib/png_0.1-7.tar.gz'
#17 165.4 Content type 'binary/octet-stream' length 56165 bytes (54 KB)
#17 165.4 ==================================================
#17 165.5 downloaded 54 KB
#17 165.5 
#17 165.5 trying URL 'https://packagemanager.posit.co/cran/__linux__/bionic/2020-04-01/src/contrib/corrplot_0.84.tar.gz'
#17 166.9 Content type 'binary/octet-stream' length 5448069 bytes (5.2 MB)
#17 166.9 ==================================================
#17 167.2 downloaded 5.2 MB
#17 167.2 
#17 167.2 trying URL 'https://packagemanager.posit.co/cran/__linux__/bionic/2020-04-01/src/contrib/shiny_1.4.0.2.tar.gz'
#17 168.6 Content type 'binary/octet-stream' length 4879583 bytes (4.7 MB)
#17 168.6 ==================================================
#17 168.8 downloaded 4.7 MB
#17 168.8 
#17 168.8 trying URL 'https://packagemanager.posit.co/cran/__linux__/bionic/2020-04-01/src/contrib/randomForest_4.6-14.tar.gz'
#17 170.2 Content type 'binary/octet-stream' length 247345 bytes (241 KB)
#17 170.2 ==================================================
#17 170.3 downloaded 241 KB
#17 170.3 
#17 171.7 begin installing package ‘mime’
#17 171.7 begin installing package ‘jsonlite’
#17 171.7 begin installing package ‘htmltools’
#17 171.7 begin installing package ‘sourcetools’
#17 171.7 begin installing package ‘later’
#17 171.7 begin installing package ‘fastmap’
#17 171.7 begin installing package ‘png’
#17 171.7 begin installing package ‘corrplot’
#17 171.7 begin installing package ‘randomForest’
#17 172.1 * installing *binary* package ‘png’ ...
#17 172.1 * DONE (png)
#17 172.1 * installing *binary* package ‘mime’ ...
#17 172.1 * DONE (mime)
#17 172.1 * installing *binary* package ‘randomForest’ ...
#17 172.1 * DONE (randomForest)
#17 172.2 * installing *binary* package ‘htmltools’ ...
#17 172.2 * DONE (htmltools)
#17 172.2 * installing *binary* package ‘sourcetools’ ...
#17 172.2 * DONE (sourcetools)
#17 172.2 * installing *binary* package ‘fastmap’ ...
#17 172.2 * DONE (fastmap)
#17 172.3 * installing *binary* package ‘later’ ...
#17 172.3 * DONE (later)
#17 172.3 begin installing package ‘promises’
#17 172.3 * installing *binary* package ‘jsonlite’ ...
#17 172.3 * DONE (jsonlite)
#17 172.5 * installing *binary* package ‘corrplot’ ...
#17 172.5 * DONE (corrplot)
#17 172.8 * installing *binary* package ‘promises’ ...
#17 172.8 * DONE (promises)
#17 172.8 begin installing package ‘httpuv’
#17 173.6 * installing *binary* package ‘httpuv’ ...
#17 173.6 * DONE (httpuv)
#17 173.6 begin installing package ‘shiny’
#17 174.5 * installing *binary* package ‘shiny’ ...
#17 174.5 * DONE (shiny)
#17 174.5 
#17 174.5 The downloaded source packages are in
#17 174.5 	‘/tmp/RtmpNTnwDD/downloaded_packages’
#17 174.8 NOTE: optional packages unavailable:
#17 174.8   - hashmap: package not installed
#17 DONE 174.9s

#18 [14/18] RUN wget -qO /tmp/node.tar.xz         "https://nodejs.org/dist/v14.21.3/node-v14.21.3-linux-x64.tar.xz" &&     tar -xJf /tmp/node.tar.xz -C /usr/local --strip-components=1         --exclude=CHANGELOG.md --exclude=LICENSE --exclude=README.md &&     rm -f /tmp/node.tar.xz &&     ln -sf /usr/local/bin/node /usr/local/bin/nodejs &&     node --version && nodejs --version && npm --version
#18 4.630 v14.21.3
#18 4.634 v14.21.3
#18 4.826 6.14.18
#18 DONE 5.0s

#19 [15/18] RUN mkdir -p /var/run/mysqld /work /codeface &&     chown -R mysql:mysql /var/run/mysqld
#19 DONE 0.2s

#20 [16/18] COPY start_services.sh /usr/local/bin/start_services.sh
#20 DONE 0.0s

#21 [17/18] RUN chmod +x /usr/local/bin/start_services.sh
#21 DONE 0.2s

#22 [18/18] WORKDIR /codeface
#22 DONE 0.0s

#23 exporting to image
#23 exporting layers
#23 exporting layers 2.8s done
#23 writing image sha256:2437b1eadc1a782237a9f9c45dd91c4958ff99e351ce72dfca7257129e78e89e done
#23 naming to docker.io/library/codeface:verify done
#23 DONE 2.8s
